corpus,ficha_id,nombre,categoria,laminas,estados,relatos,panregional,nota
"amazonia-mestizo-mixto","chullachaqui","Chullachaqui / Chuya-Chaki / Chuyachaque","criatura","1","andar de pie desigual","2","","Conduce la acción en dos páginas: se sienta en la aldea de Ahuanari disfrazado de forastero, desaparece detrás de la maloca y extravía a los cazadores con el eco del maguaré. El relato le da cuerpo completo: apenas más de un metro, sombrero de paja grande, rostro arrugado, nariz prominente, orejas puntiagudas, ojos rojos en la penumbra, harapos, un pie humano y otro animal. NO es panregional en el sentido del censo: es panamazónico (Perú, Brasil, Colombia), no aparece en los otros trece corpus nacionales; lo dejo en false y lo anoto para que el editor no lo confunda con el Mohán. El rostro de doble cara de «el-chuy-achaque» se resuelve como variante de cabeza dentro de esta misma hoja, no como modelo aparte."
"amazonia-mestizo-mixto","curupira","Curupira","criatura","1","","1","","Figura distinta del Chullachaqui aunque comparta función: niño pequeño de cabello rojo llameante y pies volteados hacia atrás, risa que desorienta. Conduce dos episodios (pacto con Tiago, castigo a João). La silueta de pies invertidos es incompatible con el pie desigual del Chullachaqui, así que no se fusionan. Panregional false: es tupí-guaraní recibida, no figura del repertorio nacional colombiano."
"amazonia-mestizo-mixto","taife_madre_de_monte","Taife, la Madre de Monte","criatura","1","","1","si","Es la Madremonte en versión amazónica y por eso va marcada. Lo amazónico de esta versión: no es la guardiana vegetal cubierta de hojas y musgo que castiga al que daña el monte, sino una DEPREDADORA doméstica —anciana con la piel cubierta de montículos de niguas que llega a la aldea cuando los adultos están en la chacra, cambia ñame por que los niños le saquen las larvas, y se venga con una red y una ortiga cuando le parten el bastón. Se la expulsa con humo de ají, no con tabaco ni bejucos. El editor debe decidir si hace ficha nacional con variante amazónica o ficha propia: la silueta (vieja de las niguas) no se parece a la Madremonte andina. El relato reporta que a veces aparece como niño travieso, pero no la muestra actuando así, así que no le cuento hoja de estado."
"amazonia-mestizo-mixto","madre_de_playa","Madre de Playa","criatura","1","","1","si","El propio expediente la liga a la Madre de Agua / Madre del Río que circula en varias regiones de Colombia, por eso la marco. Lo amazónico: aparece a medianoche en playa FLUVIAL (no de mar) y se lleva a la gente «bajo el río»; de la cintura para arriba mujer de pelo amarillo con ojos color mutis comparados con los del paucara, de la cintura para abajo pez, y su instrumento es una guitarra, no el canto puro. La guitarra va dentro de esta misma hoja porque es su atributo, no un objeto suelto. Las runas grabadas que aparecen en el relato las descarto: el propio research_notes dice que se retiraron por no estar respaldadas."
"amazonia-mestizo-mixto","bufeo_colorado","Bufeo colorado / delfín rosado y su forma humana","criatura","2","delfín rosado en el río | hombre de blanco con sombrero calado","2","","Dos hojas porque el relato MUESTRA las dos siluetas y la bisagra entre ellas es el argumento: el hombre elegante que seduce en la fiesta ribereña, se le cae el sombrero, se ve el espiráculo, la chaqueta se vuelve cardumen, el cinturón boa y los zapatos peces. La segunda página (yacuruna) reutiliza exactamente estas dos formas —el delfín y el joven de rostro noble que corteja—, así que absorbo allí esos dos cuerpos y dejo a Yacuruna sólo su imagen propia."
"amazonia-mestizo-mixto","yacuruna","Yacu-Runa, jinete del caimán negro","deidad_fuerza","1","","1","","Le ficho únicamente lo que no cubre el bufeo: el señor del agua avanzando de noche montado en un cocodrilo negro con una serpiente enroscada al cuello. Ésa es la imagen por la que se cuenta el relato. Su forma de delfín y su forma de joven seductor quedan absorbidas por la ficha del bufeo, que es el mismo cuerpo; ficharlas dos veces sería pagar dos veces el mismo modelo."
"amazonia-mestizo-mixto","cotomachaco","Cotomachaco, la boa de dos cabezas","criatura","1","","1","","No se puede cubrir con la hoja de boa: es una sola criatura con una cabeza arriba, apostada en copa de árbol de más de cincuenta metros, y otra abajo a ras de tierra, con la barriga hinchada de presas. Conduce la acción —imita el grito del coto con su wo, wo, wo para atraer al cazador y le deja la escopeta tirada— y es el escenario y el argumento a la vez."
"amazonia-mestizo-mixto","cobra_grande_hermana","La hermana culebra (Cobra Grande)","criatura","1","","1","","Culebra gigantesca que envuelve la canoa, se traga a José Sangam y queda tendida en la playa como ballena varada cuando le abren el vientre. No la cubro con la hoja de boa porque su escala y su vientre habitable son el escenario del relato. El interior del vientre —sombras, ecos y un venado vivo adentro— se resuelve dentro de esta misma hoja como sección en corte, no como lugar aparte."
"amazonia-mestizo-mixto","honorato_cobragrande","Honorato Cobragrande","personaje","1","ojo con ceguera parcial tras el desencanto","1","","Hombre encantado que decide romper el lazo con el río y enfrentar a su hermana; queda con el ojo marcado como señal del tránsito. Su forma de nave luminosa que emerge a medianoche la absorbe la hoja de canoa y balsa, porque lo que hay que modelar es una embarcación que brilla, no un segundo cuerpo humano."
"amazonia-mestizo-mixto","criaturas_del_camino_de_taik","Criaturas del camino de Taik","criatura","2","diablo que suplanta al tío Neimuada, ojos como tizones y manos con luz extraña | demonio de cabeza desproporcionada y cuerpo alargado","1","","Taik encadena cuatro encuentros monstruosos en un solo relato. Dos hojas cubren las dos siluetas realmente descritas: el suplantador luminoso y el cabezón del milpeso. El ciempiés gigantesco que retumba como tractor y el hombre cuyo cazabe brota de su propia podredumbre se resuelven dentro de estas dos hojas como variantes de cuerpo, porque son apariciones de una sola página y no reaparecen. Al último, indicar al modelo que se insinúe sin explicitar la podredumbre."
"amazonia-mestizo-mixto","heechumeru","He'echúmeru, madre de las pirañas","deidad_fuerza","1","","1","","Segunda protagonista del ciclo: humilla a Kanumá, hiere con un bastón de rabia las canillas de las piñas para madurarlas, transforma la guacamaya con barro sagrado y enseña el manejo de la coca. ADVERTENCIA para el modelo: el relato NO le describe cuerpo, sólo poder y bastón. Hay que resolverla como mujer-dueña del río sin añadirle rasgos de piraña, que serían invención."
"amazonia-mestizo-mixto","hija_venenosa_de_novuideitoma","La hija con serpientes y alacranes en el cuerpo","criatura","1","","1","","Es el objeto del relato: la joven que el padre ofrece a los pretendientes y que los mata porque lleva serpientes y alacranes ocultos en el cuerpo. Ese rasgo sí es visual y explícito, y es lo único que la distingue de cualquier joven de la maloca. Las serpientes y alacranes van dentro de esta hoja, no sueltos."
"amazonia-mestizo-mixto","fusinamuy","Fusiñamuy","deidad_fuerza","1","","1","","Anciano deificado que aparece en la cima cuando ya fracasó el sacrificio y detiene el agua tocándola con su bastón. El relato sí le da cuerpo —piel como corteza de árbol viejo, mirada que penetra más allá de las aguas—, así que hay con qué dibujarlo sin inventar. El bastón va en la hoja de utilería del encanto porque lo comparte con Taife."
"amazonia-mestizo-mixto","kaamari","Ka'amari (Wihimi)","personaje","1","","1","","Única ficha propia de la saga Matapí, que trae dieciocho nombres masculinos casi intercambiables. Ka'amari se distingue: nace en el regazo de un árbol wiri con rabo, se alza como líder, envejece hasta la profecía de los blancos y desaparece envuelto en su camisa entre el humo. Su pensamiento-tigre guardián se cubre con la hoja del tigre, no con una hoja propia. Todo el resto del linaje —Himuri, Maka'u, Kalahimael, Kumayá, Papukúa, Tupía, Kerahipo, Kerámoa, Kwatá— se resuelve con variantes de guerrero en la hoja del pueblo ribereño: dieciocho fichas para una sola página sería el error más caro de este censo."
"amazonia-mestizo-mixto","monalla_jurama","Monalla Jurama, el cacique tuerto","personaje","1","","1","","Cacique que arma la trampa de estacas bajo el Palo-de-la-Abundancia y pierde un ojo que se va al Oriente y queda como estrella matutina. El ojo perdido es su marca visual y la razón del relato; la estrella misma la cubre la hoja de astros."
"amazonia-mestizo-mixto","monalla_tirisa","Monalla Tirisa","personaje","1","","1","","Conduce el relato entero: ama en secreto a un dios en forma de lombriz, queda embarazada, recibe la instrucción de la espuma en sueños, cría el árbol a escondidas y decide cuándo alimentar a los suyos. La dejo con hoja propia y no dentro del pueblo ribereño porque sostiene sola una página completa y su continuidad importa en las tres escenas del tríptico."
"amazonia-mestizo-mixto","kanuma_forastero","Kanumá","personaje","1","","1","","Forastero que llega sin lugar donde vivir, roba el objeto prohibido, provoca la partida de las mujeres y la infertilidad de las chagras, y luego aprende a golpes de humillación. Sostiene el ciclo más largo del corpus."
"amazonia-mestizo-mixto","lyamatuna","Las Lyamátuna","colectivo","1","","1","","Colectivo con cuerpo reconocible y acción propia: mujeres que viven solas en maloca oculta, ensayan danzas y cantos la última noche, se alinean bajo una capitana que alza una macana y descienden el río dejando marcadas las piedras. No las cubre la hoja del pueblo ribereño porque su partida en formación es la imagen del relato. La macana va en la hoja de caza y pesca."
"amazonia-mestizo-mixto","moe","Moé","personaje","1","","1","","Hermano mayor paciente, dueño de la flauta que guarda a la mujer. La flauta va DENTRO de esta hoja como atributo. Advertencia de dirección: debe dibujarse como flauta personal, nunca como instrumento ceremonial de conjunto, porque la página no tiene pueblo asignado y una flauta ritual entraría en territorio restringido."
"amazonia-mestizo-mixto","ipi_el_loco","Ipi, el hermano llamado «el loco»","personaje","1","","1","","Impulsivo, celoso, cocina mojarras vivas sobre las brasas para arrancarle la risa a la mujer, y termina rayándose con güitu hasta borrarse. Su forma final de pez brillante la cubre la hoja de peces del río: lo que hay que modelar es un pez, no un segundo Ipi."
"amazonia-mestizo-mixto","senora_del_umari","La señora del umarí, la primera mujer","personaje","1","","1","","Nace de la pepa dorada que cae del árbol y es la primera mujer del mundo. Es figura fundacional y reaparece en las tres vueltas del relato (esposa de Moé, escondida en la flauta, madre del hijo pintado), así que necesita continuidad propia."
"amazonia-mestizo-mixto","ngutapa","Ngútapa","personaje","1","rodilla con avispero del que salen voces de niños","1","","Cazador de cerbatana que amarra a su mujer al árbol de hormigas bravas y después carga en la rodilla los avisperos de los que salen los seres que engendró dentro de sí. Dejo el avispero como estado declarado dentro de la misma hoja y no como hoja aparte: es un añadido sobre el mismo cuerpo, no una silueta nueva."
"amazonia-mestizo-mixto","chimuiyae","Chimuiyaé","personaje","1","","1","","Sostiene sola la odisea más larga del corpus: atada al tangarana, liberada por el canto del duúi, peinada con el peine dorado, aconsejada por el morrocoy, resistiendo la risa en el wochín, llevada por la mariposa y devuelta a su gente ya cambiada. Continuidad obligatoria en seis escenas."
"amazonia-mestizo-mixto","nonuetoma","Nonuetoma","personaje","1","","1","","El que sobrevive todas las pruebas del suegro. Sus dos transformaciones se cubren con hojas ya fichadas —tigre cuando pelea bajo el agua, picaflor cuando escapa del incendio con las puntas de las alas quemadas—, así que no le cuento hojas de estado: el modelo del tigre y el del ave ya están pagados."
"amazonia-mestizo-mixto","mayari","Mayari, el hermano tiznado","personaje","1","rostro marcado con tintura de la noche","1","","Su marca es todo el relato: la tinta negra que Ayara le unta en el rostro dormido y que el río no le quita. Se le cuenta una sola hoja con esa marca, porque la Luna en la que se convierte no es un cuerpo de personaje sino un astro, y ése lo cubre la hoja de astros."
"amazonia-mestizo-mixto","ariana_la_santa","Ariana","personaje","1","","1","","Mujer luminosa que come de una canastica infinita y va dejando cáscaras de plátano por el camino hasta que se la roban y muere de inanición. ADVERTENCIA de dirección, verificada contra el módulo Ticuna: la palabra «santa» es vocabulario de la transmisión castellana, no identidad divina comprobada; la ficha NO puede llevar aureola, hábito ni ninguna iconografía católica. El halo debe resolverse como luz, no como atributo religioso. La canasta es ficha aparte porque la comparte con Petapeta."
"amazonia-mestizo-mixto","hermano_menor_gavilan","El hermano menor que se vuelve gavilán","personaje","2","hombre al que le arrancaron una pierna | gavilán","1","","Dos hojas: el mutilado al que su hermano carga y da vueltas al árbol para que le crezca la pierna, y el gavilán en que se transforma cuando la esposa rompe el círculo. La segunda hoja es la única rapaz del corpus —la hoja de aves menores no la cubre— y absorbe también a Kana'apé, el gavilán de la saga Matapí."
"amazonia-mestizo-mixto","hombre_sol","El hombre que se volvió Sol","personaje","1","","2","","Hombre común con un ardor distinto en el pecho, que pide achiote hirviendo, se lo bebe en un totumo y asciende con plumas de guacamayo convertidas en rayos. Le cuento una sola hoja, la del hombre: el Sol resultante es astro y lo cubre la hoja de astros. Iiñi, el niño-héroe de la página yagua que abraza el fuego y se vuelve sol, se resuelve con esa misma hoja de astros."
"amazonia-mestizo-mixto","petapeta","Petapeta","personaje","1","","1","","Hombrecillo diminuto, confundible con un niño, que tumba montes enteros en una noche. Conduce el relato y su escala respecto al monte y al enmascarado es la imagen central."
"amazonia-mestizo-mixto","hombre_enmascarado_de_pigmentos","El hombre pintado con pigmentos silvestres","personaje","1","","1","","Su apariencia ES el relato: desnudo, el cuerpo cubierto de pigmentos silvestres, tendido en el camino fingiendo ser un ser del bosque mientras Petapeta lo inventaría pieza por pieza hasta que lo muerde. ADVERTENCIA: la pintura debe resolverse como manchas silvestres improvisadas, nunca como diseño corporal de un pueblo, porque la página no tiene atribución."
"amazonia-mestizo-mixto","dos_hermanas_de_taik","Las dos hermanas de Taik","colectivo","1","","1","","Par protagonista que atraviesa cinco encuentros seguidos; necesitan modelo consistente porque aparecen en todas las escenas de la página. El lorito en que se convierte una de ellas al final lo cubre la hoja de aves de la selva."
"amazonia-mestizo-mixto","conejo","El sobrino Conejo","animal","1","","1","si","Trickster animal de la lista panregional. Lo amazónico de esta versión: la huerta que saquea es de SANDÍAS y el escape es hacia el monte de selva húmeda, no hacia el rastrojo llanero ni el monte espinoso caribe; y el segundo episodio ocurre en una cueva, donde vence sólo con la voz fingiendo ser un comedor de tigres. Es la ÚNICA página narrable del corpus, así que esta hoja y la del tigre son las dos que sí van a video y no admiten recorte."
"amazonia-mestizo-mixto","tigre_jaguar","El tío Tigre (jaguar)","animal","1","","4","si","Trickster animal de la lista panregional, y además el animal más reutilizado del corpus: cuatro relatos. Lo amazónico: aquí el tigre no es sólo el grande al que el pequeño burla, es también forma de guerra y de venganza —el pensamiento-tigre guardián de Ka'amari, los hijos de Nonuetoma que se vuelven tigres para vengar al padre, el tigre de cuyo vientre salen los fragmentos que pueblan el mundo en Ngútapa. Una sola hoja cubre las cuatro apariciones."
"amazonia-mestizo-mixto","cazador_y_pescador_ribereno","Cazador y pescador ribereño","colectivo","1","","8","","Aquí está el ahorro grande. Una sola hoja de hombre adulto de monte y río cubre a Ahuanari, Manuel Curitima, José Sangam, Tiago, João, el hermano mayor del gavilán y los cazadores del Cotomachaco: siete hombres nombrados en ocho relatos, todos en el mismo registro visual (hombre adulto ribereño con carga, arma o remo) y ninguno con rasgo que lo distinga de otro. Ficharlos por separado habría costado seis hojas que nadie distinguiría."
"amazonia-mestizo-mixto","pueblo_ribereno","Gente de la aldea ribereña","colectivo","1","","14","","Hoja colectiva con cuatro variantes de cuerpo obligatorias —hombre adulto, mujer adulta, mujer joven, muchacho— porque cubre a todo el elenco humano sin rasgo propio: el linaje guerrero Matapí completo, Guinadoma, el hijo de Tuhixana, Ayara, el joven del disfraz de plumas, Iga, el ladrón de la canasta, la cuñada de los huérfanos, la esposa que rompe el círculo, Neimuada, Jatacoremui y las tribus sedientas o hambrientas. Si el editor recorta una sola hoja de este censo, que no sea ésta: sin las cuatro variantes se rompe la continuidad de catorce páginas."
"amazonia-mestizo-mixto","anciana_de_la_maloca","Anciana de la maloca","colectivo","1","","7","","Siete ancianas distintas en siete relatos, todas con el mismo cuerpo y ninguna con marca propia: la matriarca madre de Ahuanari que ofrece la totuma de muyá, la Tía que esconde las tinajas, la madre de Monalla Tirisa que hierve el agua sobre la lombriz, la madre de Ayara que prepara la tintura, la madre del Sol que se vuelve ceniza, la viejita cuyo hijo es el ciempiés, la abuela que sigue a su nieta hasta el río. Una hoja las cubre todas."
"amazonia-mestizo-mixto","ninos_de_la_aldea","Niños de la aldea","colectivo","1","","4","","Los niños son presa recurrente en este corpus: los que sacan niguas a Taife y caen en la red, los que sigue el silbido del Chuyachaque, los de las versiones infantiles del bufeo, los tres huérfanos a los que la cuñada unta harina en la boca. Una hoja con variantes de edad cubre las cuatro páginas."
"amazonia-mestizo-mixto","sabedor_del_monte","Sabedor / brujo del monte","colectivo","1","variante de anciano malévolo","5","","Cubre a Luariya el sabio brujo que hila con tabaco y cantos, a los sabedores que curan a Ngútapa, a los curanderos que atienden a José Sangam, al capitán que manda sembrar ají, y —con la variante de anciano malévolo— a Novuideitoma, el padre que devora a los pretendientes de su hija. Dos registros del mismo cuerpo en una sola hoja. NO debe llevar parafernalia ceremonial concreta: sin atribución de pueblo, los objetos rituales entran en material restringido."
"amazonia-mestizo-mixto","boa_culebra_gigante","Boa / culebra grande del río","animal","1","","6","","Seis relatos: el cinturón que se vuelve boa, las serpientes que hacen tregua en el cerro, la culebra que Chimuiyaé encuentra en el camino, las serpientes del cuerpo de la hija, el hijo-boa que se acerca a las hermanas dormidas, la serpiente enroscada al cuello del Yacuruna. Una sola hoja. No cubre al Cotomachaco ni a la hermana culebra de la Cobra Grande, que tienen cuerpo propio."
"amazonia-mestizo-mixto","mico_de_la_selva","Mico de la selva","animal","1","variante boquiblanco","5","","Cinco relatos con una sola hoja y una variante de cara: el mico que caza la cabeza alta del Cotomachaco, el coto aullador cuyo grito imita, los monos que Ngútapa abate con cerbatana, los boquiblancos en que se convierten los tres huérfanos, y el mico que sostiene el árbol y el cielo en la variante del origen del agua. La variante boquiblanco es obligatoria porque una página entera existe para explicar ese animal."
"amazonia-mestizo-mixto","morrocoy","Morrocoy","animal","1","","1","","Habla, advierte que en la casa habita un diablo que devora forasteros y le da a Chimuiyaé la instrucción exacta de fuga —llenar el cántaro hasta romperlo y enrollar la cuerda en la orilla—. Una sola aparición, pero conduce el giro del relato y su cuerpo no lo cubre la hoja de bestiario, donde quedaría perdido entre ocho animales."
"amazonia-mestizo-mixto","mariposa_guia","Mariposa guía","animal","1","","2","","Dos relatos y en los dos hace lo mismo: una mariposa grande de alas resplandecientes habla, ofrece un ala para volar y conduce el regreso a casa durante dos días esquivando trampas. Es la única figura que se repite entre dos páginas de odisea femenina; una hoja sirve para las dos."
"amazonia-mestizo-mixto","sapo_guardian_del_lupuna","El sapo que cierra el tronco","animal","1","","1","","Sapo seco y deslumbrante que cada noche murmura «ciérrese, ciérrese» y sana las heridas del árbol del mundo. Es el antagonista del relato y su terquedad es el nudo; la hoja de bestiario no le daría lectura propia."
"amazonia-mestizo-mixto","ardilla_del_aji","La ardilla pequeña y veloz","animal","1","","1","","Resuelve el relato: gana la prueba de velocidad trepando y apareciendo de súbito en otro árbol, sube con el ají en las patas y se lo vierte en los ojos al guardián para que suelte el árbol del mundo. Es el agente del origen de todos los ríos."
"amazonia-mestizo-mixto","guacamaya","Guacamaya","animal","1","roja | azul","2","","Dos relatos y las dos libreas en una hoja: las guacamayas rojas que llegan en despliegue a la maloca y la que He'echúmeru atrapa y transforma con barro sagrado para darle el plumaje azul que hoy conocemos —el relato existe para explicar eso—. En origen-del-sol son las plumas de guacamayo las que se vuelven rayos."
"amazonia-mestizo-mixto","peces_del_rio","Peces del río","colectivo","1","","5","","Hoja de cardumen que cubre los peces de escamas relucientes de las tinajas, los zapatos que se vuelven peces y la chaqueta que se vuelve cardumen, el pez brillante en que se convierte Ipi, las mojarras vivas sobre las brasas, las cuchas y las pirañas de He'echúmeru."
"amazonia-mestizo-mixto","aves_de_la_selva","Aves menores de la selva","colectivo","1","","6","","Una hoja para todas las aves que no son rapaz ni guacamaya: el moéariquena que aprende las notas de la flauta, los loros de color zafiro, el pajarillo comparable a un perico que ve al guardián del lupuna, el lorito en que se convierte la hermana de Taik, los patos que caminan sobre el río sin hundirse, el picaflor en que escapa Nonuetoma."
"amazonia-mestizo-mixto","bestiario_menor_de_selva","Bestiario menor de selva","colectivo","1","","10","","Una sola hoja de fauna secundaria para diez relatos: danta despresada y sajinos, venado (el tragado por la culebra y el de las huellas), guara, curuise u hormigas arrieras, hormiga que jala la raíz de yuca, ranas y gusanos del wochín, arañas, alacranes y ciempiés de la tregua del diluvio, la lagartija sabia Yévari, la mujer ratón, la carpintera y el torito que Kanumá corteja, el animalito que vive en los troncos de la balsa y la lombriz en que se aparece Cullo Buinayma. Es la hoja más densa del censo y la que más ahorra."
"amazonia-mestizo-mixto","lupuna_arbol_del_mundo","La lupuna, árbol del mundo","planta","1","","2","","El árbol cuyo tronco es la mar y cuyas ramas se vuelven ríos y quebradas al caer: es el objeto por el que se cuenta el relato y define la cartografía de toda la cuenca. Absorbe al canangucho solitario del que nacen los primeros seres en la saga Matapí, porque el modelo requerido es el mismo —palma o árbol colosal aislado que sostiene el mundo— y porque cortarlo está prohibido en las dos páginas."
"amazonia-mestizo-mixto","umari","El árbol de umarí y su pepa dorada","planta","1","","1","","Tronco oscuro y retorcido en el patio, con una pepa que se niega a caer hasta el día señalado y al caer se convierte en la primera mujer. El árbol y la pepa son el objeto del relato, no decorado."
"amazonia-mestizo-mixto","monilla_amena","Monilla Amena, el Palo-de-la-Abundancia","planta","1","","1","","Árbol que nace de la espuma de la quebrada, carga todas las frutas y crece hasta volverse inalcanzable; hay que subirle por una enredadera. Es el objeto del relato y el escenario del desenlace. La espuma de la quebrada va dentro de esta hoja como origen."
"amazonia-mestizo-mixto","canasta_magica","La canasta mágica","objeto","1","canasta de la abundancia | canasta de los trabajadores","2","","Hallazgo de dedupe: dos relatos distintos giran alrededor del mismo objeto, una canastica gastada al hombro que al sacudirla produce lo imposible —frutos y luego colinos en Ariana, una multitud de almas laboriosas que tumban el monte en una noche en Petapeta—. En los dos casos se la roban y en los dos el poder no pasa con el objeto. Una hoja con dos variantes de contenido."
"amazonia-mestizo-mixto","canoa_y_balsa","Canoa, balsa y embarcación del río","objeto","1","canoa | balsa de troncos amarrados con bejucos | embarcación luminosa","5","","Tres variantes en una hoja: la canoa que la culebra envuelve, la balsa de troncos de palmera amarrados con bejucos que el hijo de Tuhixana inventa y que es el objeto por el que se cuenta esa página, y la nave brillante en que emerge Honorato a medianoche. El transporte fluvial es lo que este corpus sí sabe de su territorio y aparece en cinco páginas."
"amazonia-mestizo-mixto","tinajas_del_agua","Los cuatro recipientes de agua y peces","objeto","1","","1","","Cuatro recipientes gigantescos escondidos en un santuario del bosque, rebosantes de agua fresca y peces, que al romperlos a hacha se convierten en un río. Son el objeto por el que se cuenta el relato y no se parecen a ninguna vasija de la hoja de utilería."
"amazonia-mestizo-mixto","figura_pegajosa","La figura pegajosa","objeto","1","","1","","El muñeco pegajoso que el Tigre prepara junto a las sandías y al que el Conejo queda adherido pata por pata. Es el objeto por el que se cuenta el episodio y pertenece a la ÚNICA página narrable del corpus: va a guion y a video, así que no admite recorte ni cobertura genérica."
"amazonia-mestizo-mixto","maloca","Maloca","arquitectura","1","exterior | interior","6","","Sólo la ficho porque los relatos LA DESCRIBEN, no porque sea repertorio amazónico disponible: chuya-chaqui la detalla como gran vivienda comunal con techo de palma a dos aguas, Kanumá llega a la maloca oculta de las Lyamátuna, la primera maloca de Himuri arde. Absorbe la choza de la Tía y la casa perdida donde Chimuiyaé remienda la hamaca. ADVERTENCIA: sin pueblo asignado, la maloca debe resolverse en su forma más genérica documentada por el propio texto (planta ovalada, techo de palma a dos aguas) y sin pintura de fachada, que sí es marca de pueblo."
"amazonia-mestizo-mixto","chagra","Chagra / chacra / huerta","lugar","1","chagra fértil | chagra estéril o recién tumbada","7","","Siete relatos la usan como escenario y en dos es el nudo: las chagras que suspenden su susurro de vida cuando se van las Lyamátuna, y el monte que Petapeta deja tumbado y llano como la palma de la mano en una sola noche. La huerta de sandías del Conejo entra aquí. Dos estados porque la fertilidad y la esterilidad son el argumento, no ambiente."
"amazonia-mestizo-mixto","cueva_y_guarida_de_monte","Cueva y guarida bajo tierra","lugar","1","","2","","Escenario no intercambiable con la selva ni con el río: la cueva desde la que el Conejo cambia la voz y espanta al Tigre —segunda mitad de la única página narrable— y la guarida en lo profundo del monte a la que Taife carga a los niños y de la que salen uno a uno con el humo de ají. Una hoja cubre las dos."
"amazonia-mestizo-mixto","rio_amazonico","Río amazónico","paisaje","2","cauce ancho con selva en la orilla | playa de arena y laguna de aguas quietas","11","","El paisaje más repetido del corpus, en once páginas, y por eso dos hojas y no once: el cauce con la selva encima, y la playa fluvial de arena con la variante de laguna quieta. Absorbe la playa de medianoche de la Madre de Playa, la orilla donde la culebra queda varada, la laguna del Cotomachaco donde nadie anda, la quebrada de la espuma, el río Mirití con sus piedras marcadas por las Lyamátuna y el mar al que llega la balsa. Si salieran once paisajes distintos de este corpus sería porque copié la lista de títulos."
"amazonia-mestizo-mixto","selva_humeda","Selva húmeda","paisaje","2","dosel cerrado y sotobosque | árbol colosal aislado","10","","Dos hojas para toda la selva del corpus. La segunda —árbol colosal aislado— absorbe el árbol de más de cincuenta metros del Cotomachaco, el gigante centenario donde se refugia José Sangam, el árbol reparador al que dan vueltas en el gavilán, el árbol del precipicio de Nonuetoma, el árbol de wochín con sus ranas y gusanos danzantes, el árbol wiri donde nace Wihimi, el árbol de tangarana con sus hormigas bravas y la yaripa nacida del cuerpo borrado de Ipi. Ocho árboles con función narrativa y una sola hoja de modelo: aquí está el segundo ahorro grande."
"amazonia-mestizo-mixto","fuego_humo_y_ceniza","Fuego, humo y ceniza","fenomeno","1","","6","","Seis relatos resuelven su nudo con fuego o humo: el bosque que Novuideitoma incendia, el humo de ají con que la tribu desaloja a Taife, el achiote hirviendo y la madre convertida en bruma blanca de ceniza que luego se alza, la maloca de Himuri consumida, la humadera de la carne, el agua hervida sobre la lombriz. Una hoja de efecto cubre las seis."
"amazonia-mestizo-mixto","lluvia_tormenta_y_diluvio","Lluvia, tormenta y diluvio","fenomeno","1","aguacero que borra el camino | diluvio con cerros convertidos en islas","3","","La lluvia es agente en este corpus, no clima: el aguacero que borra el camino de los cazadores y permite el engaño del Chullachaqui, y el diluvio que convierte el valle en mar sin orillas y los cerros en islas de sufrimiento. El cerro de Anequi, desde donde llega el aviso y donde se refugian los animales en tregua, se resuelve dentro de esta hoja."
"amazonia-mestizo-mixto","astros_sol_y_luna","Sol y Luna","fenomeno","1","Sol naciente | Luna con manchas | estrella matutina","4","","Una hoja de astros para cuatro páginas etiológicas: el Sol en que asciende el hombre del achiote, la Luna manchada en que se convierte Mayari con la tinta que el río no le quitó, la estrella matutina Monalla Okudo que es el ojo perdido de Jurama, y el sol en que se convierte Iiñi en la página yagua. Son cuerpos celestes, no personajes: ficharlos dentro de cada protagonista habría costado cuatro hojas de figura."
"amazonia-mestizo-mixto","hoja_utileria_maloca_y_cocina","hoja_utileria_maloca_y_cocina","objeto (hoja de agrupación)","1","","3","","Totuma, totumo, tipití, olla, cántaro, hamaca, bolsa de chambira, maguaré, cazabe, guarapo, muyá, chicha, harina de maíz, hígado frito y mojarras. La hoja más cargada, pero todos son objetos menores de mesa y vivienda que se leen en conjunto; el maguaré entra como pieza grande y con la advertencia de no ponerlo en contexto ceremonial."
"amazonia-mestizo-mixto","hoja_utileria_caza_y_pesca","hoja_utileria_caza_y_pesca","objeto (hoja de agrupación)","1","","1","","Cerbatana, arco y flecha, escopeta, cuchillo de bolsillo, red tejida, hacha, macana y humadera. Ocho aparejos de siete relatos en una sola hoja."
"amazonia-mestizo-mixto","hoja_utileria_encanto_y_engano","hoja_utileria_encanto_y_engano","objeto (hoja de agrupación)","1","","2","","Horno de barro sellado, tambor de Guinadoma, bastón de Fusiñamuy, bastón partido de Taife, espejo viejo, peine dorado, tintura de la noche y disfraz de plumas. Son los objetos que producen el giro en siete relatos y ninguno necesita hoja propia."
"amazonia-mestizo-mixto","hoja_botanica_chagra","hoja_botanica_chagra","planta (hoja de agrupación)","1","","1","","Yuca, plátano, caña, ñame, ignames, caimos, colinos o esquejes y sandías. Todo lo que sale de la chagra y lo que la canasta de Ariana convierte en siembra."
"amazonia-mestizo-mixto","hoja_botanica_monte_y_fibra","hoja_botanica_monte_y_fibra","planta (hoja de agrupación)","1","","1","","Ají, piña, chontaduro, milpeso, cumare, chambira, ortiga y las materias de pigmento achiote y güitu. Incluye las dos plantas que resuelven tramas (el ají en origen-del-agua y en taife) porque el modelo que hace falta es la planta, no la escena."
"andoque","nenefi","Nenefi","personaje","1","","2","","Prepara la trampa del águila, lleva al hijo a la maloca y talla la flauta; en la guerra del Palo Hablador sus dos hijos abren el episodio y él pide la espada a Trueno. Dos relatos, cuerpo reconocible."
"andoque","dona_cucarron_de_vida","Doña Cucarrón-de-vida","deidad_fuerza","1","","1","","Madre de los Andoque y primera antes de la gente: construye la casa que llega al cielo, sube alimentos sobre la creciente, trae tierra dos veces y moldea plantas, animales y gente. Conduce toda la segunda mitad del ciclo."
"andoque","canoa_de_piedra","Canoa-de-Piedra","personaje","1","","1","","Protagonista que toma caldo de yuca, se interna en el monte, habla con la gente de abajo, recibe hierbas y vuelve a avisar a sus hermanos. Es el primero que nombra ese ámbito."
"andoque","plumon_amarillo","Plumón-amarillo","personaje","1","","1","","Autoridad que junta a los sobrevivientes dispersos tras el sistema cauchero. Es el sujeto del título y de la única acción del relato. Evidencia corporal nula: el contrato tendrá que declararlo."
"andoque","plumon_de_fiebre","Plumón-de-fiebre","personaje","1","","1","","Figura del segundo retorno, mantenida distinta de Plumón-amarillo por decisión editorial explícita (universe.mjs, plumonStories.keep-distinct). Reúne y permite volver a ser gente. Evidencia corporal nula."
"andoque","sol","Sol","deidad_fuerza","1","","1","","Nace del huevo de la torcaza, ordena marcar al visitante nocturno, arma la trampa del tronco, pesca con barbasco y se retira al oriente. Conduce el relato entero."
"andoque","luna","Luna","deidad_fuerza","1","","1","","Queda marcado por el tinte, es encerrado en el tronco, forma la mujer de balso y parte tras su hermano. Una sola hoja: la marca negra del rostro se fija como marcador de continuidad obligatorio del contrato, no como estado con hoja aparte, porque no cambia la silueta."
"andoque","cortador","Cortador","personaje","1","","1","","Llega con su hacha, abre el tronco y ayuda a terminar la mujer de balso. Resuelve dos actos decisivos."
"andoque","mujer_de_balso","La mujer de balso","personaje","1","","1","","Primera mujer formada en escena con madera de balso; sus astillas y sobrantes se transforman en aves, piedras y peces. Una sola hoja: el desbaste y la figura terminada son derivables del mismo cuerpo y del mismo material."
"andoque","huevo_de_chupaflor","Huevo-de-chupaflor","personaje","1","","1","","Nace de un huevo de colibrí y queda tuerto, interroga a las aves, mata a sabudui y roba el fuego escapando por la atarraya quemada. Una sola hoja: el ojo herido es marcador de continuidad obligatorio del contrato, no un estado aparte."
"andoque","trueno_de_piedra","Trueno-de-piedra","personaje","1","","2","","Se enfrenta al especialista huitoto y le quita el guayuco; en la guerra cambia la espada falsa por la verdadera y parte el tronco con el relámpago. Hijo de Trueno y sobrino de Garza-de-centro. Dos relatos."
"andoque","especialista_huitoto","El especialista huitoto","personaje","1","","1","","Se presenta como jaguar, persigue, pierde el guayuco, negocia su devolución y enseña el uso y la contra de una hierba. Habla, persigue y otorga."
"andoque","garza_de_centro","Garza-de-centro","personaje","1","","1","","Recibe al visitante, lo hace respirar de nuevo y envía a los murciélagos por el sueño. Tío de Trueno-de-piedra."
"andoque","garza_de_bocana","Garza-de-bocana","personaje","1","","1","","Visitante que cae al agua, muere, es revivido, oculta lo ocurrido y prepara la venganza que desata la guerra. Cuerpo distinto del de Garza-de-centro."
"andoque","trueno","Trueno","deidad_fuerza","1","","1","","Dueño de la espada y de una maloca propia; entrega deliberadamente un arma falsa de balso y luego recibe el sueño en la nuca. Decide y engaña."
"andoque","dona_sueno","Doña Sueño","personaje","1","","1","","Depositaria del sueño: los murciélagos y después Mochilero-de-candela viajan hasta ella y de ella sale el paquete. Otorga el recurso que decide la guerra; la escena editorial la nombra «la abuela»."
"andoque","mochilero_de_candela","Mochilero-de-candela","criatura","1","","1","","Hace el segundo viaje, obedece la instrucción que los murciélagos desobedecieron y sopla el sueño sobre la nuca de Trueno. Acción decisiva y nombre propio."
"andoque","cuero_negro","Cuero-negro","criatura","1","","1","","El gusano que habla desde el tronco y lanza flechas de astilla. La fuente corrige expresamente que no habla el palo sino él: sin su ficha el relato se malinterpreta."
"andoque","seres_del_agua_de_sitakara","Los seres del agua de Sitakara","criatura","1","","1","","Pareja que sale del agua y se mezcla con los niños en el baile: figuras sin taparrabo y con cabello hasta la cintura. Una sola hoja cubre la forma masculina y la femenina, que la fuente no diferencia salvo por el sexo; el contrato prohíbe la cola de pez europea."
"andoque","flor_de_guacamayo","Flor-de-guacamayo","personaje","1","","1","","Capitán que recibe al peruano y avisa a otros grupos para que vayan a recoger mercancías. Es quien abre la cadena de coerción del relato."
"andoque","el_visitante_desafiante","El visitante que desafió al fantasma","personaje","1","","1","","Desoye las advertencias, desafía en voz alta y sostiene el encuentro nocturno. Es el sujeto del título y el punto de vista del arco verificable."
"andoque","el_fantasma","El fantasma","criatura","1","","1","","No es sombra silenciosa: actúa, habla, convoca ayuda y pide un machete. Conduce la segunda mitad del relato."
"andoque","mariposa_cara_de_fantasma","Mariposa-cara-de-fantasma","criatura","1","","1","","Aliada nombrada a la que el fantasma pide el machete. Nombre propio y función en el pasaje consultable; la escena editorial ya la pone en cuadro."
"andoque","gavilan_de_piriri","Gavilán-de-piriri","personaje","1","","1","","Padre del narrador y capitán: reúne, reconoce y organiza a huérfanos y trabajadores. Es la entidad primaria de una ficha que por lo demás es geografía humana."
"andoque","colectivo_gente_andoque_tiempo_de_origen","Gente Andoque del tiempo de origen","colectivo","1","","7","","Gramática de grupo para todos los cuerpos sin nombre del ciclo fundacional: adultos, mayores, niños, huérfanos que no son la pareja, la gente que amarra la pata del águila. Fija proporción, cabello y guayuco cotidiano SIN pintura corporal ni facial, que el corpus no documenta."
"andoque","colectivo_gente_andoque_epoca_cauchera","Gente Andoque de la época cauchera","colectivo","1","","4","","Segunda gramática de grupo, obligada porque la cultura material del siglo XX no es la del tiempo de origen: sobrevivientes reagrupados, recolectores, capitanes de los grupos del Duché, gente deportada."
"andoque","los_dos_huerfanos","Los dos huérfanos","colectivo","1","","2","","Pareja que desobedece la orden sobre los huesos, provoca el agua sin fin, pisa la semilla de tona y sube con el árbol diciendo que volverán a ser hombres. Dos relatos y acción decisiva."
"andoque","gente_de_abajo","La gente de abajo","colectivo","1","","2","","Habitantes bajo tierra que preguntan, acusan a la gente del río Quinché y entregan hierbas. Hablan y otorgan; no son figurantes del paisaje subterráneo."
"andoque","los_gigantes","Los gigantes","colectivo","1","","2","","Gente anterior con grupos propios: recorren, nombran las corrientes y dibujan sobre la piedra. El gigante viajero se resuelve dentro de esta gramática."
"andoque","los_quemadores","Los Quemadores y los agentes de la Casa Arana","colectivo","1","","2","","Los blancos señalados como responsables de las matanzas; en el epílogo de Yiñefoque destruyen la gente de su padre. Dos relatos."
"andoque","colectivo_asedio_del_palo_hablador","El asedio del Palo Hablador","colectivo","1","","1","","Gramática de grupo del sitio: la masa de gusanos que cubre el tronco, las avispas y hormigas que protegen la cepa, y los armadillos, aves y combatientes que intentan acercarse. Una sola hoja fija los dos bandos del enjambre."
"andoque","colectivo_fauna_menor_del_monte","Fauna menor del monte andoque","colectivo","1","","4","","Gramática de grupo para la fauna pequeña que aparece sin conducir el relato: torcaza y su huevo, carpinteros, guacamayas del tronco, panguanas, tente, pava y pajuiles interrogados, colibríes, mico volador, sapo de la raíz, ranas comestibles. Aquí está el mayor ahorro del censo."
"andoque","peces_y_pesca_del_rio","Peces y pesca del río","colectivo","1","","2","","Gramática de los peces del corpus y de la pesca: el pez disputado en la pesca con barbasco, el pejedulce que traga el fuego, el caloche que rompe el cerco del Águila y las sardinas del amanecer. El caloche es el decisivo y la hoja debe individualizarlo."
"andoque","los_dos_transformadores","Los dos transformadores","colectivo","1","","1","","Pareja de especialistas que atacan comunidades, comen personas y se burlan uno del otro. La fuente no los distingue físicamente, así que una sola gramática fija los dos cuerpos humanos; sus formas animales van por separado."
"andoque","aguila_canibal","El Águila Caníbal","animal","1","","2","","Nace del almidón, empieza a llevar gente, mete la pata por la cumbrera, vuela herida dejando gotas que se vuelven piedra y agua y represa la bocana en el diluvio. Dos relatos y acción decisiva. Una sola hoja: la pata arrancada se fija como marcador de continuidad porque es derivable del mismo cuerpo."
"andoque","sabudui_pajuil_real","Sabudui, el pajuil real","animal","1","","1","","Canta la burla que desata la cacería, es cocinado en la casa del centro y de su hueso sale el agua sin fin; otro pajuil traga y expulsa el fuego. Es el objeto por el que se cuenta el ciclo."
"andoque","jaguar","Jaguar","animal","1","","3","","Dominio de Sindi, forma del especialista huitoto y primera forma de los dos transformadores. Tres relatos con cuerpo reconocible."
"andoque","boa","Boa","animal","1","","3","","Dominio de Pepai junto con los peces y forma de transformación en los dos relatos de especialistas. Tres relatos."
"andoque","danta","Danta","animal","1","","1","","Forma presente en la secuencia transmitida y en el título heredado de la ficha; la escena editorial aprobada la pone en cuadro junto a jaguar y boa. Animal grande cuya anatomía no puede quedar al azar."
"andoque","murcielago","Murciélago","animal","1","","2","","Lleva frutas a Luna encerrado en el tronco y, en la guerra, dos murciélagos viajan por el sueño, abren el paquete en el camino y quedan dormidos. Dos relatos, acción decisiva en uno."
"andoque","tortuga_redonda","Tortuga-redonda","animal","1","","1","","Esposa de Sol: guarda el tinte negro y marca el rostro del visitante nocturno. Es la decisión que permite reconocer a Luna."
"andoque","hacha_andoque","El hacha","objeto","1","","1","","El hacha de Cortador abre el tronco y talla la mujer de balso. Es además el emblema del corpus entero —«Tradiciones de la gente del hacha»—: su materialidad no puede improvisarse."
"andoque","guayuco_de_transformacion","El guayuco de transformación","objeto","1","","1","","La prenda necesaria para ejercer la capacidad de cambiar de forma; quitarla obliga al rival a negociar. Es el objeto por el que se cuenta el relato y da nombre al título editorial."
"andoque","espada_de_trueno","La espada de Trueno","objeto","1","","1","","Con ella y el espejo Trueno-de-piedra produce el relámpago, derriba los gusanos y parte el tronco. La espada falsa de balso y el espejo se resuelven dentro de esta misma hoja."
"andoque","arco_y_flechas","Arco y flechas","objeto","1","","3","","Arma de los padres que disparan en Sitakara, de los combatientes del Palo Hablador y de los perseguidores de los transformadores. Cultura material recurrente en tres relatos: no puede quedar como utilería genérica."
"andoque","mercancias_y_fardos_de_caucho","Mercancías de la Casa Arana y fardos de caucho","objeto","1","","1","","La mercancía que no fue regalo y el caucho que la paga son el objeto por el que se cuenta el testimonio: sin ellos la secuencia de cuota, amarre y muerte no se lee. Las ataduras se resuelven aquí."
"andoque","palo_hablador","El Palo Hablador","planta","2","partido_y_petrificado","2","","El gran tronco cubierto de gusanos desde el que Cuero-negro habla y dispara, partido por el relámpago; el epílogo lo sitúa vuelto piedra arenosa en el Duché y de su raíz sale el sapo del ciclo siguiente. Dos hojas porque el cambio de madera viva a arenisca no es derivable de la primera."
"andoque","tronco_hueco_y_higueron","El tronco hueco y el higuerón","planta","1","","1","","Escenario del encierro de Luna: el hueco donde salen las guacamayas, la madera que golpean los carpinteros y el higuerón crecido de los residuos. No es intercambiable con el Palo Hablador."
"andoque","arbol_tona","El árbol tona","planta","1","","1","","La semilla pisada entre los dedos en Sitio-del-llanto y el árbol que crece llevando a los huérfanos por encima del diluvio. Es el objeto del que depende la supervivencia del ciclo."
"andoque","maloca_andoque","La maloca andoque (exterior)","arquitectura","2","revestida_de_piedra_arenosa_o_barro","7","","Casa del centro donde se come al hijo del águila, se cocina el pajuil y se reagrupa la gente; también la maloca de Trueno. Dos hojas: el volumen de techo vegetal y el revestimiento de piedra arenosa o barro, que es un cambio de material, no de iluminación. La casa del fuego se resuelve aquí."
"andoque","casa_que_llegaba_al_cielo","La casa que llegaba al cielo","arquitectura","1","","1","","Construcción de Doña Cucarrón-de-vida por cuyo interior sube alimentos, tubérculos y frutas sobre la creciente. Escenario propio de un acto y no intercambiable con la maloca; la Loma de los Andoque se resuelve aquí."
"andoque","mundo_de_abajo","El mundo de abajo","lugar","1","","2","","Ámbito bajo tierra con abundancia y familiares muertos al que se entra por una piedra señalada; también por donde Doña Cucarrón-de-vida es conducida y donde Tomirepa queda de vigilante. Dos relatos; el título evita cielo, infierno o reino europeo de los muertos."
"andoque","chagra_y_yucal","La chagra y el yucal","lugar","1","","3","","De donde sale la yuca dulce del almidón y la yuca que arranca la hija de Canoa-de-Piedra, y donde Sol siembra las dos piñas en el hueco del tronco. Tres relatos; cubre yuca, piñas, caimos, tubérculos y frutas."
"andoque","sitio_del_llanto","Sitio-del-llanto","lugar","1","","2","","Donde llegan los huérfanos y pisan la semilla de tona, y debajo del cual se ubican los jóvenes del padre del narrador. Topónimo nombrado en dos relatos."
"andoque","sitakara","Sitakara","lugar","1","","1","","Playa de la quebrada Huevo-de-pescado, debajo de un chorro y cerca de una cerca, donde ocurre el baile y el encuentro. Escenario nombrado y no intercambiable con una orilla cualquiera."
"andoque","rio_duche","El río Duché: remanso y bocana","lugar","1","","3","","Remanso-de-trueno donde queda el tronco petrificado, bocana donde permanece la figura femenina y eje a lo largo del cual viven los grupos. Tres relatos; absorbe los ríos nombrados por los gigantes."
"andoque","piedras_con_petroglifos","Las piedras con dibujos","lugar","1","","1","","Los grabados junto a los ríos son la pregunta que origina el relato y lo que queda de los gigantes. La hoja fija una gramática de marcas grabadas y NO reproduce ningún petroglifo documentado real."
"andoque","selva_amazonica_de_aduche","Selva y bocanas de Aduche","paisaje","2","nocturno","14","","Entorno base de los catorce relatos: selva, bocanas, riberas del Caquetá, palmas de milpeso, cananguchos y el árbol madi. Dos hojas porque el relato del fantasma y los caminos nocturnos exigen un modelo de luz distinto del diurno."
"andoque","diluvio","El diluvio","fenomeno","1","","2","","El agua sin fin que sale del hueso, la lluvia, la bocana represada por el Águila y la maloca sumergida; termina cuando el caloche rompe el cerco. Regla visible en dos relatos y ligada al ciclo entero."
"andoque","fuego_robado","El fuego robado","fenomeno","1","","1","","Regla de cómo se muestra el fuego: la candela de la casa, el tizón que quema la atarraya, el pajuil que lo traga y lo expulsa y el pejedulce que lo vuelve piedra tetee. Es la mitad del ciclo y no se resuelve con una llama genérica."
"andoque","transformacion_de_especialistas","La transformación de los especialistas","fenomeno","1","","2","","Regla del paso de cuerpo humano a jaguar, boa, culebra verrugosa, águila, gavilán o danta, y del aguacero con que los transformadores responden a la persecución. Una sola regla para los dos relatos; sin aura, runas ni fantasía intercambiable."
"andoque","hoja_utileria_andoque_oficio","hoja_utileria_andoque_oficio","objeto (hoja de agrupación)","1","","5","","Cinco objetos menores de oficio y mecanismo que ningún relato cuenta por sí mismos pero que aparecen en cuadro: la flauta de hueso, el tinte negro de Tortuga-redonda, el paquete de sueño envuelto en hoja, el algodón de hormiga y las hojas medicinales sin especie identificable."
"andoque","hoja_utileria_andoque_caza_y_trampa","hoja_utileria_andoque_caza_y_trampa","objeto (hoja de agrupación)","1","","4","","Utilería de caza, pesca y filo: el chinchorro de la trampa del mico, la atarraya que cierra la casa del fuego, el machete que pide el fantasma y el barbasco de la pesca. El arco y las flechas salen aparte porque recurren en tres relatos."
"ansermas","xixaraca","Xixaraca","deidad_fuerza","1","","2","","Conduce los dos relatos: vive en Karambá, cuida a la gente de Guacuma, mantiene sujetos a los Tamaracas, los obliga a volver bajo Opiramá y al final se va dejando las huellas en la roca. La ficha tiene que sostener la corrección central del canon —Gabriel Campeón rechazó llamarlo «diablo»—: ni demonio ni deidad europeizada, y sin tocado genérico."
"ansermas","michua","Michua","deidad_fuerza","1","","2","","Segunda fuerza protectora y cuerpo distinto del de Xixaraca: desciende desde Batero anunciada por relámpagos y tormenta, recorre nubes y pendientes, y al partir mira por última vez el territorio y llora hasta formar las cascadas. Está en las cuatro escenas ya planeadas."
"ansermas","tamaracas","Los Tamaracas, seres de adentro","criatura","2","nube_de_langostas","1","","Conducen el conflicto del primer relato: encerrados en las profundidades de Opiramá, cambian de forma durante ciertos periodos, buscan una abertura y, cuando escapan, se extienden como nubes de langostas devorando las plantas. El estado extra sí lo muestra el relato y cambia por completo la silueta —de sombra contenida a plaga—, así que cuesta ficha. La hoja base debe declararse como forma abstracta, porque la fuente nunca describe su cuerpo."
"ansermas","gente_de_guacuma","La gente de Guacuma","colectivo","1","","2","","Los protegidos: bajo el cuidado de Xixaraca crecen sus cultivos y pueden recorrer los caminos; cuando la plaga sale, su abundancia se vuelve hambre; en una de las versiones son quienes olvidan agradecer y provocan la partida. Única gramática de cuerpos humanos del corpus."
"ansermas","cerro_karamba_batero","El cerro Karambá, también llamado Batero","paisaje","1","","2","","Lugar de Xixaraca y Michua y centro del territorio de Guacuma: desde sus alturas cuidan caminos, cultivos y aguas, y de allí desciende Michua. Es el modelo de ambiente de todo el entorno serrano, incluidos los caminos. ATENCIÓN: el mismo cerro aparece en el corpus Umbra; son biblias distintas y no comparten láminas ni tratamiento."
"ansermas","cerro_opirama","El cerro Opiramá","paisaje","1","","1","","Escenario del acto del primer relato y contrario necesario de Karambá: en sus profundidades permanecen encerrados los Tamaracas, de allí buscan salir y allí los obligan a regresar. El relato vive de esa oposición entre dos cerros, así que fundirlos en un solo paisaje destruiría la tensión. Conserva además la ambigüedad de contener el peligro y sostener la vida."
"ansermas","huellas_en_la_roca","Las grandes huellas humanas sobre la roca","objeto","1","","1","","Es el objeto por el que se cuenta el relato y da título a la página: al caminar sobre las rocas Xixaraca imprime grandes huellas humanas que quedan cerca del agua como memoria difícil de borrar. Las dos escenas planeadas las muestran. La ficha no las presenta como prueba arqueológica: el canon dice expresamente que las fuentes no permiten resolver su origen material."
"ansermas","rio_mapura","El río Mápura y sus rocas","paisaje","1","","1","","El lugar más constante de todas las versiones: por allí pasan los protectores al atravesar las montañas y allí quedan las marcas junto al agua. Rocas planas a la orilla; no es intercambiable con el cerro ni con las cascadas."
"ansermas","cascadas_lagrimas_de_michua","Las Lágrimas de Michua (las cascadas)","paisaje","1","","1","","Escenario del acto final: las lágrimas descienden por la montaña hasta convertirse en cascadas, que la memoria regional identifica con los saltos de Bellavista. El canon advierte que no se invente una ruta continua entre huellas y saltos, de modo que es un sitio propio y no una continuación del río."
"ansermas","cultivos_de_maiz_y_chontaduro","El maíz y el chontaduro","planta","1","","1","","Son lo que está en juego en el primer relato: bajo la protección de Xixaraca crecen, la plaga los devora y convierte la abundancia en hambre, y después hay que restablecer la relación entre montaña, agua y siembra. Aparecen en las dos escenas planeadas. Una hoja botánica con las dos especies nombradas, sanas y devoradas."
"ansermas","tormenta_de_michua","La tormenta: relámpagos y agua que cambia de color","fenomeno","1","","1","","Es la forma que toma el combate: la llegada de Michua se anuncia con relámpagos y tormenta, el agua cambia de color en medio de la lucha y el cielo parece participar en la defensa de los cultivos. Regla de fenómeno indispensable, porque el canon prohíbe resolver el enfrentamiento como batalla humana."
"antioquia-occidente-mixto","el_patetarro","El Patetarro","criatura","1","","1","si","Gigantón de una sola pierna de carne que apoya el otro muslo en un trozo hueco de guadua. Circula por Antioquia, Chocó y Cundinamarca, pero el perfil documentado es el de Tomás Carrasquilla y es antioqueño: la canónica sale de aquí. Una lámina basta; la variante femenina (La Patetarro) cambia el género pero no la mecánica de la silueta y se anota dentro."
"antioquia-occidente-mixto","el_mareco","El Mareco","criatura","2","diablillo pequeño, rojo y desnudo, como lagartija erguida sobre dos patas | ventarrón: torbellino de polvo y chispas que levanta al niño","1","","Las dos formas están en las dos escenas planificadas y no se parecen en nada. El módulo advierte que el cuerpo de lagartija pertenece a la adaptación de 2004 y que el núcleo de Ocampo sólo sostiene el diablillo, los dulces, la desobediencia y el ventarrón: la ficha debe marcar esa capa."
"antioquia-occidente-mixto","el_paton","El Patón","criatura","1","","1","","Hombre de proporciones humanas salvo por unos pies desmesurados que le obligan a apoyarse en ramas y a pisar varias plantas al girar. El módulo retira el Sasquatch: no es una fiera peluda ni un gigante agresivo, y la ficha existe sobre todo para impedir esa deriva."
"antioquia-occidente-mixto","el_perro_negro","El Perro Negro","criatura","1","","1","si","Perro grande y negro que acompaña sin ladrar por el camino de herradura, con ojos que brillan en el relámpago y un ruido que parece cadena. El módulo lo localiza entre Andes, Jardín y Caramanta y lo asocia al Patas. La canónica sale de aquí: es la versión con ruta, clima y explicación local. Los ojos de fuego y la cadena van dentro, sugeridos, nunca literales."
"antioquia-occidente-mixto","la_cabellona","La Cabellona","criatura","1","","1","si","Figura de tardes de invierno junto al barranco, con el cabello cubriendo rostro, vestido y pies. Panregional por el parentesco con la Mechuda santandereana, pero el módulo prohíbe fundirlas y niega que una sea el origen de la otra: si otro corpus la hereda, que herede sólo la 'Cabellona antioqueña de camino'. La canónica de la Mechuda le toca a Santander."
"antioquia-occidente-mixto","la_dama_verde","La Dama Verde","criatura","1","","1","","Más alta de lo que parece de lejos, bayetón verde largo, velo, guantes y chapines antiguos, a veces con un bulto contra el cuerpo. Es el único espanto urbano del corpus y el color es más constante que cualquier biografía; el bulto se dibuja ambiguo porque la explicación del infanticidio es una moral local, no un origen probado."
"antioquia-occidente-mixto","la_rodillona","La Rodillona","criatura","1","","1","si","Vieja encorvada sentada en lo alto del barranco, con la cara metida entre las piernas, rodillas desmesuradas, pelo gris, nariz ganchuda y un solo diente largo. Mito menor del mundo paisa (Antioquia y Caldas) pero descrito aquí con precisión de retrato: la canónica sale de aquí."
"antioquia-occidente-mixto","las_ilusiones_malas","Las Ilusiones Malas","fenomeno","1","","1","","La ficha más difícil del corpus: endriagos incorpóreos que sólo tienen el cuerpo que les da quien mira. No se ficha una figura sino una gramática — cómo una sombra crece hasta ocupar la ladera y se reduce a matorral, cómo una rama gana brazos. Existe precisamente para que nadie le dibuje un monstruo fijo."
"antioquia-occidente-mixto","los_rescoldados","Los Rescoldados","criatura","1","","1","","Diablillos pequeños que danzan sobre el rescoldo del fogón de los arrieros: cada brasa puede volverse cabeza, brazo o pie. La fuente es escuetísima (no hay batalla, ni tesoro, ni conversación) y la ficha debe conservar esa modestia; el módulo eliminó al arriero protagonista que la versión heredada inventó."
"antioquia-occidente-mixto","maria_la_larga","María la Larga","criatura","1","","1","si","Mujer alta cuyos brazos y piernas se alargan mientras se la sigue, con balanceo exagerado y zapatos de madera claveteados que sacan chispas de la piedra. Circula por Antioquia y el Viejo Caldas; la variante de Andes fija sonidos y lugares sin reclamar origen, y es la mejor documentada: la canónica sale de aquí. El módulo retira la violencia sexual que la versión heredada le había añadido como explicación."
"antioquia-occidente-mixto","jinete_oscuro_con_mula_negra","El jinete oscuro y la mula negra","criatura","2","jinete vestido de oscuro sobre mula negra, llegando a cobrar | la forma luminosa contenida que se aleja de la plaza","2","","La única forma con cuerpo que el diablo toma en este corpus: en El Perro Negro se le nombra (el Patas) pero se le ve como perro, ya fichado. Las dos láminas son distintas porque la mula que se vuelve bola de fuego cambia por completo la silueta, y el módulo pide contenerla sin horror gráfico."
"antioquia-occidente-mixto","tormenta_lluvia_y_relampago","Tormenta, lluvia y relámpago","fenomeno","1","","5","","Cinco páginas. En Dobaida la tormenta no es clima sino el contenido mismo del nombre: lluvia, viento y trueno son lo único que las fuentes coloniales asocian con ella, y es lo que sí se puede dibujar sin inventar. En las otras cuatro es el aguacero de loma que agranda al perro, moja el camino y trae al Patetarro. Una sola lámina de tratamiento (relámpago, cortina de lluvia, viento) sirve a los dos paisajes, que aportan su propio fondo."
"antioquia-occidente-mixto","gente_del_occidente_antioqueno","Gente del occidente antioqueño","personaje","2","adultos: hombre con ruana y sombrero, mujer campesina joven y anciana | niños","11","","El grueso del ahorro: once páginas ponen en escena a la misma gente. Absorbe a Manuel, a la joven que sigue el becerro, a la madre que envejece, a los caminantes que vuelven del mercado, a los campesinos que vigilan la trampa, al viajero con ruana y a la familia del fogón. El estado joven/anciana de la mujer cabe en la misma lámina porque María Centeno lo necesita como par."
"antioquia-occidente-mixto","arriero_del_occidente","El arriero","personaje","1","","2","","La figura que define el territorio: carriel, poncho, sombrero, machete y el gesto de acomodar cargas. Tiene ficha propia y no se disuelve en el tipo campesino porque su indumentaria y su relación con la recua son un oficio entero, y porque Los Rescoldados sólo existen dentro de su campamento."
"antioquia-occidente-mixto","mineros_antioquenos","Los mineros","colectivo","1","","2","","Escuchan la carcajada desde la boca del socavón en una ruta y sostienen el trasfondo de la otra. Herramienta y ropa de mina no se resuelven con el tipo campesino. ADVERTENCIA: esta lámina representa a mineros en general; NO representa a las personas esclavizadas que la historia de María Centeno nombra, que quedan excluidas aparte."
"antioquia-occidente-mixto","sacerdote_de_pueblo","El sacerdote de pueblo","personaje","1","","2","","Dos rutas: el padre Eleázar Marulanda que persigue a María la Larga sin alcanzarla y el sacerdote joven de la versión de Andes de la Dama Verde. Sotana y silueta propias; conduce una acción (intenta conjurar y fracasa, que es la regla del espanto)."
"antioquia-occidente-mixto","maria_centeno","María Centeno","personaje","1","","1","","Caso raro: da nombre a la página y a todo un ciclo oral del occidente y el norte antioqueños, pero NO aparece en el relato restaurado ni en las dos escenas planificadas, que son de la joven y el becerro. La ficha existe justamente por eso: fija a la señora de minas con su recua para que ninguna escena futura la invente como bruja, como estatua dorada o como madre celebrada del emprendimiento minero."
"antioquia-occidente-mixto","damian_el_perulero","Damián Vásquez Montiel, el perulero","personaje","1","","1","","Extremeño del siglo XVI llegado del Perú: jugador, bebedor, pendenciero. Única silueta de época colonial temprana del corpus y no es intercambiable con ningún campesino republicano ya fichado. Conduce todo su relato y sube a la mula en la escena final."
"antioquia-occidente-mixto","gente_colonial_espanola","Gente colonial española","colectivo","1","","3","","Tres páginas: los expedicionarios que suben por el Atrato buscando un centro que nunca encuentran y el vecindario de la Villa de Arma que mira desde las puertas en Viernes Santo. Mismo siglo y mismo repertorio de ropa, así que una lámina con dos registros (de marcha y de villa) basta. Son los únicos que conducen acción en las dos páginas canon."
"antioquia-occidente-mixto","mula_de_arrieria_con_aparejo","La mula de arriería con su aparejo","animal","1","","3","","El animal del territorio: enjalma, cincha, cargas amarradas. Tres páginas la usan (la recua del fogón, la recua de María Centeno, y la mula negra del jinete, que es otra ficha pero comparte anatomía). Sin esta lámina el camino de herradura no se lee."
"antioquia-occidente-mixto","becerro_de_oro","El becerro de oro","animal","1","","1","","Es el objeto por el que se cuenta el relato: brilla, avanza sin apresurarse como si supiera que lo van a seguir y desaparece por el túnel. Sin él no hay entrada a la montaña."
"antioquia-occidente-mixto","calavera_de_vaca_sobre_el_sembrado","La calavera de vaca sobre el sembrado","objeto","1","","1","","La defensa documentada contra el Patetarro: una osamenta elevada frente al cultivo que en el relato no es adorno sino barrera. Le doy ficha propia en vez de utilería porque se dibuja a escala de escena, en un poste y contra el valle, y porque es la segunda imagen más memorable del mito. Es la decisión que más discutiría del inventario."
"antioquia-occidente-mixto","sementera_antioquena","La sementera antioqueña","planta","1","","4","","Una sola lámina para maíz, fríjol, plátano, cafetal y árboles jóvenes, con su estado marchito: lo que el Patetarro seca y lo que el Patón aplasta sin querer. Cuatro páginas la necesitan y ninguna pide una planta que no esté aquí."
"antioquia-occidente-mixto","casa_de_tapia_y_corredor","La casa de tapia y su corredor","arquitectura","1","","4","","Corredor, cocina de brasas, patio y corral. El Mareco entra por el corredor y mueve las cortinas; Las Ilusiones nacen alrededor de su fogón. Los animales de finca (perros que aúllan, gallinas robadas, ganado) pertenecen a este solar y van dentro."
"antioquia-occidente-mixto","calle_empedrada_y_plaza","Calle empedrada y plaza","arquitectura","2","pueblo antioqueño republicano: calles empedradas, aleros, camino de Santa Rita y calle del Cura | plaza colonial de la Villa de Arma, siglo XVI","3","","Dos láminas porque son dos épocas, no dos encuadres: el pueblo de la Dama Verde y de María la Larga es republicano y la Villa de Arma es de 1542. Este es el único par arquitectónico del corpus que no se puede colapsar."
"antioquia-occidente-mixto","boca_de_mina_y_tunel_de_montana","Boca de mina y túnel de montaña","arquitectura","1","","2","","El socavón entibado desde el que los mineros escuchan la carcajada y la abertura de roca por la que entra la joven detrás del becerro: una sola lámina con los dos registros, porque el interior encantado ya tiene su propia ficha."
"antioquia-occidente-mixto","fogon_de_brasas","El fogón de brasas","arquitectura","1","","2","","Una lámina para el fogón de cocina rural y el fogón de camino de los arrieros, con su círculo de brasas bajo ceniza. Es el escenario del acto de dos relatos: alrededor de él nacen Las Ilusiones y sobre él danzan Los Rescoldados."
"antioquia-occidente-mixto","camara_de_oro_encantada","La cámara de oro encantada","lugar","1","","1","","Monedas, objetos y montones que parecen no terminar. Es el escenario del acto y no es intercambiable con ningún paisaje ya fichado; el módulo la conserva como adaptación firmada de la Fundación Secretos para Contar, así que la lámina debe leerse como cuento, no como hallazgo arqueológico."
"antioquia-occidente-mixto","paisaje_loma_y_camino_de_herradura","Loma, neblina y camino de herradura","paisaje","2","ladera húmeda con cultivos y neblina, de día | camino de herradura de noche: barro, curvas, piedras sueltas, barranco","8","","Ocho páginas: el mayor dedupe del corpus. Todas las curvas, barrancos y municipios nombrados (Liborina, Olaya, Sabanalarga, San Andrés, Toledo, Ituango, Andes, Jardín, Caramanta) son la misma loma. El estado nocturno cuesta su lámina porque ahí operan el Perro Negro, la Cabellona, la Rodillona y las Ilusiones."
"antioquia-occidente-mixto","quebrada_y_rio_de_creciente","Quebrada y río de creciente rápida","paisaje","1","","3","","Agua de montaña que sube rápido: la quebrada por la que baja la carcajada del Patetarro y la Poceta de la Virgen de María la Larga. No se parece al bajo Atrato ni es un rasgo más de la loma."
"antioquia-occidente-mixto","paisaje_bajo_atrato","El bajo Atrato","paisaje","1","","2","","Río ancho de tierra caliente, selva y rutas fluviales: el territorio de las dos páginas canon y el único que no es andino. Sin esta lámina, Dobaida se ilustraría con lomas antioqueñas, que es exactamente el error de desplazamiento que el expediente denuncia."
"antioquia-occidente-mixto","hoja_utileria_finca_y_camino","hoja_utileria_finca_y_camino","objeto (hoja de agrupación)","1","","5","","Lo que se lleva y se usa en la finca y en el camino de herradura. Cinco piezas a escala de mano; el cordón del Señor Caído es la única protección documentada del corpus."
"antioquia-occidente-mixto","hoja_utileria_colonial_y_del_oro","hoja_utileria_colonial_y_del_oro","objeto (hoja de agrupación)","1","","5","","Las piezas de mesa de las páginas coloniales y de las dos que hablan de oro. El mapa es la más importante: resume el mecanismo entero de las dos rutas Dobaida, donde un nombre se vuelve punto y el punto se vuelve expedición."
"awa","barbacha","La barbacha (negra y blanca)","planta","1","","1","","Es la materia de la que nace la gente y el objeto por el que se cuenta el relato: la fibra oscura crece hacia abajo hasta tocar la tierra y toma forma humana, y después baja una más clara que se transforma en mujer. Una hoja con las dos fibras —negra y blanca—, su textura colgante y su humedad, que es lo primero que bebe la mujer."
"awa","arbol_grande","El árbol grande","planta","1","","1","","Entre árboles viejos cubiertos de barbacha, «uno de aquellos árboles sobresalía por su tamaño». Es el eje del origen y el centro de las dos escenas planeadas; en la formulación del Plan de Vida del Putumayo está en la cabecera y a la orilla de un río. No se funde con el paisaje: es un individuo con identidad."
"awa","attim_awa","Attɨm Awá, el primer hombre","personaje","2","anciano_encanecido","1","","Hombre grande y de piel oscura que camina solo por la selva, come los frutos del akal kih y cuida la montaña y sus animales. El estado extra lo exige el relato y cambia el cuerpo: «Pasaron muchos años. El primer hombre envejeció, encaneció y siguió viviendo sin compañía», y es ya viejo cuando aparece la mujer. El tríptico necesita las dos edades."
"awa","primera_mujer","La primera mujer","personaje","1","","1","","Mujer joven formada por la barbacha clara al tocar el suelo. Conduce el segundo movimiento: acepta acompañarse, tiene sed, toma la humedad de la barbacha y encuentra al cangrejo. La formación gradual que registra Sinsajoa —primero la cabeza, luego el cuerpo— se declara como variante dentro de su hoja."
"awa","kippu","Kippu, el cangrejo","animal","1","","1","","Único animal con acción del primer relato y la bisagra del agua: está asociado con el agua guardada bajo la tierra y con el río Chatanalpí. Las versiones difieren —ofrece agua y hace llegar la lluvia, o la mujer lo saca de su cueva y la quebrada queda seca—, así que la ficha fija el cuerpo y deja las dos salidas abiertas."
"awa","familia_inkal_awa","Los hijos y la continuidad de la gente Awá","colectivo","1","","2","","Cierra el primer relato: los hijos crecen, comparten los trabajos y dan continuidad a la gente Awá en la montaña. Es la gramática de cuerpos Awá corrientes y presta figuras a la familia de la que las hormigas traen noticias en el segundo relato."
"awa","montana_selva_awa","La montaña Awá: selva, ríos y cueva","paisaje","1","","2","","El mundo de arriba en los dos relatos: árboles viejos cubiertos de barbacha, animales y aves, el río Chatanalpí, la quebrada, la cueva del cangrejo y la cueva del armadillo por donde se desfonda la tierra. La regla de no poner rostro a los árboles viaja dentro de esta hoja, porque el relato dice que hablan pero no los describe."
"awa","los_dos_hermanos","Los dos hermanos cazadores","colectivo","1","","1","","Conducen el segundo relato entero: siguen al armadillo, uno entra a la cueva mientras el otro lo sostiene por los pies, caen juntos, trabajan en el mundo de abajo, y después uno muere en la peña y el otro regresa. La fuente no los describe por separado, así que una sola hoja fija dos figuras distinguibles —mayor y menor— en vez de dos fichas de identidad inventadas."
"awa","armadillo","El armadillo","animal","1","","1","","Es el animal por el que se cuenta el relato: lo siguen, se mete en la cueva, arrastra al cazador hacia el fondo y provoca la caída; abajo lo llaman zapallo y lo preparan como alimento. La variante en que aparece sentado en una casa con sombrero bien tejido se declara dentro de su hoja, sin fundirla con el texto principal."
"awa","ishkum_awa","Los Ishkum Awá, la gente que come humo","colectivo","1","","1","","Habitantes de Maza Su: personas diminutas, de nariz grande, que hablan awapit y que no comen como los hermanos —acercan la nariz, aspiran el vapor y quedan satisfechas. Esa forma de alimentarse es su rasgo y va en su hoja. Su segunda forma no se resuelve aquí sino en la ficha de las hormigas, y el par de hojas es lo que sostiene la revelación."
"awa","hormigas","Las hormigas (y el kuguin)","animal","1","","1","","«Vieron a la gente entrar con la carga en una peña. Comprendieron que aquellas personas también eran hormigas». Una sola hoja de hormiga cubre esa segunda forma, a las hormigas que vienen del mundo de arriba con noticias de la familia y al kuguin que ofrece el regreso por un quintal de maíz. La escena vertical ya pide un sendero de hormigas y granos."
"awa","maza_su","Maza Su, el mundo de abajo","paisaje","1","","1","","Escenario del acto y el hallazgo visual del corpus: también allí hay montaña y ríos, pero las casas, el chiro y el maíz son muy pequeños, un puente es apenas una raíz de rascadera y la gente entra con la carga en una peña. Esta hoja fija la regla de escala completa, incluidas las casas diminutas y la peña; sin ella todo el relato se desarma."
"awa","hoja_utileria_awa","hoja_utileria_awa","objeto (hoja de agrupación)","1","","4","","Cuatro piezas menores, todas del segundo relato: el alimento pequeño, el puente que es una raíz, la hoja del regreso y el grano del pago. El primer relato no aporta ningún objeto de mano, así que no hay más que agrupar. La hoja depende de la regla de escala de Maza Su y debe mostrar cada pieza en los dos tamaños."
"barasana","jaguares_de_yurupari","Los Jaguares de Yuruparí","colectivo","1","","1","","Conducen el relato entero: piensan que la gente necesitará frutos, señalan Badi Serero como centro de dispersión, crean al Torcedor de Cumare y trenzan y amarran con los demás. La escena horizontal aprobada ya los lleva a imagen como «figuras jaguar». SENSIBLE: se ficha el cuerpo jaguar y nada más —ningún instrumento, ninguna regalía ceremonial, ningún contexto de iniciación—; el nombre es público en la publicación comunitaria, el aparato ritual no."
"barasana","kata_bahi","Kata Bahi, la pava","animal","1","","1","","Recibe un territorio y una responsabilidad sobre los frutos y la adornan para la tarea; abre la escena horizontal aprobada. Ave con nombre propio, función y ornamento documentados: no es fauna de fondo."
"barasana","torcedor_de_cumare","El Torcedor de Cumare","personaje","1","","1","","Creado expresamente para preparar las fibras con que los racimos permanecen unidos a los árboles; clava las fibras y arranca el trenzado colectivo. Es el oficio que da nombre al personaje, así que las fibras van en su ficha."
"barasana","diablo_de_breo","El Diablo de Breo","criatura","1","","1","","Llega con el Torcedor de Cumare y es uno de los tres que se reúnen con los Jaguares en la maloca de origen; el relato lo cuenta entre los cuatro agentes del trabajo colectivo. Cuerpo propio, nombrado, no una variante de los jaguares."
"barasana","gente_frutales_silvestres","La Gente de los Frutales Silvestres","colectivo","1","","1","","Es el objeto por el que se cuenta el relato —el título de la narración de Jaime Giraldo es «Surgimiento de la Gente de los Frutales Silvestres»— y tiene cuna documentada: la palma de almidón de achiote. No conducen la acción, pero el relato existe para explicar su origen."
"barasana","palmas_y_frutales_silvestres","Las palmas y árboles frutales silvestres","planta","1","","1","","Lámina botánica comparativa con las especies nombradas y sus destinos: almidón de achiote (cuna de la Gente), ibacaba enviada al oriente, asaí en sabanas y orillas, caraná en otras sabanas con sus mojojoyes, siringa y castaña con alturas propias. Una sola ficha porque la narración las distribuye como un conjunto; si el editor exige legibilidad por especie, aquí es donde el censo crece a dos."
"barasana","danta_barasana","La danta","animal","1","","1","","«La danta llegó con elementos propios y se vinculó con otra danza»: entra por su cuenta en el reparto del calendario y aparece explícitamente en la escena vertical aprobada. Se ficha el animal; la danza con la que se vincula queda excluida."
"barasana","kahe_sawari","Kahe Sawari","personaje","3","copo de algodón | araña","1","","Protagonista del relato de surgimiento y el cuerpo con más transformaciones mostradas del corpus. Los dos estados cuestan ficha porque el relato los muestra y cambian la silueta por completo: «convertido en un copo de algodón» al caer al mundo inferior y «se transformó en araña para resistir» el fuego del Sol. Sus huesos y su cuerpo final quedan en la ficha base."
"barasana","sawa_sawa","Sawa Sawa","personaje","2","guacamaya","1","","Hermano menor y antagonista: se une a la esposa de Kahe Sawari, prepara la trampa de la abertura y lo pierde otra vez en el árbol de guacamayas. El estado cuesta ficha porque está mostrado y cambia la silueta: él y la mujer «se transformaron en guacamayas». La lámina de estado muestra a la pareja transformada."
"barasana","kata_yai","Kata Yai","personaje","1","","1","","Hijo de Kahe Sawari y protagonista del acto final: recorre los Cerros-Estantillos, encuentra los restos de su padre, asume la tarea abierta, reúne a los grupos y en Yebai Bota transforma sus espíritus en personas. Es el eje de la escena vertical aprobada."
"barasana","sol_barasana","El Sol","deidad_fuerza","1","","2","","Dos relatos con cuerpo reconocible: en el surgimiento es dueño del tiempo y la luz, navega en su embarcación de fuego y reconoce el poder de Kahe Sawari; en M.3 es el hermano menor que rechaza la propuesta de Luna, toma el día y se aparta. Misma figura del área cultural que Abe (Desana) y el Sol Tucano; ficha propia con su nombre y su evidencia."
"barasana","embarcacion_de_fuego_del_sol","La embarcación de fuego del Sol","objeto","1","","1","","Kahe Sawari la ve pasar desde el árbol de guama y pide subir; es el escenario de la prueba de fuego con la que ambos demuestran que son parientes. Vehículo con materia propia, distinto de la canoa-anaconda del origen."
"barasana","anaconda_celeste","Anaconda Celeste","criatura","1","","2","","Dos relatos: extiende su cuerpo para rescatar a Kahe Sawari desde el hueco —camino ligado a conocimientos de protección— y encabeza uno de los cuatro linajes de anacondas ancestrales. Está en la escena horizontal aprobada del surgimiento."
"barasana","anaconda_yeba","Anaconda Yeba","criatura","1","","1","","Es el objeto por el que se cuenta el relato y el linaje que el mapa publicado identifica con Barasana e Itana. El relato exige que no se la presente «como mascota, monstruo ni creadora solitaria»: la ficha debe leerse como parte de una red de ancestros. No es la Yeba del octavo conjunto de Hugh-Jones."
"barasana","anacondas_ancestrales","Las anacondas ancestrales","colectivo","2","forma humana tras la segunda etapa","1","","Parten de la primera Maloca de Origen y no son «un solo animal indiferenciado». El estado cuesta ficha porque el relato lo muestra y cambia la silueta: «En la segunda dejan la forma de anaconda y se vuelven hombres. En la tercera, ya con forma humana, completan conocimientos». Absorbe a Anaconda Remedio, Anaconda de Agua y al Gran Chamán Anaconda."
"barasana","luna_muyhu","Luna (Muyhu / Abe)","deidad_fuerza","3","rostro marcado con pintura negra | armadillo","2","","Dedupe clave del corpus: aunque las páginas estén separadas (M.4 y M.3 en la fuente), es la misma figura y una sola ficha con dos estados, no dos personajes. Ambos estados están mostrados y cambian la lectura del cuerpo: «Al amanecer Luna vio la señal» y «Luna adopta la forma de un armadillo y busca huesos bajo el suelo». SENSIBLE: la marca debe ser un manchón de pigmento sin diseño, nunca una pintura facial documentada. Su muerte y regreso se resuelven como fase, no como cuarta ficha."
"barasana","meneri_ya","Méneri-Ya","personaje","1","","1","","Conduce medio relato: prepara la pintura y marca el rostro de su visitante nocturno, sube al cielo por la rama del caimo, desciende por el hilo, camina buscando a su familia, desobedece el aviso y muere en la casa de los jaguares. Está en la escena horizontal aprobada. Las abejas que rodean su cabeza van en su ficha."
"barasana","warimi","Warimi","personaje","2","recién nacido que salta al agua","1","","El estado cuesta ficha porque está mostrado y cambia la silueta: nace del vientre abierto, «saltó al agua y escapó», y la escena vertical aprobada es exactamente eso. La ficha base es el joven que se hace llamar Amargo, arma el puente y persigue a Rame. Su cambio de forma genérico no cuesta ficha: el relato lo afirma sin describir ninguna forma."
"barasana","umu","Umu","animal","1","","1","","Ave compañera de Méneri-Ya que conduce el rescate: ve su reflejo en una vasija de agua, vuela hasta ella y regresa por el canasto del hilo con el que ella desciende. Nombrada y en la escena vertical aprobada como silueta en el cielo."
"barasana","jaguares_del_trueno","Los Jaguares del Trueno","colectivo","1","","1","","Dueños de la casa donde muere Méneri-Ya y a los que Warimi hace caer al río desde el puente. Ficha aparte de los Jaguares de Yuruparí: son nombres, fuentes y funciones distintas (Hugh-Jones M.4 frente a la narración ACAIPI) y el canon prohíbe fundir versiones por semejanza."
"barasana","madre_de_los_jaguares","La madre de los jaguares","personaje","1","","1","","Conduce varias acciones: intenta esconder a Méneri-Ya, la advierte, pide sus entrañas para lavarlas por separado y al abrir el vientre encuentra a Warimi. Es la anciana que hace posible el nacimiento; cuerpo diferenciado del colectivo jaguar."
"barasana","meni_chaman","Meni Chamán","personaje","1","","1","","Recibe a Warimi en su casa y lo cría mientras crece con rapidez. Personaje mítico nombrado, no un especialista ritual vivo como el sabedor ~kubu: por eso tiene ficha y aquél no. El contrato debe dejarlo sin parafernalia ritual ni atributos de oficio."
"barasana","rame_aguila","Rame, el águila que comía gente","criatura","1","","1","","Cierra el ciclo: Warimi la persigue y la vence después de varios intentos. Criatura nombrada con función propia y cuerpo reconocible, el último antagonista del relato."
"barasana","gente_del_cielo","La Gente del Cielo","colectivo","1","","1","","Conducen la acción que funda la periodicidad lunar: reúnen los restos de Luna deshechos junto al río y lo devuelven a la vida. Colectivo nombrado y de plano propio, distinto de la gente Barasano."
"barasana","arbol_de_caimo","El árbol de caimo","planta","1","","1","","No es vegetación de fondo: conduce una acción, «una rama la impulsó al cielo». Es el mecanismo del ascenso de Méneri-Ya y la bisagra entre el plano terrestre y el celeste."
"barasana","puente_de_warimi","El puente de Warimi","arquitectura","1","","1","","Es el instrumento del desquite: lo arma, hace que los jaguares lo crucen durante una danza y suelta las amarras para que caigan al río. Estructura con función narrativa completa; permite resolver el episodio sin representar la danza, que queda excluida."
"barasana","corona_luminosa_de_luna","La corona luminosa de Luna","objeto","1","","1","","Es el objeto por el que gira el acto y el centro de la escena vertical aprobada: llena de claridad el interior de la casa, al quitársela todo cambia, la cubren con la vasija y al recuperarla Luna vuelve al cielo."
"barasana","vasija","La vasija","objeto","1","","2","","Dos relatos y tres usos que comparten forma: la vasija de agua donde Umu ve el reflejo de Méneri-Ya, la vasija con que el hombre escondido cubre la corona, y el cielo entendido como «una gran vasija alrededor de la cual viaja Sol». Una ficha de objeto con esa triple lectura, no tres."
"barasana","hombre_escondido","El hombre escondido en lo alto de la casa","personaje","1","","1","","Conduce el acto: observa toda la escena desde arriba y, cuando Luna deja la corona en el poste central, la cubre con la vasija y deja la casa a oscuras. Sin nombre pero con acción propia y posición fija; no es un miembro genérico del colectivo."
"barasana","casa_abandonada","La casa abandonada","arquitectura","1","","1","","Escenario del acto y no intercambiable con la maloca habitada: es una casa vacía a la que Luna desciende, con un poste central donde deja la corona y una rendija por la que vuelve a entrar la luz. Absorbe el poste y la rendija."
"barasana","gente_barasano","La gente Barasano","colectivo","1","","3","","Gramática de grupo base: los grupos que Kata Yai reúne y cuyos espíritus transforma en personas en Yebai Bota, los pueblos que surgen con su lengua en las cabeceras del Pirá, y las mujeres, niños y familias del relato territorial. El narrador cierra el surgimiento diciendo que «esta es la historia del surgimiento Barasano y no otra»: esta ficha carga ese límite."
"barasana","maloca_barasana","La maloca","arquitectura","1","","4","","Arquitectura maestra del corpus, en cuatro relatos. Absorbe la Casa de Origen de los Frutales, la Maloca de Origen de las anacondas, las tres malocas del proceso de transformación y la maloca del gran río donde emergieron pueblos: son la misma casa larga en momentos distintos, y la luminosidad es tratamiento, no edificio nuevo. SENSIBLE: no representar el interior durante un baile."
"barasana","cerros_estantillos","Los Cerros-Estantillos","paisaje","1","","2","","Dos relatos: Kahe Sawari los observa desde el hueco y Kata Yai los recorre, y el relato territorial los explica como soportes de una arquitectura que sostiene cielo, territorio y memoria «como los postes de una casa». Una ficha de conjunto con variantes: los cerros nombrados individualmente son miembros de esta enumeración, no fichas."
"barasana","hueco_de_guacamaya","El Hueco de Guacamaya","lugar","1","","2","","Dos relatos con cuerpo reconocible: el árbol de guacamayas en cuyo hueco Sawa Sawa intenta perder a Kahe Sawari y desde el que éste llama a Anaconda Celeste, y el lugar de Araracuara que la lista territorial recuerda. Está en la escena horizontal aprobada del surgimiento."
"barasana","yebai_bota","Yebai Bota","lugar","1","","1","","Escenario del acto final del relato: allí Kata Yai transforma los espíritus en personas y ellas reciben lengua, territorio y elementos para continuar su vida. Lugar nombrado y no intercambiable con el paisaje fluvial."
"barasana","waiya_goheri","Waiya Goheri","lugar","1","","1","","Escenario del acto culminante: en las cabeceras del Pirá Paraná las anacondas «culminan la tarea de hacer amanecer a la gente» y cada pueblo surge con su lengua. Es el destino de toda la Cuerda de Leche."
"barasana","rio_de_leche","El Río de Leche","paisaje","1","","1","","El Amazonas nombrado como Río de Leche, un extremo de la Cuerda de Leche de la Evolución, con materia propia que lo separa de las aguas negras del Pirá. Absorbe la Puerta de las Aguas, que es su desembocadura. Misma familia de imagen que el Lago de Leche desana, fichado aparte allí."
"barasana","rio_pira_parana","El Pirá Paraná","paisaje","1","","2","","El otro extremo de la cuerda, nombrado en la fuente como Río de Aguas de Yuruparí, y el eje del territorio que explican los cerros. El nombre es público en la publicación comunitaria; lo restringido son los instrumentos, no el topónimo."
"barasana","selva_pira_parana","La selva del Pirá Paraná","paisaje","1","","3","","Paisaje maestro de tierra en tres relatos: la selva luminosa donde se atan los racimos, el bosque por el que camina Méneri-Ya y el mundo inferior, al que la fuente no da ningún rasgo que lo distinga del bosque con río y árboles de guama. Fija escala y materia vegetal."
"barasana","chagra_barasana","La chagra","lugar","1","","2","","El espacio cultivado que el relato territorial relaciona con Chiribiquete, el crecimiento de la yuca y la vida de mujeres y niños, y que la escena vertical aprobada pone junto al cuenco de cera y al cerro. Distinto de la selva silvestre donde se amarran los frutos."
"barasana","cera_de_abejas","La Cera de Abejas","objeto","1","","1","","Es medio título del relato y una materia con formas propias: cerros nombrados como cúmulos, murallas o recipientes de cera, el Cerro de Leche Pura conectado con su origen, y la cera usada para el cuidado de la maloca. La escena vertical aprobada la muestra como cuenco. Absorbe el cuenco."
"barasana","gran_quema","La gran quema","fenomeno","1","","1","","Kahe Sawari la enciende tras los engaños repetidos y es el acto que precipita las transformaciones finales de Sawa Sawa y la mujer y el fin de su propio cuerpo. Fenómeno con fases dentro de un relato que ya tiene sus tres transformaciones fichadas aparte."
"barasana","eclipse_y_luna_roja","El eclipse y la luna roja","fenomeno","1","","1","","«En ciertos momentos su cuerpo se vuelve rojo y parece morir; la narración relaciona esa transformación con los eclipses y con la luna roja». Va como regla de fenómeno y no como cuarta ficha de Luna porque es un cambio de color y de fase, no de silueta. El relato lo enlaza con la lectura de señales sobre vida y muerte, que no se representa."
"barasana","calendario_y_epocas","El calendario de épocas: día, noche y estaciones","fenomeno","1","","3","","Dedupe fuerte: los tres relatos tratan el mismo sistema. La época de frutas silvestres y su escena vertical de calendario circular, los cambios de las épocas que recorre el pensamiento territorial, y la alternancia día/noche ligada a verano y lluvia según la altura del recorrido de Sol. Una sola regla con fases; absorbe nubes y relámpagos."
"barasana","hoja_utileria_barasana_1","hoja_utileria_barasana_1","objeto (hoja de agrupación)","1","","5","","Los cinco objetos menores del ciclo de Muyhu, Méneri-Ya y Warimi: la pintura negra, la hamaca, el canasto del hilo, el hilo del descenso y el tiesto. SENSIBLE: el pigmento va como materia en un recipiente y el tejido del canasto sin patrón atribuido a ningún clan; ningún diseño facial ni ornamental documentado entra en esta hoja."
"barasana","hoja_utileria_barasana_2","hoja_utileria_barasana_2","objeto (hoja de agrupación)","1","","3","","Los tres objetos menores restantes del corpus: las amarras del puente de Warimi, el achiote con que se marcan las fibras y las semillas que las anacondas reciben en el recorrido. Los ornamentos y elementos ceremoniales del mismo pasaje de las anacondas quedan excluidos y no entran aquí."
"bogota-sabana-mestizo","antonin","Antonín, el comandante de circulación","personaje","1","","1","","Protagonista con el vestuario más descrito del corpus (gorra roja, camisa verde, cinturón negro, pantalón amarillo, botas azules) y acción propia: detiene el tránsito y corre junto al vagón."
"bogota-sabana-mestizo","eduardo_arias","Eduardo Arias Jiménez, el orador de calle","personaje","2","orador de calle con libro cerrado | representación de Merlín con manto y sombrero","1","","El relato escenifica el cambio de traje (cambia el sombrero y el manto junto a la totuma de chicha) y la silueta cambia con él: es el único caso del corpus donde el disfraz es la acción."
"bogota-sabana-mestizo","margarita_villaquira","Margarita Villaquirá","personaje","2","vestido rojo en la calle | hábito gris en el patio del asilo","1","","Las dos escenas de la página montan los dos estados y el cambio de prenda es el eje del relato: en la calle deja el vestido rojo y adentro recibe el hábito gris."
"bogota-sabana-mestizo","jose_raimundo_russi","José Raimundo Russi","personaje","1","abogado que se defiende ante el tribunal | aparición nocturna en La Candelaria","2","","Reaparece en dos relatos. El estado espectral no cuesta ficha: la propia página pide «silueta sobria, sin cadenas ni horror», es decir el mismo cuerpo."
"bogota-sabana-mestizo","florentino","Florentino, el constructor del puente","personaje","1","","1","","Conduce todo: firma el pacto, esconde al sacerdote y pide la absolución en el último minuto."
"bogota-sabana-mestizo","manuelito_llanos","Manuelito Llanos","personaje","1","","1","","Descrito con precisión (joven, vestido de blanco, pañuelo rojo al cuello) y su ropa es la prueba que lo incrimina: la ficha es el relato."
"bogota-sabana-mestizo","juan_miguel_acevedo","Juan Miguel Acevedo","personaje","1","","1","","La revisión lo declara el Hombre del Farol del título; porta el farol en la portada y su declaración libera a Manuelito. No se funde con él: el relato existe porque son dos."
"bogota-sabana-mestizo","diego_barreto","Diego Barreto","personaje","1","","1","","Protagonista de las dos escenas: descubre la pieza y marca la entrada con la espada."
"bogota-sabana-mestizo","ezequiel","Ezequiel, el autor de la carta","personaje","1","","1","","Sube al tranvía y desaparece con él; está en las dos escenas. Es personaje ficticio declarado, no testigo."
"bogota-sabana-mestizo","nina_de_la_quinta","La niña de la Quinta","personaje","1","","1","","Es quien ve, persigue y encuentra el ramo; ocupa las dos escenas. El relato no le da nombre pero sí toda la acción."
"bogota-sabana-mestizo","el_taxista","El taxista","personaje","1","","1","","Conduce, espera, entra a la funeraria y reconoce el rostro: sin él no hay relato, y está en las dos escenas."
"bogota-sabana-mestizo","alvaro_sanchez","Don Álvaro Sánchez","personaje","1","","1","","Jugador nombrado de Las Nieves; desmonta en la portada y su ausencia es lo que la mula sigue buscando."
"bogota-sabana-mestizo","el_diablo","El Diablo (Satanás)","criatura","1","","1","si","PANREGIONAL: el pacto diabólico recorre varios corpus del censo. Lo sabanero de esta versión: no negocia en una encrucijada ni con un arriero, sino con un contratista de obra pública; organiza una cuadrilla de obreros infernales sobre el río Bogotá, recita una copla y al perder lanza una coz que deja huella de pata en un sillar. Es diablo de ingeniería, no de monte."
"bogota-sabana-mestizo","la_casaca_verde","La Casaca Verde","criatura","1","","1","","Única aparición del barrio con cuerpo descrito: peluca, chaqueta verde y pantalón hasta las rodillas. El color es lo que permite reconocerla al pasar de una casa a otra; la identificación con un virrey se declara anacrónica y no se dibuja."
"bogota-sabana-mestizo","mujer_de_negro_quinta","La mujer de negro de la Quinta («la Monja de las Rosas»)","criatura","1","","1","","Aparición con cuerpo declarado: vestido negro de otro tiempo. La revisión prohíbe el hábito blanco y la biografía conventual, así que la ficha es una mujer de negro, no una monja."
"bogota-sabana-mestizo","monja_pasajera","La monja pasajera","criatura","1","pasajera en el asiento trasero","1","","Cuerpo distinto de la anterior: hábito religioso completo, años noventa. No se ficha el cadáver: la escena vertical elige el retrato junto al ataúd y no el cuerpo, así que no hay cambio de silueta que cobrar."
"bogota-sabana-mestizo","bruja_del_tranvia","La Bruja del Tranvía","criatura","1","","1","","El relato le niega escoba, caldero y transformación animal: es una mujer sentada bajo una lámpara cuyo poder es atraer. No la marco panregional aunque «bruja» reaparezca en otros corpus (Clementina, en Caldas): comparten la palabra, no el cuerpo, y la propia página separa a la Bruja del Cortijo."
"bogota-sabana-mestizo","esqueletos_caminantes","Los dos esqueletos caminantes","criatura","1","","1","","Una sola ficha para los dos: el cuento insiste en que «a simple vista parecen iguales» y esa igualdad es su tesis. Sin ropa, sin dinero, sin señales de oficio."
"bogota-sabana-mestizo","senor_caido","El Señor Caído de Monserrate","deidad_fuerza","1","talla bajo el peso de la cruz","1","","Talla devocional con voluntad atribuida: se hace pesada para no bajar del cerro. El cabello que crece no cambia la silueta y no cuesta ficha extra."
"bogota-sabana-mestizo","diablillos","Cuadrilla de diablos y diablillos","colectivo","1","","1","","Actúan como cuerpo propio: forman la fila que pasa las piedras y caen al río con la bendición. No son variantes de Satanás, son obreros de otra escala."
"bogota-sabana-mestizo","colectivo_vecinos_artesanos_santafe","Vecinos, artesanos y transeúntes de Santafé (siglos XVIII y XIX)","colectivo","1","","8","","AQUÍ ESTÁ EL AHORRO GRANDE: ocho relatos pedían gente de época y es una sola hoja (ruana, sombrero, faldas largas, delantal de taller). Cubre público, artesanos, peregrinos con vela, cargadores del anda, conjurados de 1828, aguadores y padres de familia."
"bogota-sabana-mestizo","colectivo_transeuntes_siglo_xx","Transeúntes bogotanos del siglo XX","colectivo","1","","7","","Segunda hoja de multitud, inevitable: entre 1884 y los noventa la ropa no es la misma que la de Santafé. Cubre pasajeros, oficinistas, estudiantes, visitantes de museo, familia de velorio y la guía del recorrido nocturno."
"bogota-sabana-mestizo","colectivo_autoridades_funcionarios_clero","Autoridades, funcionarios y clero de la ciudad","colectivo","1","","4","","Una hoja para cuatro relatos: policías que ejecutan la orden de reclusión, funcionarios del tribunal, el que lee el decreto de libertad y el sacerdote que bendice el puente. Ninguno tiene rasgo individual descrito."
"bogota-sabana-mestizo","el_gallo","El gallo del amanecer","animal","1","","1","","Pequeño pero decisivo: su canto rompe el pacto antes de la última piedra. Es el que cobra, así que tiene ficha."
"bogota-sabana-mestizo","la_res_toro","La res suelta (el toro)","animal","1","","1","","Conduce la acción: corre, entra al edificio y embiste. La revisión retira casta exacta y Minotauro, así que es una res asustada, no un monstruo."
"bogota-sabana-mestizo","mula_parda_herrada","La Mula Herrada de Las Nieves","animal","1","ensillada con jinete | ensillada y sin jinete","1","","Mula parda ensillada y bien herrada; la montura vacía es la imagen final. NO la marco panregional: la página separa expresamente los homónimos de Honduras y México (hija castigada, fraile) y no los funde, así que aquí no hay figura nacional compartida sino una mula de barrio con jinete propio."
"bogota-sabana-mestizo","tranvia_bogotano","El tranvía de Bogotá","objeto","1","tranvía de mulas y eléctrico | tranvía blanco nocturno","3","","Tres relatos y una sola ficha. El tranvía blanco de Ezequiel es un cambio de color, no de silueta: no cuesta hoja."
"bogota-sabana-mestizo","el_farol","El farol","objeto","1","encendido | apagado sobre la mesa","2","","Objeto por el que se cuenta el relato del 25 de septiembre de 1828: la luz que identifica mal. Cubre también la lámpara pequeña con que Diego alumbra la gruta."
"bogota-sabana-mestizo","mono_de_la_pila","El Mono de la Pila y su fuente","objeto","1","figura sobre la fuente ornamentada","1","","Es el objeto por el que se cuenta el relato. Una sola ficha para figura y pila: son la misma pieza en el uso popular. Original y réplica de San Diego comparten silueta."
"bogota-sabana-mestizo","venado_de_oro","El venado de oro","objeto","1","entero en la gruta | sin los cuernos","1","","Pieza de tamaño natural, inmóvil. El relato insiste en que no corre, no habla y no guía: es tesoro, no animal. Los cuernos retirados son un estado del mismo objeto."
"bogota-sabana-mestizo","ramo_rosas_amarillas","El ramo de rosas amarillas","objeto","1","","1","","Es el objeto por el que se cuenta el relato y lo único que queda en el lugar de la desaparición; da el título a la página."
"bogota-sabana-mestizo","taxi_amarillo","El taxi amarillo de los años noventa","objeto","1","","1","","Escenario móvil del primer acto y motivo de la deuda que empuja al taxista adentro de la funeraria."
"bogota-sabana-mestizo","calle_bogotana","La calle bogotana","arquitectura","2","empedrada colonial y republicana, con balcones, faroles y placas antiguas | misma traza con rieles, automóviles, buses y camiones","10","","Diez relatos, una entidad. Cobro dos hojas y no diez porque entre 1828 y 1994 cambia todo lo que se dibuja en la calzada, no porque cambie la calle. Cubre la Calle del Fantasma, Las Nieves, la calle comercial de Arias y la fachada del Palacio de San Carlos."
"bogota-sabana-mestizo","casa_colonial_zaguan_patio","Casa colonial de zaguán, patio y balcón","arquitectura","1","","4","","Segunda gran deduplicación: el patio por donde cruza la Casaca Verde, el interior de la casa de juego de Las Nieves, el estrado del tribunal y el patio del asilo son el mismo tipo de interior; lo que cambia es el mobiliario, no la arquitectura."
"bogota-sabana-mestizo","plaza_mayor_santafe","La Plaza Mayor (Plaza de Bolívar)","arquitectura","1","","3","","Escenario de tres actos distintos —la fila del agua, la bandera de Margarita y la ejecución— y no es intercambiable con la calle: es plano abierto con fachadas de fondo."
"bogota-sabana-mestizo","cerro_y_santuario_monserrate","Cerro y santuario de Monserrate","paisaje","1","","2","","Pendiente, niebla, sendero y la ermita en la cima en una sola hoja. Cubre también la ladera de Guadalupe, que es el mismo cerro oriental visto desde el otro lado."
"bogota-sabana-mestizo","gruta_de_guadalupe","La gruta del cerro de Guadalupe","lugar","1","","1","","Interior de cueva con entrada marcada: escenario del hallazgo y de la muerte, y no se resuelve con el exterior del cerro."
"bogota-sabana-mestizo","puente_del_comun","El Puente del Común","arquitectura","1","en obra, con un hueco por cerrar | terminado, con la huella marcada en un sillar","1","","Cinco arcos de piedra sobre el río, en Chía: único escenario rural del bucket y el objeto de la apuesta. La piedra con la huella de pata es un detalle del mismo modelo, no otra ficha."
"bogota-sabana-mestizo","vestibulo_y_ascensor","Vestíbulo de oficinas con ascensor antiguo","arquitectura","1","","1","","Superficies lisas, pasillos y hojas metálicas que se abren: la frontera mecánica es el relato. Nada en el corpus colonial lo cubre."
"bogota-sabana-mestizo","quinta_de_bolivar","La Quinta de Bolívar, casa y jardín","arquitectura","1","","1","","Casa republicana de campo con jardín de árboles y senderos: el acto ocurre en el jardín, que ningún patio de La Candelaria reemplaza."
"bogota-sabana-mestizo","sala_funeraria_y_morgue","Interior funerario moderno (sala de velación y morgue)","arquitectura","1","sala de velación con ataúd y retrato | corredor y puertas de morgue","2","","Dos relatos comparten el mismo interior institucional de la muerte; el cambio es de mobiliario. Las puertas sobrias que pide la escena de los esqueletos salen de aquí."
"bogota-sabana-mestizo","hoja_utileria_calle_y_oficio","hoja_utileria_calle_y_oficio","objeto (hoja de agrupación)","1","","5","","Cinco objetos menores de la vida de calle: se producen en una lámina y se reutilizan en cinco relatos."
"bogota-sabana-mestizo","hoja_utileria_papeles_y_pruebas","hoja_utileria_papeles_y_pruebas","objeto (hoja de agrupación)","1","","4","","El bucket es de expedientes: defensa, decreto, carta ficticia y la pieza de museo. Cuatro piezas en una lámina."
"bogota-sabana-mestizo","hoja_utileria_devocion_y_tesoro","hoja_utileria_devocion_y_tesoro","objeto (hoja de agrupación)","1","","3","","Tercera lámina: lo que se lleva al cerro, lo que marca la gruta y la utilería simbólica de los esqueletos."
"bolivar-cartagena-mestizo","juan-perez-de-luchando","Juan Pérez de Luchando y Yurreamendi","personaje","1","amortajado en lienzo de Castilla | resucitado, gateando","1","","Colonial, 1620. Hidalgo y contador de las reales cajas que muere y revive de un hisopazo. Conduce el acto central y su silueta amortajada no la cubre ninguna otra ficha. Los dos estados son el mismo cuerpo en la misma mortaja (tendido y de pie): una sola ficha."
"bolivar-cartagena-mestizo","marques-de-villalta","Marqués de Villalta, don Gonzalo de Herrera","personaje","1","","1","","Colonial. El texto le da cuerpo propio: rigidez de pavo real, hábito de Calatrava al pecho, gobernador retirado. Conduce la acción (encierra a la hija, maldice, retira el paño de luto del escudo) y no es intercambiable con el caballero criollo genérico."
"bolivar-cartagena-mestizo","domingo-da-cunha","Domingo da Cunha, zapatero lusitano","personaje","1","","1","","Colonial, comienzos del XVII. Zapatero y chapinero de Coimbra, de lengua suelta, protagonista y víctima del proceso inquisitorial. Oficio con indumentaria y gestos propios. El relato NO describe la ropa de penitente del auto de fe, así que no abro un estado: dibujarla sería inventarla."
"bolivar-cartagena-mestizo","don-blas-benito-de-paz-pinto","Don Blas Benito de Paz Pinto","personaje","1","","1","","Colonial XVII, con marco moderno. Judío portugués huido de la Inquisición, escultor de altares y benefactor; conduce todo el relato hasta entregarse al Santo Oficio. Su forma espectral no va aquí: la cubre `aparecido-de-corredor`."
"bolivar-cartagena-mestizo","basilio-criado-del-norte","Basilio, criado del norte de España","personaje","1","","1","","Colonial. El texto le da cuerpo explícito y distinto —vigoroso, de cabello dorado, del norte de España— y conduce acción: ayudó a Ximena a huir de la hoguera, esconde los documentos, acompaña a su señor al tribunal. No es esclavizado; es criado, y confundirlo sería un error del censo."
"bolivar-cartagena-mestizo","personas-esclavizadas-de-casa","Personas esclavizadas de casa señorial (Rosa, Felipe, porteadores mandingas, el anciano congo)","personaje","1","","3","","Colonial. Una ficha con figuras individuadas, no un fondo: Rosa y Felipe tienen nombre y oficio en la casa de Paz Pinto y reciben su libertad de manos del padre Claver; los mandingas cargan la litera de doña Mariana; el anciano congo de mona-mona es el testigo herido cuyas palabras resuelven el crimen. Se dibujan como personas con nombre, edad y oficio —nunca como ornamento ni como exotismo—, y por eso van juntas en una hoja de personajes y no repartidas como atrezo de otras fichas."
"bolivar-cartagena-mestizo","sor-ana-abadesa-arrodillada","Sor Ana del Perpetuo Socorro, la abadesa arrodillada","personaje","1","","1","","Colonial, sitio de 1815. Mercedaria descalza que vive de rodillas: la penitencia ES la silueta y no la cubre la ficha de monja de clausura. Es el objeto por el que se cuenta el relato."
"bolivar-cartagena-mestizo","simon-casiano","Simón Casiano","personaje","1","","1","","Colonial, fines del XVIII. Joven de la Costa del Oro, esclavizado por los Orellana de Azuá, con cuerpo descrito (fuerza y destreza) y una acción que desencadena todo el relato. Hombre con nombre y procedencia en su ciudad, no decorado de una fiesta colonial."
"bolivar-cartagena-mestizo","hija-de-cimarrones","La compañera de Simón, hija de cimarrones","personaje","1","","1","","Colonial. Sin nombre en el texto pero con procedencia declarada (hija de cimarrones) y acción propia: es a quien Simón ve sonreír y quien rueda por la pendiente. Ficha aparte de Simón a propósito: fundirla en la de él la devolvería a la condición de objeto de la disputa."
"bolivar-cartagena-mestizo","mona-palenquero","«Mona», palenquero del muelle","personaje","1","","1","","Cruza los dos tiempos (crimen colonial, escena en el muelle republicano). Es el personaje del título, es asaltado y es quien suelta la clave. Se dibuja a él, un hombre en su muelle; la 'comunidad palenquera' como entidad visual queda excluida por sensibilidad editorial."
"bolivar-cartagena-mestizo","blas-de-lezo","Don Blas de Lezo","personaje","1","","1","","Colonial, 1741. El relato lo pone en escena y describe la silueta inconfundible: cojo y mutilado, mirada única pero abarcadora, entrando al sarao detrás del Virrey. Ninguna otra ficha lo cubre."
"bolivar-cartagena-mestizo","caballero-criollo-colonial","Caballero criollo de capa y sombrero (siglos XVII–XVIII y la Independencia)","personaje","1","","14","","Aquí está el ahorro más grande del corpus. Catorce relatos ponen en escena al mismo hombre con otro nombre: don Álvaro de Enciso, don Manuel de Benavides, el capitán Azcoeta, Henrique de Ayos, José María, Alonso Ramírez, Juan Ignacio del Río, Miguel, Antonio, García de Toledo, el sobrino del Virrey, el gobernador de turno. Capa, sombrero, calzas, espadín al cinto. Una ficha con variantes de edad y rango dentro de la misma hoja, no catorce."
"bolivar-cartagena-mestizo","dama-criolla-colonial","Dama criolla de balcón y mantón (siglos XVII–XVIII y la Independencia)","personaje","1","","13","","El mismo ahorro por el otro lado: María del Pilar, doña Mariana, Isabel, Ana María, Raquel, Celina, Carlota, doña Dolores, Henriqueta, Rita, Eulalia y sus hermanas de Luna, Ximena (la de la Sombra y la del sueño de don Blas). Mantón, peineta, basquiña, clavel al balcón. Una ficha con variantes de edad, no trece."
"bolivar-cartagena-mestizo","matrona-criolla","Matrona criolla (madre, marquesa, dueña de casa)","personaje","1","","5","","La generación mayor de la élite manda en cinco relatos y no comparte silueta con la joven de balcón: terciopelo, luto, tocado cerrado, autoridad. Cubre a la marquesa Inés Lamadrid (que mueve todo maldito-sea-napoleon), a doña Cristina y doña Mercedes, a doña Henriqueta, a doña Aurora, a la madre de las de Luna y al coro de viejas."
"bolivar-cartagena-mestizo","monja-de-clausura","Monja de clausura (clarisa y mercedaria descalza)","personaje","1","","5","","Sor Angélica, Sor Fernanda, las clarisas, las mercedarias, las postulantes, la Raquel que va a tomar el hábito. La hoja carga las dos variantes de hábito que el corpus nombra (clarisa y mercedaria descalza); Sor Ana va aparte porque su silueta es la penitencia."
"bolivar-cartagena-mestizo","fraile-dominico","Fraile dominico","personaje","1","","3","","Colonial. Fray Jerónimo de Loayza y los cuatro frailes que zarpan con él en 1538, el noviciado que encuentra el tronco, Fray Pedro el confesor. Hábito blanco y capa negra: silueta que el clérigo secular no cubre y que el corpus usa tres veces."
"bolivar-cartagena-mestizo","sacerdote-secular","Sacerdote secular (cura, confesor, obispo)","personaje","1","","5","","El cura del hisopo, el padre Ledesma del santuario, el obispo que consiente la boda en el comulgatorio, el sacerdote de la capilla, el padre Pedro Claver entregando la libertad. Sotana y sobrepelliz; la mitra del obispo entra como variante en la misma hoja porque el relato no le da más cuerpo que el nombre."
"bolivar-cartagena-mestizo","alguacil-y-agente-de-la-ley","Alguacil del Santo Oficio y agente de la ley","personaje","1","","5","","Cinco relatos necesitan al hombre que viene a llevarse a alguien: los dos alguaciles de negras varas que entran al taller de Domingo, el alguacil que toca a la puerta de don Blas, el aguacil de la Calle de la Moneda, los dos 'vigilantes de la justicia' que asaltan a Mona, el guardián del camposanto y la policía que se llevan a Macú. La hoja lleva la variante colonial (vara negra) y la republicana (guardián/policía), que es la única concesión que hago a mezclar los dos tiempos en una ficha: el gesto y la función son el mismo y ninguno de los cuerpos está descrito."
"bolivar-cartagena-mestizo","estrellita-azuaga","Estrellita Azuaga","personaje","2","joven en escena, cantando | anciana de negro en el asilo","1","","Republicano, de finales del XIX a las primeras décadas del XX. Dos fichas porque el relato muestra explícitamente las dos siluetas y el paso de una a otra ES el relato: la muñequita trigueña nacida en alta mar que canta arias, y la mujer encorvada, de pelo gris y ropa negra, con el relicario en las manos. La compañía y don Arcadio van embebidos en su hoja."
"bolivar-cartagena-mestizo","macu","Macú, vendedor de camarones","personaje","1","","1","","Republicano. Viejo mestizo de pelo encanecido, con su batea de camarones rojos por las calles del Playón del Blanco. Oficio, edad y props propios; conduce todo el relato, incluida la profanación nocturna."
"bolivar-cartagena-mestizo","sabino","Sabino, pescador de La Boquilla","personaje","1","","1","","Republicano (usa dinamita). Pescador que sale solo con arpón a matar a la cojnúa y vuelve muriéndose con la cola del monstruo contra el pecho. Es el acto del relato y su cuerpo herido no lo cubre la ficha colectiva de pescadores."
"bolivar-cartagena-mestizo","marinero-del-mal-del-mar","El marinero balear del mal del mar","personaje","1","","2","","Republicano. Es el cuerpo mejor descrito de las 33 páginas: piel roja quemada, pelo rubio requemado bajo la gorra, uniforme blanco con dos anclas en las mangas, brazos tatuados de todos los puertos, ojos verdes descoloridos. La hoja sirve también para los marinos del 'Cúcuta' de marineritis, que llevan el mismo uniforme."
"bolivar-cartagena-mestizo","diego-soria-auriga","Diego Soria, el auriga","personaje","1","","1","","Republicano tardío (ya hay automóviles). Cochero viejo en el pescante de su coche de alquiler; oficio que desaparece y que es el tema del relato."
"bolivar-cartagena-mestizo","lechero-de-cantaros","Lechero de cántaros (Ezequiel Ramos / Luis Cachita)","personaje","1","","2","","Republicano. Dos relatos, dos nombres, un mismo cuerpo y un mismo atrezo: hombre de madrugada con cántaros y su bestia, repartiendo por las puertas. Ezequiel Ramos protagoniza zequiel y Luis Cachita es la explicación del caballo sin cabeza; una sola ficha con los dos nombres en la nota."
"bolivar-cartagena-mestizo","caballero-republicano","Caballero republicano de levita","personaje","1","","7","","El otro tiempo. Levita, cuello duro, sombrero de copa o de paja: Roberto el de Londres, Ernesto Reguel, Eladio el hijo que vuelve, el uxoricida de los ojos verdes y su padre de ojos verdes, el abogado de la celda, don Antonio B. Gulfo, Ricardo y los Amos de Los Rosales. Una ficha, no siete, y deliberadamente separada del caballero colonial: es la línea que impide vestir un relato del XIX con armadura de conquista."
"bolivar-cartagena-mestizo","dama-republicana","Dama republicana","personaje","1","","4","","Contraparte femenina del anterior: las amigas de la tertulia, Mañanita, las señoras y las niñas de Los Rosales, Evelia la que restaura la casa. Talle y peinado del XIX–XX, no del XVII."
"bolivar-cartagena-mestizo","mujer-costena-del-puerto","Mujer costeña del puerto y del barrio","personaje","1","","6","","Seis relatos. Candelaria López subiendo a La Popa, la mujer que muele maíz en el Playón, Lina y Carmelita en sus balcones enfrentados, Simonita tras la ventanilla del estanco, la muchacha de ojos negros de Pekín, las romeras del camino. Ropa de trabajo, pañoleta, pies en la calle: nada que ver con la dama de balcón."
"bolivar-cartagena-mestizo","anciana-costena","Anciana costeña con rosario","personaje","1","","5","","Romelia la cuidadora de Los Rosales (que conduce el tono entero de su relato), la vieja Señora Rosa que guía a Ximena y resulta ser la Sombra, la madre de Patricio, las plañideras. Edad y postura cambian la silueta: no la cubre ni la mujer joven del puerto ni la matrona criolla, que es de otra clase."
"bolivar-cartagena-mestizo","hombre-del-pueblo-costeno","Hombre del pueblo costeño (barrio y campo)","personaje","1","","5","","Patricio mitad pescador mitad sembrador de yucas, Pedro el capataz, Juan León tendido en mitad de la calle a esperar el caballo, el Peluza, el transeúnte de las cabras y los peones que cavan el cerro en 1895. Camisa suelta, sombrero de caña, pies descalzos. Una hoja con variante urbana y rural."
"bolivar-cartagena-mestizo","cabildo-de-nacion-en-la-popa","Cabildos de nación en la subida a La Popa","colectivo","1","","1","","El relato los nombra con precisión —'cabildos' encabezados por caciques y cacicas, con tamboriles y flautas rústicas, cantando en la subida del 2 de febrero— y esa organización es lo que hay que dibujar: gente con cargos, instrumentos y cantos, no una masa adornada. Sin esta ficha, celos-de-esclavo se convierte exactamente en el estereotipo que hay que evitar."
"bolivar-cartagena-mestizo","tropa-realista","Tropa y oficialidad realista","colectivo","1","","6","","Seis relatos: los sitiadores que entran al convento, los soldados de Morillo por las calles, el capitán realista de la reunión clandestina, los jinetes que persiguen a Miguel, el Capitán de Guardias Reales de mona-mona, los realistas que huyen por los tejados el 11 de noviembre. El propio Morillo entra aquí: se le nombra pero no se le describe el cuerpo."
"bolivar-cartagena-mestizo","lanceros-y-patriotas","Lanceros de Getsemaní y patriotas","colectivo","1","","6","","Los Lanceros de Gimaní y los Lanceros de los Pardos, la conjura de la casucha de San Diego, el hermano patriota de Sor Ana, Luis Felipe. Lanza, pañuelo, ropa de milicia parda: silueta propia. Pedro Romero va aquí: el relato lo nombra encabezando y no le da un solo rasgo físico."
"bolivar-cartagena-mestizo","poblacion-hambrienta-del-sitio","Población hambrienta del sitio","colectivo","1","","2","","'Espectros macilentos' por las calles y las monjas muriendo de hambre y sed en el vientre del monasterio: el relato lo muestra dos veces y cambia la silueta de todo un colectivo. Es lo que hace legible el sitio sin dibujar una batalla."
"bolivar-cartagena-mestizo","gente-del-puerto","Gente del puerto y del barrio portuario","colectivo","1","","5","","Marinos de alto bordo, navegantes costaneros, gentuza de cabotaje, cargadores con baúles, los muchachos del barrio en traje de domingo con el Micho a la cabeza, la multitud del muelle. Cinco relatos, un solo gentío."
"bolivar-cartagena-mestizo","hombres-de-mar-pescadores-y-contrabandistas","Hombres de mar: pescadores y contrabandistas","colectivo","1","","4","","Los pescadores de La Boquilla que recogen a Sabino y los que montan el engaño del caño de Juan Angola durante el sitio; la pandilla de Juan Pedro y Cátulo Vargas cargando arena y armas; el Zurdo y el Tiburón. Fundí pescadores y contrabandistas a propósito: en este corpus son los mismos hombres en la misma barca cambiando de carga."
"bolivar-cartagena-mestizo","caballo-sin-cabeza","El caballo sin cabeza del Playón del Blanco","criatura","1","","1","si","Panregional: el corcel o jinete sin cabeza cabalga por media Colombia. Lo cartagenero de esta versión: no se ve nunca, se OYE —una cascada de sonidos metálicos y cadenas a las tres de la mañana— por la calle del Playón del Blanco, entre casitas de palma y bahareque, en un terreno marcado por los combates de las guerras civiles y un retén militar; y lo desmiente un lechero de carne y hueso. Si el editor hace una ficha nacional con variantes, la variante de Bolívar es 'el que sólo suena'."
"bolivar-cartagena-mestizo","la-sombra-gris","La Sombra Gris","criatura","1","","1","si","Panregional en su función: el ánima que señala el entierro es figura de medio país. Lo bolivarense: flota bajo un tamarindo en el patio de una casa del barrio de San Diego, lleva a la tapia donde están los talegos, y al final resulta ser doble montaje —la vieja Rosa y el heredero— y también el desdoblamiento de la propia Ximena. Ficha con cuerpo ambiguo, luz tenue y sin rostro."
"bolivar-cartagena-mestizo","aparecido-de-corredor","Aparecido de corredor de casona","criatura","1","","2","si","Panregional: el antiguo dueño que recorre su casa de noche es figura nacional. Aquí la versión es doblemente cartagenera: don Manuel de la Roca cuenta los cubiertos de plata a medianoche y sube al altillo desde donde se ven las mareas, y el caballero de la casa de Paz Pinto se detiene ante una columna de piedra murmurando en un idioma que nadie entiende (el ladino/portugués del perseguido por la Inquisición). Un solo cuerpo —señor de otro tiempo, corredor de columnas, noche sin luna— para los dos."
"bolivar-cartagena-mestizo","la-cojnua","La «cojnúa»","criatura","1","","1","","Republicano. Bestia marina escamosa que espanta a los peces menores y deja vacías las redes de La Boquilla; el relato le describe coletazos que casi vuelcan el bote, costillas expuestas y un corazón que late aún deshecho. La cola arrancada, trofeo del héroe, va embebida aquí. No es panregional: es un monstruo de nombre local."
"bolivar-cartagena-mestizo","luces-flotantes-nocturnas","Luces flotantes nocturnas","fenomeno","1","","1","si","Panregional: la luz que se aparece y baila en el camino corre por casi todo el país. Versión bolivarense: dos luces que suben por el sendero al camino Real de una hacienda en Viernes Santo y se quedan fijas sobre la pared del cuarto de las niñas mientras adentro se juega a las barajas; al amanecer resultan ser un candil que se robó un mono. Se ficha la luz, que sí se ve; el quejido no, que es sonido."
"bolivar-cartagena-mestizo","caballo-y-mulo-criollos","Caballo y mulo criollos","animal","1","","6","","Una hoja de équidos con dos cuerpos: el jamelgo 'Buen Mozo' del coche de alquiler y los caballos de tiro y de los jinetes realistas, más el mulo del lechero que cruza la madrugada en zequiel. El aparejo y las herraduras que chispean en el adoquinado van en la misma hoja."
"bolivar-cartagena-mestizo","mono-con-candil","El mono con el candil","animal","1","","1","","Es la explicación y el remate del relato: el mono rebelde que encendió y paseó el candil por el techo. Imagen específica, animal doméstico de hacienda con un objeto en la mano; no lo cubre ninguna otra ficha y sin él el relato no tiene desenlace visual."
"bolivar-cartagena-mestizo","arbol-de-guayaba","El guayabo de Los Rosales","planta","1","","1","","La otra mitad del desengaño: las ramas que rozan la casa son el quejido. Ficha aparte de la hoja de vegetación porque aquí el árbol conduce la acción en vez de decorarla."
"bolivar-cartagena-mestizo","cristo-de-la-expiracion","El Cristo de la Expiración","objeto","1","","1","","Colonial. Es el objeto por el que se cuenta el relato: talla aparecida sin ruido de gubia, que detiene la viruela y expulsa de sus pies los clavos de plata que le ponen. El tronco que crece solo en la playa hasta dar la medida va embebido en esta hoja: es la misma madera."
"bolivar-cartagena-mestizo","imagen-virgen-de-la-candelaria","Imagen de la Virgen de la Candelaria de La Popa","objeto","1","","5","","Cinco relatos: bajo su mirada jura Sor Ana, en su fiesta suben los cabildos, con su nombre se bautiza la barca contrabandista, contra ella pelea la devoción de Macú. El relato la llama 'Virgen liberal' a la que los cartageneros tratan de tú a tú y a la que 'aunque quemen su manto, siempre pelea'. La imagen con su manto es lo que se dibuja."
"bolivar-cartagena-mestizo","imagen-virgen-de-las-mercedes","Imagen de la Virgen de las Mercedes del Cabrero","objeto","1","","1","","Ficha aparte de la Candelaria a propósito: la rivalidad entre las dos advocaciones es literalmente la trama de macu (la pelea con el Zurdo y el Tiburón, la promesa, el collar) y fundirlas en una sola imagen borraría el conflicto. Iconografía mercedaria distinta (hábito blanco y escudo)."
"bolivar-cartagena-mestizo","imagen-de-san-antonio","La imagen de San Antonio","objeto","1","","1","","Colonial. Objeto por el que se cuenta el relato: la talla a la que Eulalia reza en el entresuelo y que acaba arrojando por la ventana, golpeando en la cara al militar que se llamará Antonio. Se dibuja la talla, en la repisa y por el aire."
"bolivar-cartagena-mestizo","collar-de-camarones-de-oro","El collar de camarones de oro","objeto","1","","1","","Título y objeto por el que se cuenta el relato: el ex-voto imposible que Macú promete y que al final le regalan. Pieza de orfebrería específica, no genérica."
"bolivar-cartagena-mestizo","craneo-con-dentadura-de-oro","El cráneo con dentadura de oro","objeto","1","","1","","El hallazgo del camposanto que Macú lleva en la mano hasta la prisión y que resulta ser el antepasado buscado por una familia española. Imagen macabra específica que no cubre ninguna otra ficha."
"bolivar-cartagena-mestizo","ataud-del-zarzo","El ataúd sobre el zarzo","objeto","1","","1","","Republicano. Objeto por el que se cuenta el relato: el féretro guardado sobre las vigas bajo una lona, 'tan usual y desprovisto de misterio como un banco o una mesa', que Patricio baja junto a su cama como talismán contra el deseo. La costumbre campesina de tener el cajón en casa es lo que hay que dibujar bien."
"bolivar-cartagena-mestizo","entierro-de-oro-y-plata","El entierro: talegos de oro y ánforas de plata","objeto","1","","3","si","Panregional: el entierro señalado por un ánima es motivo de medio país. Lo de aquí: cinco talegos de oro y ánforas de plata bajo la tapia de un patio del barrio de San Diego, y el 'entierro' que don Manuel de la Roca vuelve a señalar cada medianoche en una casona de la calle de Santo Domingo. Es tesoro urbano de casa amurallada, no de monte ni de guaca indígena."
"bolivar-cartagena-mestizo","joyas-de-la-subida-a-la-popa","Joyas coloniales de la subida a La Popa","objeto","1","","1","","Diademas, ajorcas, collares y perlas centenarias sacadas de los cofres de la aristocracia una vez al año. Son el motor visual del relato y lo que queda regado por la colina tras la pelea; se ficha el juego de piezas, no a quien las lleva puestas."
"bolivar-cartagena-mestizo","piano-de-cola","El piano de la romanza","objeto","1","","2","","Dos relatos y la misma romanza: el piano desafinado de la casa de la Calle de la Soledad que suena solo de noche, y el del salón donde Carlota la toca. Como el fantasma de la-clave-de-la-felicidad no tiene cuerpo, el piano ES la aparición visible: por eso ficha propia."
"bolivar-cartagena-mestizo","barca-costera-de-vela","Barca costera de vela y bote de remo","objeto","1","","7","","Una hoja con dos cascos para siete relatos: la barca costera con vela —'La Virgen de la Candelaria' cargada de arena, sus dos hermanas clandestinas, la barca de vigilancia del gobierno, las goletas y champanes del puerto, el buque 'Cúcuta'— y el bote de remo del pescador con el que Sabino sale a la cojnúa y con el que persiguen a Mona por el río."
"bolivar-cartagena-mestizo","coche-de-caballos","Coche de caballos (y el automóvil que lo desplaza)","objeto","1","","4","","El coche de alquiler de Diego Soria, el coche que llega de noche al portón del convento en 1811, el carruaje que lleva a Isabel al sarao, la litera de doña Mariana. Y en la misma hoja el automóvil, 'invasor de hierro y ruido', porque el par coche/auto es el asunto entero de el-auriga y el marcador de época más claro del corpus."
"bolivar-cartagena-mestizo","muralla-y-baluartes","Muralla, baluartes y Bóvedas","arquitectura","1","","9","","Nueve relatos se apoyan en el mismo muro: el bastión de Santa Catalina con sus cañones, las almenas, la muralla de las Bóvedas donde Isabelita reza siete Padre Nuestros, la sombra de muralla donde Macú almuerza, los realistas huyendo por los tejados. UNA ficha, no nueve. Los cañones van embebidos."
"bolivar-cartagena-mestizo","calle-colonial-de-noche","Calle colonial de noche","arquitectura","1","","13","","Trece relatos ocurren en la misma calle: adoquín o empedrado, celosías, balcones con claveles, aldabones, faroles y la esquina en penumbra. Los nombres cambian —El Tejadillo, Santo Domingo, la Factoría, la Soledad, la Moneda, El Candilejo, San Agustín Chiquita, San Diego— y el decorado no. UNA ficha. Aquí es donde un censo perezoso habría puesto trece escenarios."
"bolivar-cartagena-mestizo","casa-senorial-de-balcon","Casa señorial de balcón, zaguán y patio","arquitectura","1","","12","","La casa cartagenera entera en una ficha: portón con aldabón de leones de bronce, zaguán, escalera, corredor de columnas, entresuelo de costura, altillo con vista a las mareas, alcoba, y el patio con su tamarindo, sus dos palmas de coco y la tapia del fondo. Consideré separar el patio —es el escenario del acto en la-sombra y la glorieta de en-el-sitio-de-morillo— y decidí que no: en producción es la misma referencia arquitectónica con dos encuadres. El palacio de Villalta en ruinas con su escudo sobre el portalón es una variante de la misma hoja."
"bolivar-cartagena-mestizo","convento-de-clausura","Convento de clausura","arquitectura","1","","6","","Portón con aldabón, zaguán conventual, reja, claustro, el jardincillo de granadas y cerezos donde bordan las postulantes, y el comulgatorio donde Álvaro interrumpe la profesión de Raquel. Cubre el de las Mercedarias Descalzas, Santa Clara y las clarisas: son el mismo edificio con otro escudo."
"bolivar-cartagena-mestizo","templo-de-santo-domingo","Templo de Santo Domingo","arquitectura","1","","4","","El único templo que el corpus describe por dentro: naves divididas, capillas, el Cristo y la Virgen del Rosario, y el callejón de los Estribos afuera. Sirve también para la Misa Mayor de la-imagen-de-san-antonio y para la Iglesia de la Trinidad de al-convento, que el texto no describe. Ficha aparte del convento: nave de iglesia y claustro son dos sets, no uno."
"bolivar-cartagena-mestizo","santuario-de-la-popa","Santuario de La Popa (y la ermita del Cabrero)","arquitectura","1","","5","","El edificio de la cumbre con su muro de ex-votos centelleando al sol (peces y barcas de oro), donde Candelaria ofrece los tres viajes de arena y donde termina la penitencia de Sor Ana. La ermita del Cabrero, adonde Macú sube con el collar, entra como variante menor en la misma hoja: misma tipología de santuario de cerro. Los ex-votos van embebidos aquí."
"bolivar-cartagena-mestizo","castillo-de-san-felipe","Castillo de San Felipe de Barajas","arquitectura","1","","2","","Monumento nombrado y descrito (piedras de gris gastado alzándose sobre el cerro) y objeto del pleito de 1895; también lo que don Blas de Lezo defiende en 1741. No lo cubre la muralla: es otra silueta y otro emplazamiento."
"bolivar-cartagena-mestizo","puerto-y-muelle-del-arsenal","Puerto, muelle y barrio del Arsenal","arquitectura","1","","6","","Muelle, bodegas, el bosque de mástiles de goletas y champanes, olor a brea y mariscos, los cafetines oscuros donde se bebe ron blanco y la posada de la Garza Real bajo los tamarindos de La Marina. Seis relatos, una ficha; los cafetines y la posada van embebidos porque son la misma puerta de bar."
"bolivar-cartagena-mestizo","caserio-de-palma-y-bahareque","Caserío de palma y bahareque","arquitectura","1","","7","","El contrapunto de la ciudad amurallada y la otra mitad del corpus: las casitas de palma y bahareque del Playón del Blanco, el poblado de Caimán junto a la Ciénaga de Tesca con su estanco de ventanilla, La Boquilla, el extinto barrio de Pekín tras su cerco de cocoteros, la casucha de la Zerrezuela del auriga, la morada con zarzo de palma de Patricio. Una ficha con variantes, no siete pueblos."
"bolivar-cartagena-mestizo","plaza-colonial","Plaza colonial y balcón del Cabildo","arquitectura","1","","4","","La plaza de la Trinidad con la multitud del 11 de noviembre y el Palacio del Cabildo cuyo balcón lee el Acta; la Plaza de los Coches donde Diego Soria espera clientes; la plazuela del marqués; y el auto de fe ante nobles y pecheros, que es una escena de plaza y no un interior. El balcón del Cabildo y el tablado del auto de fe van embebidos aquí."
"bolivar-cartagena-mestizo","salon-de-sarao","Salón de sarao y tertulia","arquitectura","1","","6","","El gran interior de recepción: lámparas de bacará y candelabros de cristal, piso de baile, el piano al fondo, la puerta al balcón. Palacio del Gobernador, mansión de la marquesa, casa de las Moncadas, gran sala de los de Luna. Distinto de la casa señorial doméstica y usado en seis relatos."
"bolivar-cartagena-mestizo","carcel-y-calabozo","Cárcel, calabozo y mazmorra","arquitectura","1","","6","","Seis relatos entran a una celda: el calabozo del Santo Oficio donde Domingo espera, la celda gris del uxoricida, las mazmorras que revienta el pueblo el 11 de noviembre, el Prisionero No. 28, la prisión de Macú y la de Ezequiel. Muro de sillería, reja, cadena, catre. Una ficha."
"bolivar-cartagena-mestizo","cementerio","Camposanto de noche","arquitectura","1","","1","","Escenario del acto de macu: las noches en que desentierra cuerpos buscando dentaduras de oro, y la garita del guardián que lo sorprende. No es intercambiable con ningún otro escenario fichado."
"bolivar-cartagena-mestizo","hacienda-los-rosales","Hacienda Los Rosales","arquitectura","1","","1","","Escenario del acto de un-quejido-una-luz: casa de campo con terraza abierta, vista directa al sendero del camino Real, el cuarto de las niñas y el guayabo pegado a la pared. Ni la casa amurallada ni el caserío de palma la cubren: es la casa de hacienda de los amos, un tercer tipo."
"bolivar-cartagena-mestizo","taller-de-zapatero","Taller de zapatero","arquitectura","1","","1","","Escenario del acto de por-la-boca-muere-el-pez: el taller siempre abierto a la calle de El Candilejo, con leznas, cordobanes y los chapines a medio terminar, donde entran los alguaciles. Interior de oficio que ninguna otra ficha cubre."
"bolivar-cartagena-mestizo","casucha-y-tunel-de-reunion-clandestina","Casucha de reunión clandestina y su túnel","arquitectura","1","","1","","Escenario del acto de una-reunion-clandestina: la casucha deshabitada pegada a la mansión de doña Dolores, con el portón viejo, la sala llena de conjurados y la boca del túnel por donde escapan. El túnel va embebido aquí."
"bolivar-cartagena-mestizo","colina-de-la-popa","Colina de La Popa","paisaje","1","","5","","El cerro y su cuesta, vistos desde abajo y desde arriba con la ciudad al pie: por ahí suben cantando los cabildos el 2 de febrero, sube de rodillas Sor Ana, suben las romeras. Ficha aparte del santuario porque la mitad de los actos ocurren en la pendiente, no en el edificio."
"bolivar-cartagena-mestizo","bahia-y-mar-caribe","Bahía, Bocachica y mar Caribe","paisaje","1","","8","","Ocho relatos miran al mismo mar: la bahía como espejo con su bosque de mástiles, las bocas de Bocachica y Bocagrande, la playa donde aparece el tronco, el mar abierto de Sabino. La tormenta eléctrica de el-milagro-de-la-candelaria la dejo como variante de luz y cielo dentro de la misma hoja y no como ficha aparte: cambia la atmósfera, no la silueta del paisaje."
"bolivar-cartagena-mestizo","cienaga-y-cano","Ciénaga, caño y río","paisaje","1","","3","","La otra mitad del territorio que no es ciudad ni mar abierto: la Ciénaga de Tesca junto a Caimán, el caño de Juan Angola por donde fingen entrar los alimentos durante el sitio, las arterias de agua escondidas donde atrapan a Mona de noche, el río Matute. Manglar, agua quieta, embarcación baja."
"bolivar-cartagena-mestizo","hoja-utileria-devocion","hoja-utileria-devocion","objeto (hoja de agrupación)","1","","5","","Piezas pequeñas de devoción y duelo. Van juntas porque comparten escala, material (plata, cera, madera) y tratamiento, y porque el corpus las usa en nueve relatos distintos sin que ninguna llene una ficha propia."
"bolivar-cartagena-mestizo","hoja-utileria-hogar","hoja-utileria-hogar","objeto (hoja de agrupación)","1","","5","","Enseres domésticos del interior cartagenero. Atención de época: la lámpara de kerosene y el reloj de pared son del tiempo republicano y no pueden entrar en un relato del XVII; la piedra de moler cruza los dos tiempos."
"bolivar-cartagena-mestizo","hoja-utileria-taberna","hoja-utileria-taberna","objeto (hoja de agrupación)","1","","5","","Comida, bebida y tocador: la mesa y el espejo del corpus. Es el grupo que da el sabor local (ron de coco, cazabe, sábalo frito, plátano maduro, sancocho) sin gastar fichas."
"bolivar-cartagena-mestizo","hoja-utileria-oficio","hoja-utileria-oficio","objeto (hoja de agrupación)","1","","5","","Herramientas y productos de los oficios que el corpus nombra con precisión: zapatero, bordadora, compañía teatral y vendedor de camarones."
"bolivar-cartagena-mestizo","hoja-utileria-papeles-i","hoja-utileria-papeles-i","objeto (hoja de agrupación)","1","","5","","Primera hoja de papeles. Este corpus se mueve por documentos más que por armas: cinco relatos giran sobre un papel que alguien lee, esconde o falsifica."
"bolivar-cartagena-mestizo","hoja-utileria-papeles-ii","hoja-utileria-papeles-ii","objeto (hoja de agrupación)","1","","5","","Segunda hoja de papeles: cartas, expedientes y prensa. Diez piezas de papel en total obligaron a dos hojas de cinco."
"bolivar-cartagena-mestizo","hoja-utileria-vegetacion","hoja-utileria-vegetacion","objeto (hoja de agrupación)","1","","5","","La vegetación de patio, claustro y balcón, que es la única que el corpus describe. El guayabo de Los Rosales queda fuera con ficha propia porque allí el árbol conduce la acción."
"boyaca-mestizo","cumbres_del_valle_de_iza","Cumbres verdes del valle de Iza","paisaje","2","cuesta_que_se_multiplica","1","","Las verdes cumbres que escoltan el valle, el monte vigoroso y la espesura donde esta la choza. Es el escenario del acto entero. El estado aparte se lo gana el texto y no la interpretacion: a cada paso la cuesta parecia burlarse de ellos, multiplicandose, y esa cuesta que se alarga hasta el infinito es una regla grafica que el modelo de entorno normal no da."
"boyaca-mestizo","tunja_colonial","Tunja colonial","arquitectura","1","","1","","Las callejuelas de la muy noble y antigua ciudad, las piedras que Lope empedra, la iglesia donde Benito de Laserna dice su misa tempranera. El relato abre y cierra aqui, y es la unica arquitectura de pueblo colonial del corpus."
"boyaca-mestizo","trapiche_y_canaduzales_nocturnos","Trapiche, hornilla y canaduzales","arquitectura","1","","1","","El Cucacuy no ronda paramos ni lagunas: ronda trapiches, parrillas de fuego y hornillos encendidos entre campos de cana, y entra alli como huesped no invitado. Sin esta hoja no hay relato, y es tambien el correctivo a la iconografia de tapia y teja que uno esperaria de Boyaca."
"boyaca-mestizo","selva_y_rio_de_tierra_caliente","Selva y rio de tierra caliente","paisaje","1","","2","","La enmaranada espesura junto al fluir impetuoso del Magdalena donde Are talla y arroja las figuras, y la vegetacion densa y bulliciosa donde Mayavita vive tras cruzar la cordillera. Son dos vertientes distintas del mapa, pero el mismo modelo de entorno: dosel cerrado, calor y agua. Una hoja con variante de ribera."
"boyaca-mestizo","penones_de_fura_y_tena","Los penones de Fura y Tena sobre el Minero","paisaje","1","","1","","Los dos cerros separados por el rio que llevo el nombre del amante, con los filones esmeraldiferos. Es el desenlace hecho geografia, y por eso esta hoja absorbe tambien la roca en que queda Zarbi y el penasco de Itoco: no se pagan estados de petrificacion en Fura y Tena."
"boyaca-mestizo","lago_y_fuente_de_turubiuta","El lago y la fuente de Turubiuta","paisaje","1","","1","","La fuente donde Mongata y la joven se encuentran buscando agua, y la inmensa laguna que Mayavita mira sintiendo distancias que nunca piso. Escenario de los dos arranques del relato, y no es intercambiable con la selva caliente."
"boyaca-mestizo","vivienda_y_taller_de_alfarero","Vivienda y taller de alfarero","arquitectura","1","","1","","El hogar junto a la fuente donde ella siembra y teje y el hace grandes cantaros decorados. Media pagina transcurre aqui y el oficio de Mongata no existe sin el taller."
"boyaca-mestizo","lope_badillo","Lope Badillo","personaje","1","","1","","Empedrador de manos curtidas y espalda encorvada, con una sola camisa raida y un vestidillo de jergueta. Conduce el relato: pide, confia el secreto, sube, lanza la piedra y vuelve a empedrar calles."
"boyaca-mestizo","padre_benito_de_laserna","Padre Benito de Laserna","personaje","1","","1","","Clerigo aficionado al repique de las monedas que acepta la mitad del botin, carga al mohan como un san Cristobal desventurado y lo rocia con agua bendita. El desenlace es suyo."
"boyaca-mestizo","vieja_india_guardiana","La vieja india","personaje","1","","1","","Guardiana de secretos antiguos de la region: ofrece la solucion, guia midiendo los pasos y se detiene en el limite diciendo que mas alla no se atreve. Aviso para la hoja: el texto la llama india sin nombrar pueblo alguno, asi que su vestuario no puede tomarse prestado de la biblia muisca."
"boyaca-mestizo","mohan_de_buzaga","El mohan de Buzaga","criatura","2","polvo_y_hueso","1","si","Panregional: el Mohan aparece en varios corpus de este censo, y en el corpus llanero de este mismo encargo esta fichada su hembra, la Mojana. Lo boyacense de esta version es que no es un mohan de rio sino de cumbre: espectro anciano, enjuto y acartonado, sentado sobre un duho, mitad hechicero mitad demonio en la voz cristiana del texto, custodio de tesoros entre montanas, y su arma no es la seduccion sino el peso. El estado aparte lo exige el texto: cae rodando y se transforma en polvo y hueso, silueta que la hoja de identidad no da."
"boyaca-mestizo","antonio_bustamante","Antonio Bustamante","personaje","1","","1","","Hombre cuyas palabras tienen peso de lider, endurecido por los anos y con un brillo particular en los ojos. Dirige la comitiva, define al Cucacuy como espanto lujurioso y confiesa haberle tirado miel caliente. Es quien sostiene toda la primera version de la pagina."
"boyaca-mestizo","cucacuy","El Cucacuy","criatura","1","","1","","Hombre desnudo y friolento que busca el calor de las llamas, con bordon, un calabazo que es carcel de demonios en miniatura y un pulgar largo y antinatural con el que silba perforando el aire. No se marca panregional: comparte familia con los silbadores de camino de otros corpus, pero ni el nombre ni el calabazo ni el pulgar aparecen fuera de Boyaca y Cundinamarca. Verificado: en el cuerpo de la pagina NO existe la variante del cerdo dorado con duende; esa esta solo en el modulo editorial sin aplicar."
"boyaca-mestizo","are_dios_creador","Are","deidad_fuerza","1","","2","","La gran sombra cargada de misterios que se tiende sobre la tierra con forma humana y tamano descomunal, sin ojos pero con mirada. Unico personaje que cruza dos paginas del corpus: talla los hombres de madera junto al Magdalena y crea a Fura y Tena. Su hoja lleva sus dos materiales, madera y tierra del Carare."
"boyaca-mestizo","fura","Fura","personaje","1","","1","","Madre de la humanidad muzo, ensena agricultura y alfareria, deslumbra incluso a las mariposas, peregrina con Zarbi y termina cargando su cadaver. Su llanto es el origen de las esmeraldas. La petrificacion final la cubre la hoja de los penones."
"boyaca-mestizo","tena","Tena","personaje","1","","1","","Padre de la humanidad muzo y maestro de las tecnicas guerreras; testigo invisible del desliz, manda degollar a Zarbi, mata a Fura y se mata."
"boyaca-mestizo","zarbi","Zarbi","personaje","1","","1","","Extranjero de ojos azules y barba rubia que llega buscando la planta de la eterna juventud. Rasgos fisicos explicitos, cosa rara en este corpus, y el rio lleva su nombre."
"boyaca-mestizo","figuras_de_madera","Las figuras de madera","criatura","2","nacidos_del_agua","1","","Are las esculpe cuidando desde la curva de las cejas hasta la suavidad de las manos, las amontona junto al rio y las arroja al agua. El estado se gana la hoja porque la pagina pone en escena las dos siluetas: la estatua inerte apilada en la orilla y los recien nacidos del agua que se sacuden los reflejos, torpes al principio y despues vibrantes."
"boyaca-mestizo","mongata","Mongata","personaje","1","","1","","Alfarero que hereda de su padre el arte de las vasijas, se casa junto a la fuente y despide a su esposa por esteril creyendo obedecer a los dioses. Su hoja cubre tambien al padre artesano de calices y copas rituales, que el texto no describe aparte."
"boyaca-mestizo","madre_de_mayavita","La madre de Mayavita","personaje","1","","1","","Repudiada y muda: acepta el destino, descubre el embarazo, calla la verdad y cria sola a su hija. Conduce la mitad del relato aunque nunca se la nombre."
"boyaca-mestizo","mayavita","Mayavita","personaje","1","","1","","Crece aislada con la naturaleza como guia, modela dos aves con hojas, vuela, vive en la selva y cae al regresar. Es el titulo y el sacrificio de la pagina."
"boyaca-mestizo","guacamayas_de_mayavita","Las guacamayas de Mayavita","animal","2","plumaje_encendido_de_sua","1","","Modeladas con hojas del arbusto de grao, cobran vida subitamente, aprenden la lengua de los hombres y regresan solas. El estado es obligatorio: primero son figuras de hojas y despues son aves cuyos cuerpos parecen iluminarse por dentro con el canto dorado de la luz de Sua. Dos siluetas, dos hojas."
"boyaca-mestizo","sua_el_sol","Sua","deidad_fuerza","1","","1","","El sol chibcha en cuyo oro se funde el atardecer y a cuyo astro las guacamayas llevan los rezos. AVISO AL EDITOR: este es material muisca explicito dentro del corpus boyacense. La biblia muisca ya existe y es de este mismo territorio; antes de producir esta hoja hay que comprobar si Sua ya esta fichado alli, porque duplicarlo seria fabricar dos identidades para la misma deidad."
"boyaca-mestizo","pueblo_muzo","El pueblo muzo","colectivo","1","","2","","Los que aprenden de Fura y Tena la agricultura, la alfareria y las tecnicas despiadadas de los guerreros, y los fieros pobladores dispuestos a derramar sangre por cada mota de territorio que expulsan a los muiscas. Son los mismos: una gramatica de grupo con registro de labranza y registro de guerra."
"boyaca-mestizo","comunidad_muisca_chibcha","La comunidad muisca o chibcha","colectivo","1","","3","","AVISO AL EDITOR: aqui esta la respuesta a si algun relato boyacense trae material muisca explicito. Si, tres. En Furatena la tierra es adoratorio de los muiscas, las peregrinaciones se hacen en secreto y los muiscas ofrecen esmeraldas hasta que los muzos los expulsan. En Los mensajeros son los ojos chibchas los que ven el canto dorado de Sua. En La sombra creadora los muzos surgieron del rio al igual que los chibchas. No es iconografia prestada por mi: esta escrita en las tres paginas. Y por eso mismo esta ficha no debe producirse sin cotejar la biblia muisca existente."
"boyaca-mestizo","comunidad_campesina_boyacense","Comunidad campesina boyacense","colectivo","1","","2","","Los aldeanos temerosos que evitan dejar hornillos encendidos, la comitiva que acompana a Bustamante por la vereda, las gentes de Tunja, la mujer de Lope y los chicuelos que trae al mundo cada ano. Es el unico grupo de epoca colonial tardia y republicana del corpus, y absorbe a media docena de nombrados sin cuerpo."
"boyaca-mestizo","mariposas_de_muzo","Las mariposas de Muzo","colectivo","1","","1","","Rodean a Fura desde el principio y al final son sus lloros convertidos en mariposas brillantes que aun tinen de color el aire sobre Muzo. Imagen firmante de la region, y el relato no se cierra sin ellas."
"boyaca-mestizo","esmeraldas","Las esmeraldas","objeto","1","","2","","Nacen de las lagrimas interminables de Fura y se esparcen por las cordilleras; y son lo que el mohan promete a Laserna para que siga cargandolo. Dos paginas, un cuerpo: la piedra verde en veta y en mano."
"boyaca-mestizo","hoja_utileria_boyaca","hoja_utileria_boyaca","objeto (hoja de agrupación)","1","","5","","Cinco objetos menores, dos de ellos con advertencia: el duho y los tunjos son material prehispanico y muisca nombrado por el propio texto de El tesoro de Buzaga, y la hoja debe presentarlos como cita del relato y no como decoracion importada."
"caribe-restante-mestizo","nansi_isleno","Nansi (Beda Nansi, Oída Nansi, Miss Nansi)","criatura","2","tejedor: araña/silueta que urde y queda atrapada en las aspas | jinete: figura humanoide con montura, brida, fusta y espuelas sobre Tiger","4","si","Embaucador en 4 de las 6 páginas isleñas. Dos estados obligados porque los textos lo exigen: en el molino es 'el astuto tejedor de destinos' de cuerpo indefinido, y en Tigre y Nansi monta con espuelas, lo que pide un cuerpo con piernas. No inventé un tercero. PANREGIONAL verificado por grep: Nansi/Anansi aparece en choco-afro (araña sacristana de Istmina), caribe-restante y cordoba-sinu. Lo propio de aquí es el criollo inglés, el molino, la montura y la rima 'Ahnansi, oh tú tingalai': un tramposo de plantación, no una araña de sacristía."
"caribe-restante-mestizo","beda_tiger","Beda Tiger (Hermano Tigre)","animal","2","ensillado y humillado: montura, brida y fusta, entrando al patio | anfitrión: de pie en su casa, con violín, batas y té","3","","Tres páginas. Los dos estados son escenas distintas de silueta: el tigre convertido en caballo de paseo (la imagen del ciclo) y el tigre que recibe con toallas, batas y violín. Absorbe la montura, la brida, la fusta, las espuelas y el violín, que son su aparejo. En 'Tiger y el baile de perros' irrumpe como forastero y desata la estampida: mismo cuerpo."
"caribe-restante-mestizo","mico","Mico (Beda Monkey, Hermano Mico)","animal","1","","2","","Dos páginas, cuerpo reconocible: menudo, de ojos brillantes, que observa desde las ramas y baja cuando entiende el patrón; en la otra es cazador con jauría y teje un rejo. Una sola hoja, con nota de ambigüedad: los textos oscilan entre mono en el árbol y cazador con perros, y no dan base para dos siluetas."
"caribe-restante-mestizo","el_molino","El molino que dice 'Yo molinero'","objeto","1","","1","","Objeto por el que se cuenta el relato y además agente: atrapa con sus aspas frías, contesta con 'un susurro ronco de mecanismos' y mata a quien pronuncia la frase. Un artefacto viejo plantado en el monte, sin molinero."
"caribe-restante-mestizo","animales_del_monte_isleno","Animales del monte isleño (víctimas del molino y presas)","colectivo","1","","2","","Hoja de reparto con los que pasan y caen: Hermana Vaca con su tintineo de campanas, las cabras, los perros anónimos, y el cerdo robusto y resoplante que inmoviliza la jauría de Mico. Uno por uno no dan ficha; juntos son un inventario que las dos páginas necesitan."
"caribe-restante-mestizo","perro_del_tambor_y_la_cabra","El perro del tambor y la cabra","animal","1","","1","","Los dos viajeros que conducen toda la página: el perro precavido que responde al violín con baquetas ('eso crees tú, mentiroso') y monta la guardia, y la cabra esquelética que baila y luego se esconde bajo la olla. Una hoja con la pareja, porque nunca se separan. Absorbe el tambor."
"caribe-restante-mestizo","perros_del_baile_de_gala","Los perros del Gran Baile de Gala","colectivo","1","","1","","La página entera es esta imagen y ninguna otra ficha la cubre: perros de etiqueta bajo la luna, y en la entrada la hilera de bundas colgadas de un clavo 'como extraños amuletos'. Absorbe la bunda y el clavo, que son literalmente parte de ellos."
"caribe-restante-mestizo","gente_islena","Gente isleña (las muchachas y el pueblo del patio)","colectivo","1","","2","","El público humano que hace funcionar la humillación: el pueblo que prepara la ceremonia, la hija del rey y las muchachas por las que compiten, y las mujeres de Sound Bay que cantan la rima meciéndose. Absorbe a la hija del rey, que es premio y no agente."
"caribe-restante-mestizo","paisaje_isleno","Isla caribeña: playa, palmeras, arrecife y mar","paisaje","1","","2","","El único paisaje realmente insular del bloque: playa de luna llena, palmeras que murmuran, arena donde el perro escarba, cocos, y el mar de Sound Bay susurrando a la orilla. Escenario del acto en Morgan y no intercambiable con nada del continente. Se ficha precisamente para tener con qué reemplazar la selva mal escrita de las otras cuatro páginas."
"caribe-restante-mestizo","casa_islena_madera_y_zinc","Casa isleña de madera y zinc","arquitectura","1","","2","","El gran salón del baile en Sound Bay y la casa del tigre, 'un lugar donde el tiempo se atolondraba entre paredes de madera perfumada', con su entrada que crepita y su fuego. Dos páginas. Es la arquitectura que el archipiélago pide y que ninguna ficha continental puede prestar."
"caribe-restante-mestizo","animas_esclavizadas_del_tesoro","Las ánimas de los esclavizados de Morgan","colectivo","1","","1","","Conducen la acción: hablan, ríen, guían por el pasaje escondido, cuentan su traición y proponen el trueque. SENSIBLE, y por eso se ficha con instrucción explícita: se dibujan como jóvenes de cuerpo entero, con rostro y ropa propios —el texto insiste en que están 'aún jóvenes en apariencia'—, de pie y hablando, nunca como calaveras, sábanas ni espectros genéricos, y nunca reducidos a decorado de terror. Su agravio es el centro moral de la página. Absorbe el navío etéreo que piden construir para volver a su origen."
"caribe-restante-mestizo","gruta_del_tesoro","La gruta y su recámara secreta","lugar","1","","1","","Escenario del acto: la cueva que 'murmuraba secretos de piedra y agua' y traga a los buscadores, con paredes 'que eran lienzos escritos por sombras' y la recámara deslumbrante al final del pasaje. No es intercambiable con la playa ya fichada."
"caribe-restante-mestizo","tesoro_de_morgan","El tesoro de Morgan","objeto","1","","1","","Objeto por el que se cuenta el relato: la riqueza en oro y joyas que las ánimas dejan ver 'de tal belleza que el corazón apenas podía soportarlo'. Absorbe el destello danzante, 'como un colibrí de luz', que es la señal que lo delata bajo la palmera."
"caribe-restante-mestizo","buscador_y_su_perro","El buscador de tesoros y su perro","personaje","1","","1","","Narrador en primera persona y motor de toda la página: bajan a la playa de noche, el perro escarba y desentierra el mapa, ambos entran a la gruta y cierran el pacto. Sin ellos no hay escena."
"caribe-restante-mestizo","don_nufio","Don Núfio de los Santos y Sandoval, castellano de San Juan","personaje","1","","1","","Conduce la página entera: manda las culebrinas, se alza en la muralla, arroja la carne, negocia la capitulación y muere de un flechazo bajo el brazo. Cuerpo trazable: cota de malla y escudo con banda sable sobre campo de gules."
"caribe-restante-mestizo","hanspater_el_filibustero","Adrián Hanspater, el filibustero holandés","personaje","1","","1","si","Sitia, bombardea, ofrece tratados, saquea los templos y se lleva las culebrinas. PANREGIONAL verificado: 'pirata' sale en caribe-restante y en bolivar-cartagena-mestizo, y dentro de este mismo corpus el ciclo isleño invoca a Morgan. Lo propio del samario es que es holandés de escuadra, criado y catequizado en Santa Marta de niño: un filibustero de flota y culebrina, no un pirata de isla y cofre. Absorbe la escuadra de velas 'blancas como fantasmas y negras como presagios' avanzando a la ensenada."
"caribe-restante-mestizo","castillo_de_san_juan","El castillo de San Juan","arquitectura","1","","1","","Escenario del acto: la fortaleza 'erigida sobre su empedrada base', que mira el Caribe 'como un perro guardián'. Absorbe las culebrinas de la muralla, que son su artillería y el botín final."
"caribe-restante-mestizo","soldadesca_espanola","Soldadesca española de la provincia de Santa Marta","colectivo","2","la guarnición: diez soldados desfilando por la calle de honor pirata | la hueste en marcha: arcabuceros y rodeleros al son de chiribías y tambores","2","","Misma tropa en dos páginas y dos configuraciones que cambian por completo la composición: el desfile humillado y revelador de los diez, y la columna de campaña con vanguardia, centro y retaguardia. Absorbe a los capitanes que la mandan —Cárcamo, Flórez, Almonacid, Juan de Human— y sus arcabuces y rodelas."
"caribe-restante-mestizo","santa_marta_colonial","Santa Marta colonial: ensenada, calles y Sierra al fondo","paisaje","1","","2","","Escenario de dos páginas: la ciudad convertida en sala de armas, los balcones con rejas de donde asoman las doncellas, la ensenada por donde entran las velas, y la Sierra Nevada al fondo, 'picos tan elevados que tocaban el umbral de las esferas celestes'. La Sierra se dibuja como telón geográfico, sin aldeas ni gente serrana: es territorio de comunidades con biblias propias. Absorbe las doncellas de los balcones."
"caribe-restante-mestizo","pedro_chiquillo","Pedro Chiquillo, el soldado coplero","personaje","1","","1","","Conduce la página: bautiza el pueblo 'de los valentejos', desplumó con una copla la poesía de sus capitanes, se gana la reprimenda y se va a Chile a hacerse capitán. 'Sangraba travesuras en cada palabra'."
"caribe-restante-mestizo","san_pedro_claver","San Pedro Claver","personaje","1","","1","si","Conduce el prodigio: llega cojeando apoyado en su muleta, llama a Yariva por su nombre, la despierta y la bautiza. PANREGIONAL verificado por grep: Pedro Claver también aparece en bolivar-cartagena-mestizo. Aquí es doble problema, porque además la página está catalogada en Magdalena y transcurre íntegra en Cartagena. Si el corpus Bolívar-Cartagena ya lo ficha, esta ficha se retira de aquí y se corrige la taxonomía. Absorbe a Francisco de Bobadilla 'el bobo', su compañero jesuita que conversa con los mosquitos, que comparte hábito y escala."
"caribe-restante-mestizo","yariva","Yariva","personaje","1","","1","","Joven mocaranga comprada en una feria de galeones, que muere sin bautismo y despierta pidiendo el sacramento 'con una sonrisa tan radiante como la luz del amanecer'. SENSIBLE: se dibuja de pie, despierta, con rostro y nombre propios y ropa suya, nunca como cuerpo yacente ni como posesión del capitán; el prodigio se cuenta desde su despertar, no desde su muerte. Sin ella no hay clavelina."
"caribe-restante-mestizo","la_clavelina","La clavelina, la flor sin aroma","planta","1","","1","","Objeto por el que se cuenta el relato: brota del tiesto donde se vierte el agua del bautismo, perfuma la casa entera, y al morir Claver pierde el olor para siempre. La ficha tiene que servir para las dos lecturas, porque el remate del relato es olerla y no encontrar nada."
"caribe-restante-mestizo","la_bruja_del_trinche","La Bruja del Trinche","criatura","1","","1","si","Anciana de ojos quietos 'como agua de pozo' que no lleva escoba ni sombrero raro: lleva silencio y un trinche de guacharaca que brilla como aguja. Golpea el suelo una sola vez y ordena 'no toques más'. PANREGIONAL verificado: la bruja aparece en 11 de los catorce volcados. Lo propio de esta es que es autoridad de parranda, no de monte: sanciona el verso que humilla, y su cetro es un instrumento de música. Absorbe a la mujer desconocida y bonita que le ofrece el trago en el camino, que es ella misma en otra cara."
"caribe-restante-mestizo","trinche_de_guacharaca","El trinche de guacharaca","objeto","1","","1","","Objeto por el que se cuenta el relato y que le da título: cetro-límite que 'no solo marca el ritmo: también marca el límite'. FLAG: editorial/cesar-mestizo-residual/ sostiene que el trinche y la cruz de la guacharaca pertenecen al relato paralelo de Quín Vásquez y no se atribuyen a Dolores Escalona; si se aplica, la ficha cambia de dueño aunque el objeto siga existiendo."
"caribe-restante-mestizo","andres_el_juglar","Andrés, el juglar acordeonero","personaje","1","","1","","Conduce la transgresión y paga: llega con el acordeón apretado al pecho 'como quien guarda un corazón prestado', suelta versos de burla, sigue tocando después de la orden y acaba botando espuma en el patio. Es el protagonista de una de las dos únicas páginas con canon del corpus."
"caribe-restante-mestizo","conjunto_vallenato","El conjunto vallenato (acordeón, caja y guacharaca)","objeto","1","","2","","Dos páginas con cuerpo reconocible: en el Trinche es el trío en vivo ('caja, guacharaca y palmas'); en la Sirena es el timbre con que se describe el canto bajo el agua ('como acordeón debajo del agua, como caja golpeada por burbujas') y el que se calla en Semana Santa. Una hoja con los tres instrumentos juntos."
"caribe-restante-mestizo","parranda_vallenata","La parranda (el gentío de la colita)","colectivo","1","","2","","El público que hace de plaza pública: el gentío de Los Venados entre palmas y velas, y los trasnochadores que en la otra página juran oír el canto cuando la parranda se apaga. Dos páginas."
"caribe-restante-mestizo","buho_y_culebra","El búho demasiado grande y la culebra","animal","1","","1","","Ejecutan la sentencia: el búho 'demasiado grande' pasa rozando la luna y deja caer la culebra sobre el pecho del juglar, y ella muerde en la boca 'para que el verso se le quedara atravesado'. Van en una sola hoja porque la culebra cae del búho y la escena es una."
"caribe-restante-mestizo","curandero_del_cesar","El curandero del Cesar","personaje","1","","1","","Actúa y fracasa: 'intentó arrancarle el mal con rezos, humo y agua bendita', y es quien manda sacar al enfermo al patio para que le dé el sereno, lo que abre la escena final. Absorbe sus rezos, el humo y el agua bendita."
"caribe-restante-mestizo","casa_de_bahareque_del_cesar","Casa de bahareque del Cesar (cocina y patio)","arquitectura","1","","1","","Escenario del acto y marco del relato: las cocinas de bahareque 'cuando el café se colaba despacio y el acordeón se quedaba callado por respeto', y el patio donde muere el juglar bajo el cielo que se oscurece sin nube."
"caribe-restante-mestizo","valle_del_rio_cesar","Valle del río Cesar: camino polvoriento y hacienda ganadera","paisaje","1","","1","","'Los caminos polvorientos que van de Valencia de Jesús hacia Los Venados', bajo un sol 'que no perdona'. El trayecto entre el origen del juglar y el sitio de la prueba es geografía con función narrativa, no fondo."
"caribe-restante-mestizo","rosario_la_sirena_de_hurtado","Rosario Arciniegas, la Sirena de Hurtado","criatura","2","muchacha: cabello suelto, de pie sobre la piedra del salto | sirena: cintura de muchacha y cola grande y brillante que late","1","si","Los dos estados los muestra el relato y cambian la silueta entera: salta como muchacha y sale con escamas donde tenía pies. PANREGIONAL verificado: la sirena aparece en 11 de los catorce volcados. Lo propio de esta es que es de río y no de mar, que la transformación ocurre un Jueves Santo por desobedecer una prohibición doméstica y religiosa, que su canto suena a acordeón bajo el agua, y que no es castigo puro sino adopción: 'el pozo no roba, sino que cobra'."
"caribe-restante-mestizo","pozo_de_hurtado","El Pozo de Hurtado y el río Guatapurí","lugar","1","","1","","Escenario del acto: agua fría entre piedras grandes, con la piedra alta desde donde se salta y desde donde ella se despide. 'No es un hueco de agua sino una boca'. Absorbe el cielo que se pone negro sin nube, que es el pozo cerrando los ojos, y la brisa que baja de la Sierra."
"caribe-restante-mestizo","hoja_utileria_islena","hoja_utileria_islena","objeto (hoja de agrupación)","1","","5","","Props de mano del ciclo Nansi que ninguna ficha mayor absorbe. Cada uno es el gatillo de un engaño distinto, pero ninguno sostiene una hoja propia."
"caribe-restante-mestizo","hoja_utileria_mar_y_botin","hoja_utileria_mar_y_botin","objeto (hoja de agrupación)","1","","5","","Objetos menores de las páginas de mar, isleñas y samarias. El trozo de carne es la bisagra de todo El castellano de San Juan y aun así es un prop de mano: va aquí, con nota de que la cámara lo necesitará en primer plano."
"caribe-restante-mestizo","hoja_utileria_colonial_y_vallenata","hoja_utileria_colonial_y_vallenata","objeto (hoja de agrupación)","1","","5","","Cierra los objetos sueltos de Magdalena y del Cesar. La piedra de Tairona se dibuja como piedra con vetas, sin ajuar ni pieza arqueológica reconocible: el relato la usa como excusa de un duelo de versos, no como hallazgo."
"choco-afro","anansi_arana_sacristana","Anansi, la araña sacristana de Istmina","criatura","1","","1","si","Araña del tamaño de tres dedos de niño que teje en las esquinas de la iglesia, destapa el copón, se emborracha en el cáliz y se salva profetizando desde el campanario. Conduce toda la acción. PANREGIONAL verificado: Nansi/Anansi también aparece en caribe-restante (ciclo isleño de San Andrés y Providencia) y en cordoba-sinu. El de aquí es una araña católica de sacristía en un pueblo del San Juan; el isleño es un embaucador de monte, molino y montura en criollo inglés. Son dos mundos, no dos poses: el editor decide ficha nacional con variantes o una por región."
"choco-afro","chimbilaco","El Chimbilaco","criatura","1","","1","","Sombra alada amasada por la selva: alas de cuero mojado, boca roja como brasa, dientes blancos como pepita recién lavada, y sin patas a propósito ('para no dejar huellas'). Persigue, apaga velas, desorienta y también guía. Absorbe la luz falsa sobre el río (versión 5). FLAG: editorial/afrocolombianos/universe.mjs lo transfiere a Yagua como rumor amazónico contemporáneo y niega la atribución afrochocoana; si se aplica, esta ficha sale del corpus entera."
"choco-afro","la_sierpe_de_bete","La Sierpe de Beté","criatura","1","","1","","Bejuco de agua con escamas como pedacitos de luna y tres cabezas con oficio distinto: una canta, otra ríe, la tercera solo mira y al parpadear ennegrece el río. Se enrosca al Atrato y lo aprieta 'como si fuera cintura'. Una sola ficha: las tres cabezas son un cuerpo, no tres estados."
"choco-afro","la_yesca","La Yesca","criatura","2","bejuco visible, limpio y brillante, colgado como cuerda viva | abrazo invisible: el aire vuelto soga en pecho y cuello","1","","No es animal ni mujer: es un daño 'puesto'. Las versiones 1 y 2 muestran las dos siluetas y son incompatibles entre sí —una es liana con cuerpo, la otra es presión sin cuerpo—, así que el segundo estado cuesta ficha. Absorbe los bejucos y las raíces que cierran el camino: son ella, no decorado."
"choco-afro","la_tunda_tulavieja","La Tulavieja (la Tunda)","criatura","1","","1","","Mujer encorvada y andrajosa con pata de molinillo que se asoma detrás de un jigua-rastrojo gritando '¡icoz!', resiste el balazo y persigue hasta el cementerio; se lleva la presa, no al hombre. Absorbe la columna de humo con la que desaparece. PANREGIONAL NO, y esto contradice el encargo: grepeé los catorce volcados y 'Tunda'/'Tulavieja' solo sale en choco-afro. Es figura del Pacífico, no nacional. FLAG: editorial/afrocolombianos/ borra la historia de Adriano Lemos por no estar en el expediente y la reemplaza por una Tunda de Tumaco que toma el rostro de la madre —otra silueta por completo."
"choco-afro","las_animas_en_fila","Las ánimas de la Kijimba","colectivo","1","","1","si","No flotan: llegan caminando en fila por calle encharcada, con sombrero ladeado y zapatos limpios, como quien viene de baile, y traen reglas (nadie se burla, nadie niega agua, nadie canta por lucirse). PANREGIONAL verificado: las ánimas aparecen en 5 de los catorce volcados (choco-afro, eje-cafetero, tolima-huila, santander, varios-sin-territorio). Lo propio de aquí es que discuten al Ánima Sola: el reclamo del ánima es que 'la habían llamado sola cuando no era sola'. Esa corrección es la ficha."
"choco-afro","kijimba_la_llave","El Kijimba (la llave que se calienta en la palma)","objeto","1","","1","","Objeto por el que se cuenta el relato: una llave hecha de una hebra de tambor, una gota del Atrato y una palabra bien dicha, que se calienta como carbón prendido con cada respuesta del coro. FLAG: el módulo editorial declara inventados la llave, el amuleto, el Atrato y San Pacho; si se aplica, esta ficha desaparece y el objeto pasa a ser una tambora que llama de lejos."
"choco-afro","cantadoras_y_mayores_del_canto","Cantadoras y mayores del canto ritual","colectivo","2","cantadoras del arrullo, en pie junto al altar de velas | el mayor que desamarra desde la otra canoa, con sal y hojas amargas","3","","Reaparece en tres relatos con cuerpo reconocible: la cantadora que arma el altar y dirige el canto responsorial (Kijimba), las cantadoras que ensayan bajito y arrancan el arrullo cuando llega la Sierpe, y el mayor que en La Yesca canta 'no para espantar, sino para pedir permiso'. Dos estados porque el sitio y la postura cambian la silueta: de pie en tierra frente al altar, o sentado remando. Gente con oficio, no coro folclórico. Absorbe el tambor y el canto responsorial."
"choco-afro","hombre_del_rio_y_del_monte","El hombre del río y del monte","personaje","2","el cazador de escopeta y perros (Adriano Lemos, río Mecana) | el joven que se burla, con machete y linterna nueva o atarraya fina","5","","Dedupe fuerte: cinco relatos ponen al mismo tipo humano en escena. Adriano Lemos sale a cazar por necesidad; el muchacho de Chimbilaco entra al monte riéndose con linterna nueva y machete; el 'valiente' de Beté se monta a la canoa con atarraya nueva comprada fiada; el pescador de La Yesca se burla de un chinango; el atrevido de Kijimba se ríe bajito. Dos estados, no cinco fichas, porque cambia el aparejo y la intención, no el cuerpo. Absorbe sus perros, la escopeta, el machete, la linterna y la atarraya. Se dibuja como hombre con oficio en su territorio: nada de exotismo ni de tipo folclórico."
"choco-afro","gente_de_pueblo_chocoano","Gente de pueblo chocoano","colectivo","1","","4","","La población que llena las cuatro escenas colectivas: los de Istmina que buscan a Anansi por el pueblo entero, el barrio alborotado entre misa y comparsa, Beté que cuelga banderitas y prende velas en patronales, la plaza donde se burlan del chinango. Una sola hoja porque siempre es la misma gente cambiando de motivo. Absorbe las banderitas de patronales y al cura de Istmina, que actúa pero no recibe más cuerpo que su enojo."
"choco-afro","fauna_del_monte_chocoano","Fauna del monte chocoano","colectivo","1","","3","","Grupo nombrado dos veces con inventario propio: guaguas, armadillos, guatines, culebras y osos que 'circulaban junto a las casas' en Anansi; guaguas, venados, tatabro y la pava que Adriano abate en la Tunda. Una hoja con el repertorio, no una ficha por bicho. Absorbe al guaco, que en Chimbilaco solo canta como aviso de muerte."
"choco-afro","bosque_humedo_chocoano","Bosque húmedo: trocha, pantano y raíz","paisaje","1","","3","","Escenario del acto en tres relatos y no intercambiable con el río: es el monte que se cierra, el barro 'que agarra los tobillos como manos', el sendero que se repite, la raíz donde amanece el muchacho. Absorbe el jigua-rastrojo y el río Mecana, que se nombra pero no llega a ser escenario propio."
"choco-afro","atrato_ancho_y_sus_canoas","El Atrato ancho y sus canoas","paisaje","1","","4","","El río donde se pone ancho, con las canoas amarradas y en marcha. Cuatro relatos. Absorbe la canoa de un tronco (de pesca y de fiesta), el vaso de agua del Atrato como espejo y la ola 'que no era de mar, sino de selva' con que la Sierpe levanta el cauce. NO incluye bogas ni champanes: ningún relato los pone en escena."
"choco-afro","casa_sobre_pilotes","Casa de tabla sobre pilotes, techo de palma o zinc","arquitectura","1","","3","","Las 'casas de palma' que el Chimbilaco sobrevuela, el techo de zinc donde la lluvia suena, la choza de Adriano. Tres relatos con cuerpo reconocible."
"choco-afro","iglesia_y_camposanto_chocoano","Iglesia y camposanto de pueblo chocoano","arquitectura","1","","2","","Una sola hoja para los dos: torre de tabla con campanario y cuerdas de campana (donde Anansi se esconde y profetiza) y el camposanto contiguo de cruces de madera que echan chispas cuando Adriano lo cruza huyendo. Van juntos porque en estos pueblos están juntos, y porque las dos páginas que los usan son solo-content: no habrá guion ni video, pero sí aportan escenario a la biblia."
"choco-afro","hoja_utileria_altar_y_monte","hoja_utileria_altar_y_monte","objeto (hoja de agrupación)","1","","5","","Cinco objetos menores que ninguna ficha mayor absorbe y que aparecen repartidos entre Anansi (copón, cáliz, hostias, vino), Kijimba (cinco velas, flores, vaso de agua) y La Yesca (sal y hojas amargas). Van en una sola hoja de utilería porque son props de mano, no escenarios."
"cordoba-sinu-mestizo","tio_conejo","Tío Conejo","criatura","4","orejas cortas, antes del don de papá Dios | haciéndose el muerto, tieso en mitad del camino | decapitado y sin una pata, el final de La muerte de Tío Conejo","11","si","Protagonista de 11 de las 32 páginas: es el eje del corpus. Conejo antropomorfo que busca empleo, tiene esposa, monta un taller de zapatero y conduce un bus. Los tres estados sí cambian silueta y los tres se muestran en escena: las orejas cortas son el antes del relato etiológico, el hacerse el muerto ocurre en dos relatos distintos (platanos, orejas) y la decapitación es la imagen titular de un relato entero. Panregional: el ciclo de Tío Conejo corre por medio país y va a aparecer en varios de los catorce corpus de este censo. Lo sinuano de esta versión: no es un conejo de fábula europea sino un vecino de caserío — trabaja una roza de maíz y plátano, bebe en la cantina del pueblo, cobra por adelantado en Cotorra, y su antagonista humano es simplemente «el Hombre», campesino con escopeta y mochila."
"cordoba-sinu-mestizo","tio_tigre","Tío Tigre / Tía Tigra","criatura","2","enjaezado de caballo: bridas, silla y garrocha, cargando a Conejo rumbo a la corraleja","6","si","Seis relatos. El corpus lo usa en dos registros con el mismo cuerpo: fabulado y parlante (fiesta de toro, tigra madre, zapatero) y como jaguar real y mudo al que se caza (el-mocho-y-el-tigre). El estado disfrazado de caballo es la imagen entera de Conejo y la fiesta de toro y cambia por completo la silueta. Panregional: el par Conejo/Tigre es nacional. Lo sinuano: aquí el tigre teme al hombre con escopeta y es vendido como caballo en la tienda de Cotorra, no es fiera de selva."
"cordoba-sinu-mestizo","tia_zorra","Tía Zorra","criatura","1","","5","si","Cinco relatos, siempre actuando: se deja meter en la mochila, viaja en el bus, corta la cabeza de su marido, baila en el maizal ajeno. El corpus la viste — pierde «su pollerita» huyendo de los perros — así que la ficha lleva ropa, no es una zorra naturalista. Panregional dentro del ciclo animal; lo sinuano es la pollera y que aquí es esposa de Conejo, no rival."
"cordoba-sinu-mestizo","tio_morrocoy","Tío Morrocoy","criatura","1","","1","si","Un relato, pero gana la carrera y el relato existe por él. El morrocoy (tortuga de tierra) es cuerpo propio: no se deriva de ninguna otra ficha del elenco. Panregional: la carrera Conejo-Morrocoy circula por todo el Caribe y los Llanos. Lo sinuano: los hermanos idénticos apostados a lo largo del camino de tierra que contesta «¡Alante voy!»."
"cordoba-sinu-mestizo","tio_caiman_y_tia_caimana","Tío Caimán y Tía Caimana","criatura","1","","1","","Un relato, los dos conducen la acción: ella lo emplea y lo persigue, él lo cruza el río en el lomo. Una sola hoja porque son el mismo modelo con variante de sexo. Es la única entidad de agua con cuerpo del corpus entero y la más sinuana del elenco: caimán de río, cueva en la barranca, nido de huevos."
"cordoba-sinu-mestizo","tio_sapo","Tío Sapo","criatura","1","","2","","Dos relatos con cuerpo reconocible: en uno lo mandan a buscar la gasolina y en el otro discute y es atenazado. El texto lo describe (piel verdosa, andar de saltos)."
"cordoba-sinu-mestizo","tio_cangrejo","Tío Cangrejo","criatura","1","","1","","Un relato, pero él ejecuta el acto (clava la tenaza) y su tenaza es el remate («¡Quítenmelo que es cachaco y tiene navaja!»). Descrito: caparazón rojizo, tenazas que chasquean. Cuerpo que no sale de ninguna otra ficha."
"cordoba-sinu-mestizo","tio_gallinazo","Tío Gallinazo (Golero)","criatura","1","","2","","Dos relatos. En las orejas baja al olor del falso cadáver y le arrancan la pluma mayor, que es uno de los cuatro encargos; en el viaje al cielo va de pasajero nombrado. El corpus lo llama Gallinazo y Golero indistintamente."
"cordoba-sinu-mestizo","tia_lechuza","Tía Lechuza","criatura","1","","1","","Un relato y una sola línea, pero es la línea que resuelve la escena: «¿Y qué me ves? ¡Coge el galón y vamos!». Conduce la acción. Es la ficha más delgada del elenco animal y la primera que yo cortaría si hay que recortar."
"cordoba-sinu-mestizo","tio_perro","Tío Perro / los perros de la roza","criatura","1","","4","","Cuatro relatos y actúa en tres: se parte la uña en la apuesta del guayacán, muerde a Tía Zorra en el maizal, devora a Zorra bajo la batea. El corpus lo usa como personaje parlante y como jauría de finca con el mismo cuerpo; la ficha debe leerse en los dos registros."
"cordoba-sinu-mestizo","tio_gallo_y_la_gallina","Tío Gallo y la gallina de patio","criatura","1","","3","","Tres relatos. En uno es el que engaña a Conejo explicándole que su señora le corta la cabeza (con la cabeza bajo el ala y una pata alzada, que es la imagen del relato); en otro los gallos y gallinas son la moneda del experimento doméstico; en el tercero Gallina se come a Cucaracha bajo la batea. Una hoja cubre macho y hembra."
"cordoba-sinu-mestizo","cucaracha","Cucaracha","criatura","1","","1","","Un relato, pero abre la cadena de depredación que es todo el relato: llega primera, se esconde bajo la batea y muere. Sin ella la cadena no arranca. Cuerpo que no sale de ninguna otra ficha; ficha delgada pero necesaria."
"cordoba-sinu-mestizo","el_campesino_del_sinu","El campesino del Sinú (el Hombre)","personaje","1","","11","","La ficha donde está el ahorro grande: absorbe once hombres sin nombre que el corpus no distingue físicamente — el dueño de la roza que hace la mona de cera, «el Hombre» con escopeta del ciclo de Conejo, Pedro y Manuel los de la discusión, los dos compadres, el marido de los tres curas, los dueños del maizal, el sacristán, el Camarón que carga al Mocho, el amo de la finca, el hombre del reloj. Ninguno de ellos recibe una sola descripción física propia. Hombre de trabajo de caserío: descalzo o alpargata, mochila, machete o escopeta."
"cordoba-sinu-mestizo","el_muchacho_del_caserio","El muchacho del caserío","personaje","1","","5","","Cinco relatos. Cuerpo distinto del campesino adulto (adolescente o joven): el que monta el burro a la puerta de la iglesia, el hijo que no se levanta de la cama, los tres muchachos de las bolitas, el joven que visita a la novia, Pedro y Manuelito. Absorbe también al niño dormido del trueque de camas, que es el mismo modelo a otra escala y no recibe ningún atributo."
"cordoba-sinu-mestizo","juan_bobo","Juan Bobo","personaje","1","","2","si","Dos relatos y es figura con nombre propio y silueta reconocible, no un muchacho más: carga la puerta de la casa al hombro, duerme en el zarzo, le da mazamorra hirviendo a la madre. Panregional: Juan Bobo circula por toda Hispanoamérica y va a reaparecer en otros corpus de este censo. Lo sinuano de esta versión: la mazamorra en totuma, el pilado de maíz, el zarzo de la casa de palma y un humor negro muy áspero (mata a la madre y la pasea a caballo)."
"cordoba-sinu-mestizo","la_mujer_joven_del_sinu","La mujer joven del Sinú","personaje","1","","7","","Siete relatos, una sola hoja. Absorbe a Clara la del internado, la novia, la muchacha de la confesión, la mujer que embauca a los tres curas, las esposas que deciden por sus maridos, la mujer del Camarón y la esposa de Rambao. El corpus no diferencia sus cuerpos: son la misma mujer de caserío en escenas distintas."
"cordoba-sinu-mestizo","la_anciana_campesina","La anciana campesina","personaje","2","muerta, sentada y amarrada al caballo con la garrocha en la mano","5","","Cinco viejas distintas del corpus en una sola ficha: la madre del hijo perezoso, la madre paralítica de Juan Bobo, la vieja del cuchillo que baja de noche, la anciana de noventa y cinco años de la iglesia y la vieja de los dos huevos. Todas comparten cuerpo; lo que cambia es el atrezo (cuchillo, huevos, silla). El estado sí vale hoja: la muerta amarrada al caballo con la garrocha es la imagen entera de Juan Bobo y la Vieja y cambia radicalmente la silueta."
"cordoba-sinu-mestizo","el_viejo_del_camino","El viejo del camino","personaje","1","","2","","Dos relatos: el compadre Matías con su saco de yute que zanja la discusión con un plátano, y «el viejo» que acompaña a Rambao. Cuerpo distinto del campesino en plena fuerza (edad, andar). Ojo: al viejo de Rambao el texto no le da un solo atributo sobrenatural descrito, así que la ficha no lleva iconografía de mago; si se le pone, se inventa."
"cordoba-sinu-mestizo","el_cura","El cura de pueblo","personaje","1","","5","si","Cinco relatos, el humano más frecuente del corpus después del campesino (41 menciones de «cura»). Absorbe a los tres curas enamorados: el corpus los distingue por mote y edad, no por cuerpo (Barba Raspa el barbado, el joven, el veterano), así que una hoja con variantes de barba y edad los cubre. Panregional: el cura de pueblo es figura de todos los corpus mestizos del censo. Lo sinuano: aquí siempre está en falta o en burla — cobra el desayuno con un acertijo, hace juegos de palabras obscenos en el confesionario, se trepa a un palo de mamón y se cae."
"cordoba-sinu-mestizo","el_indio_del_desayuno","El indio de la misa","personaje","1","","1","","Un relato, pero conduce y gana la acción: se lleva el huevo con «el cura lo escoronolo, usted salorolo y yo comerolo». El texto sí le da cuerpo (pies descalzos, piel curtida, entra en silencio). SENSIBLE y hay que tratarlo con cuidado: el relato lo llama sólo «el indio», sin ninguna adscripción étnica, y el remate subvierte el estereotipo de ingenuidad en vez de reforzarlo. No se le presta iconografía zenú — ni vueltiao, ni orfebrería, ni nada — porque el corpus no la trae y el Zenú tiene su biblia aparte."
"cordoba-sinu-mestizo","el_costeno_pescador","El costeño pescador","personaje","1","","1","","Un relato, conduce la acción (les advierte, comparte la pesca). Es el único oficio del corpus fuera del campesino genérico: no hay vaquero, ni partera, ni rezandero, ni bogas. Dato de producción importante: pesca con anzuelo y caña en la orilla, NO con atarraya — la palabra atarraya no aparece ni una vez en las 32 páginas. Piel curtida, en la barranca del río."
"cordoba-sinu-mestizo","los_cachacos","Los cachacos","colectivo","1","","4","si","Cuatro relatos (en uno son sólo el remate: «es cachaco y tiene navaja»). Cuerpo descrito: trajes pulcros, bastones, venidos de tierra fría. Panregional: el par cachaco/costeño es un eje nacional y va a salir en varios corpus de este censo; el editor debería decidirlo de una vez. Lo sinuano: aquí siempre pierden o quedan en ridículo frente al costeño, y el ron ñeque y la cántara son el escenario de su caída."
"cordoba-sinu-mestizo","el_paisa","El paisa (Jaime Restrepo de Marinilla)","personaje","1","","2","si","Dos relatos y es el mismo tipo: el que se comió la gurupera en la fiesta y el que saca a los cachacos del cielo con una tiza. Panregional obvio. Lo sinuano no está en su cuerpo sino en la posición: en este corpus el paisa es el forastero al que la sabana mira con sorna, contado en una fiesta cordobesa. OJO con el decorado: el texto florido lo planta en «los cafetales de Antioquia», que es relleno; el chiste se cuenta en el Sinú."
"cordoba-sinu-mestizo","el_gringo","El gringo","personaje","1","","1","","Un relato, pero él dice el remate («en mi tierra, galápago y gurupera es la misma cosa»). Cuerpo de forastero, distinto de todo el resto del elenco. Ficha delgada: candidata a recorte si hay que apretar."
"cordoba-sinu-mestizo","el_policia","El policía","personaje","1","","1","","Un relato, conduce la acción (lo llaman, se acerca, pregunta). El uniforme es un modelo aparte que no sale de ninguna otra ficha. Ficha delgada."
"cordoba-sinu-mestizo","el_rey","El rey de las dos hijas","personaje","1","","1","","Un relato, pero abre y cierra la acción (hace la apuesta, la pierde, ríe). Pertenece al registro märchen europeo que este corpus trae trasplantado, no a la sabana: corona y corte, no campesino. Hay que decidir de entrada si ese submundo se dibuja como cuento de hadas o se traduce al Sinú; yo lo fiché como viene."
"cordoba-sinu-mestizo","la_hija_coja_del_rey","La hija coja del rey","personaje","1","","1","","Un relato, y es el objeto de la apuesta: el relato existe para que alguien le diga «usted es coja». La cojera es silueta, no ánimo, y por eso es ficha y no variante de la mujer joven. Absorbe a la hija mayor, que nunca actúa y no recibe ningún atributo."
"cordoba-sinu-mestizo","el_vendedor_de_flores","El vendedor de flores","personaje","1","","1","","Un relato, gana la apuesta y es quien dice la frase. Cuerpo descrito y distinto: harapos, canasto de flores, sonrisa circunspecta. Lleva las flores dentro de su hoja."
"cordoba-sinu-mestizo","rambao","Rambao","personaje","1","","1","","Un relato pero largo y con nombre propio: labrador pobre de treinta años, casado, con hijos, que sale al camino con una gallina guisada y se encuentra con María, con Jesús y con la Muerte. Fiché sólo su cuerpo base. La segunda mitad del relato (ciudad de ancianos, rejuvenecimientos, niño-adulto) es relleno ilegible y su campo Historia está en blanco, así que no le puse estados: lo verifiqué leyendo la Historia, que dice literalmente «Por ahora no tenemos tan clara la historia de este mito»."
"cordoba-sinu-mestizo","los_ladrones_del_pozo","Los ladrones del pozo","colectivo","1","","1","","Un relato, pero conducen la acción: llegan, abren el pozo con la contraseña, beben lo que cae del árbol y huyen cuando les cae la puerta encima. Cuerpo de banda de camino que no se deriva del campesino ni del muchacho."
"cordoba-sinu-mestizo","el_mocho","El Mocho","personaje","1","","1","","Un relato, pero su cuerpo ES el relato: cojo de la pierna izquierda, cargado sobre los hombros del compañero, con la escopeta al hombro, y luego corriendo más rápido que el que lo abandonó. Silueta única del corpus. El Camarón que lo carga va embebido en la ficha del campesino."
"cordoba-sinu-mestizo","papa_dios","Papá Dios","deidad_fuerza","1","","1","si","Un relato, pero conduce toda la acción: pone los cuatro encargos y al final le estira las orejas a Conejo. Panregional: la figura de papá Dios en el umbral del cielo aparece en corpus mestizos de todo el país. Lo sinuano: el trato es de vecino, lo tutea y lo manda a hacer mandados. SENSIBLE en tratamiento: el corpus no le da rostro, así que la ficha debería resolverse en umbral, luz y silueta, nunca en retrato frontal."
"cordoba-sinu-mestizo","san_pedro","San Pedro","deidad_fuerza","1","","2","si","Dos relatos: portero del cielo que niega el cupo a los antioqueños y se deja engañar, y «Pedro» que se disputa a Rambao al final. Barbas canosas, llaves, puerta. Panregional evidente. Lo sinuano: aquí el cielo tiene cupos por región y el chiste es de rivalidad paisa-cachaco, no de teología."
"cordoba-sinu-mestizo","maria_y_jesus_caminantes","María y Jesús en el camino","deidad_fuerza","1","","1","si","Un relato, pero conducen el motor moral del primer acto: los dos le piden a Rambao compartir la gallina y los dos son rechazados. Una hoja para los dos porque hacen exactamente lo mismo, en la misma encrucijada y con el mismo registro (caminantes de a pie). Panregional: el motivo de los santos que caminan el mundo disfrazados de pobres corre por toda Colombia. Ficha delgada en evidencia: dos frases de descripción («mujer de mirada radiante», «hombre de semblante sereno»)."
"cordoba-sinu-mestizo","la_muerte","La Muerte (la comadre)","deidad_fuerza","1","","1","si","Un relato, pero se sienta a comer con él, lo avisa del parto de su mujer, la nombra comadre y vuelve por él al final. Conduce la acción tres veces. Panregional fuerte: la Muerte comadre es figura de todo el mundo hispano y de varios corpus de este censo. Lo sinuano: aquí no se la teme, se la convida al último muslo de gallina en una encrucijada del camino de tierra."
"cordoba-sinu-mestizo","la_mona_de_cera","La mona de cera","objeto","1","","1","","El objeto por el que se cuenta el relato: figura de mujer hecha en cera, puesta en la cantina, a la que Conejo se pega con las cuatro patas. La ficha resuelve además la composición de Conejo pegado, que por eso no cuesta estado aparte."
"cordoba-sinu-mestizo","la_puerta_a_cuestas","La puerta de la casa a cuestas","objeto","1","","1","","El objeto por el que se cuenta el relato: Juan Bobo desmonta la puerta de la casa y la carga al hombro todo el viaje, la sube al árbol y con ella aplasta a los ladrones. Hoja de madera de casa de palma, con marco."
"cordoba-sinu-mestizo","la_batea","La batea","objeto","1","","1","","El objeto por el que se cuenta el relato: todos los clientes se esconden debajo y bajo ella ocurre la cadena de muertes. Batea de madera labrada, utensilio doméstico cordobés de verdad — uno de los pocos objetos materialmente sinuanos que el corpus sí trae."
"cordoba-sinu-mestizo","la_cantara_de_ron_neque","La cántara de ron ñeque","objeto","1","","1","","El objeto por el que se cuenta el relato: la cántara regalada es el premio de la apuesta y el centro de la escena. Ron ñeque es el destilado local; la cántara de barro es el otro objeto genuinamente regional del corpus."
"cordoba-sinu-mestizo","la_hamaca","La hamaca","objeto","1","","3","","Tres relatos y en los tres es objeto de trama, no decorado: el hijo no se levanta de ella, el Mocho aparece acostado en ella antes que su compañero, Juan Bobo corta sus amarras en el zarzo para caer al suelo. Cinco menciones literales."
"cordoba-sinu-mestizo","la_gurupera","La gurupera y los aperos de montura","objeto","1","","1","","El objeto por el que se cuenta el relato: el chiste entero es la palabra gurupera y su confusión con galápago. La hoja muestra la montura completa despiezada — gurupera, galápago, bridas y silla — que además sirve para vestir al tigre disfrazado de caballo y al caballo de Juan Bobo. Dos usos por una hoja."
"cordoba-sinu-mestizo","el_bus_de_los_animales","El bus de los animales","objeto","1","","1","","Objeto y escenario a la vez: bus multicolor que sube al cielo, conducido por Conejo, con Sapo, Golero, Zorra, Armadillo y Lechuza a bordo. Es el único vehículo del corpus. La hoja lleva dentro al Armadillo (que nunca actúa) y el galón de gasolina."
"cordoba-sinu-mestizo","el_platano_y_el_gajo","El plátano y el gajo de plátanos","planta","1","","3","","Tres relatos y en dos de ellos es el objeto del relato: el gajo que Tigre lleva al hombro y que Conejo le roba haciéndose el muerto, y el plátano con que el compadre Matías demuestra la diferencia entre lo justo y lo legal. Dieciséis menciones. La hoja lleva la mata, el gajo y el plátano suelto."
"cordoba-sinu-mestizo","el_arbol_grande_del_camino","El árbol grande del camino y del patio","planta","1","","6","","Aquí está otro pedazo del ahorro: el corpus nombra cinco árboles distintos (ceiba de la plaza, palo de mamón donde se trepan los curas, guayacán donde Perro se parte la uña, el árbol viejo que guarda el pozo de los ladrones, los cipreses de la iglesia) y todos cumplen la misma función y ocupan el mismo lugar en el encuadre. Una hoja con las variantes de copa y corteza, no cinco paisajes."
"cordoba-sinu-mestizo","la_casa_de_palma_y_el_patio","La casa de palma y su patio","arquitectura","1","","8","","Ocho relatos. Interior y patio de la vivienda de caserío: hamaca, zarzo, fogón, camas, corral. Absorbe la «finca» de los tres cachacos, que el corpus nombra en una línea y no describe — dibujar una casa de hacienda ganadera sería extrapolar el encargo, no leer el texto."
"cordoba-sinu-mestizo","el_caserio_de_calles_de_tierra","El caserío de calles de tierra","arquitectura","1","","8","","Ocho relatos. El pueblo visto desde fuera: calles de tierra batida, plaza con su árbol, puestos de mercado, dos caseríos unidos por un sendero. Cotorra, el único topónimo del corpus, es este caserío (aparece en Conejo y la fiesta de toro y en Tío Conejo zapatero). Absorbe también el internado de muros altos, que el corpus despacha en una cláusula sin describirlo."
"cordoba-sinu-mestizo","la_iglesia_del_pueblo","La iglesia del pueblo","arquitectura","1","","3","","Tres relatos con la acción dentro o en la puerta, y diecinueve menciones en el corpus. Muros de piedra, puerta mayor, vitrales, campanas, bancas, confesionario con celosía, velas, y la despensa del cura detrás. Escenario no intercambiable con la casa ni con la tienda."
"cordoba-sinu-mestizo","la_tienda_de_esquina","La tienda de esquina (tienda, cantina y taller)","arquitectura","1","","4","","Cuatro relatos. Dedupe deliberado: la tienda donde el hombre deja la mochila, la taberna donde Conejo bebe y se pega a la mona de cera, la cantina donde «mataron a Tío Tigre» y el taller del zapatero son el mismo local de caserío — mismo mostrador, mismo techo, mismo frente a la calle. Lo que cambia es el atrezo, y eso se resuelve en hoja de utilería, no en ficha nueva."
"cordoba-sinu-mestizo","la_corraleja","La corraleja","arquitectura","1","","1","","Un relato (dos menciones), pero es el destino de todo el viaje y el único resto de la iconografía ganadera que el encargo esperaba y que el corpus realmente contiene. Palcos de madera, ruedo de tierra. La hoja lleva dentro al toro y la Feria del Toro, porque ningún relato describe un toro en acción."
"cordoba-sinu-mestizo","el_castillo_del_rey","El castillo del rey","arquitectura","1","","1","","Un relato, pero es el escenario del acto y sí está descrito: paredes de mármol blanco, torres, jardines de rosas, balcón desde donde salen las hijas. No es intercambiable con ningún paisaje sinuano ya fichado. Es el registro märchen importado que este corpus arrastra."
"cordoba-sinu-mestizo","el_cielo","El cielo (las puertas y la Gloria)","lugar","1","","4","","Cuatro relatos: los animales suben en bus a la fiesta del cielo, el paisa llega a la puerta, Conejo sube a pedirle cuerpo a papá Dios, Rambao termina en la Gloria. Umbral dorado, nubes, paredes blancas. Lleva dentro el letrero de tiza («EN EL INFIERNO SE HA DESCUBIERTO UN FILÓN DE ORO»), que se pinta sobre su pared."
"cordoba-sinu-mestizo","el_pozo_de_los_ladrones","El pozo que se abre bajo el árbol","lugar","1","","1","","Un relato, pero es el escenario del segundo acto y es un lugar mágico propio: un pozo entre las raíces de un árbol que se abre con la contraseña «¡Ábrete perejil!» y guarda la plata. No es intercambiable con ningún paisaje del corpus. Motivo märchen (la cueva de los ladrones) aterrizado en el monte cordobés."
"cordoba-sinu-mestizo","el_camino_de_tierra","El camino de tierra","paisaje","1","","8","","El paisaje más frecuente del corpus con diferencia: treinta y seis menciones de «camino», más sendero, carretera y encrucijada. Es donde pasa casi todo — la carrera con Morrocoy, el robo del gajo, el encuentro con la Muerte, el viaje de los cachacos, la vieja con los huevos entre dos caseríos. Camino polvoriento de sabana bordeado de monte. Una hoja cubre las cuatro variantes."
"cordoba-sinu-mestizo","el_monte","El monte","paisaje","1","","5","","Cinco relatos: la montaña donde caza Tía Tigra, el claro donde acecha el tigre, la espesura de la carrera. TRAMPA DE PRODUCCIÓN que hay que decir en voz alta: el texto florido escribe «selva» catorce veces y «bosque» veinticinco, pero las Historias dicen «monte» y el territorio es Córdoba. Si se dibuja selva amazónica se dibuja el biomas equivocado; esto es bosque seco y bosque de galería de sabana."
"cordoba-sinu-mestizo","la_roza","La roza (maizal, platanera y yucal)","paisaje","1","","3","","Tres relatos y dieciocho menciones. Es el escenario productivo del corpus: maíz, plátano, yuca y patillas en un claro quemado del monte. La roza ajena donde baila Tía Zorra, la roza del hombre de la mona de cera, la roza compartida por Conejo y Gallo. Dejé el estado quemado dentro de la misma hoja: es variación de luz y dressing del mismo campo, no un modelo nuevo."
"cordoba-sinu-mestizo","el_rio_y_el_arroyo","El río y el arroyo","paisaje","1","","5","","Cinco relatos y el sustantivo más repetido del corpus después de camino. Orilla, ribera, barranca con la cueva del caimán, arroyo donde se lavan la cabeza y la pata. AVISO: es un río genérico de monte, sin ciénaga, sin caño, sin canoa, sin mangle — ninguna de esas palabras aparece en las 32 páginas. El mundo anfibio del Sinú que el encargo suponía no está en estos textos."
"cordoba-sinu-mestizo","el_burro_y_la_burra","El burro y la burra","animal","1","","2","","Dos relatos y en los dos el burro es el motor de la escena. Animal naturalista, no fabulado: no habla. Una hoja cubre macho y hembra."
"cordoba-sinu-mestizo","el_caballo_de_sabana","El caballo de sabana","animal","1","","2","","Dos relatos: el caballo al que Juan Bobo amarra a su madre muerta (y la yegua que lo desboca, y el caballo del cura que pasa cabalgando) y el caballo que el tigre finge ser, que necesita la referencia real para que el disfraz se lea. Animal naturalista. Ojo: el pelaje azul brillante del caballo de Juan Bobo es relleno del texto florido, no va en la ficha."
"cordoba-sinu-mestizo","el_aguacero","El aguacero","fenomeno","1","","2","","Es el único fenómeno atmosférico del corpus y conduce la acción de un relato entero: el aguacero es lo que impide al joven volver a su casa y lo obliga a dormir allí, que es la premisa del cuento. En el otro se nombra la estación de los aguaceros. Una hoja; barata y la van a necesitar los videos."
"cordoba-sinu-mestizo","hoja_utileria_cocina_y_mesa","hoja_utileria_cocina_y_mesa","objeto (hoja de agrupación)","1","","5","","Comida y vajilla del corpus. Es la hoja que más carga lo regional que sí existe en estos textos: totuma, mazamorra, bollo, queso."
"cordoba-sinu-mestizo","hoja_utileria_fiesta_y_camino","hoja_utileria_fiesta_y_camino","objeto (hoja de agrupación)","1","","5","","Trago, música y menudencias de fiesta y de viaje. Aviso de producción: es todo lo que el corpus da de fiesta — un acordeón y aguardiente. No hay fandango, ni porro, ni tambora nombrados."
"cordoba-sinu-mestizo","hoja_utileria_trabajo_y_monte","hoja_utileria_trabajo_y_monte","objeto (hoja de agrupación)","1","","5","","Herramienta de mano del campesino y del pescador. El anzuelo debe dibujarse con carnada y desnudo, que es la diferencia que sostiene un relato entero."
"cordoba-sinu-mestizo","hoja_utileria_plata_y_tiempo","hoja_utileria_plata_y_tiempo","objeto (hoja de agrupación)","1","","5","","Dinero y medida del tiempo: el corpus vuelve tres veces sobre la plata escondida y una sobre la hora."
"cordoba-sinu-mestizo","hoja_utileria_encargos_de_papa_dios","hoja_utileria_encargos_de_papa_dios","objeto (hoja de agrupación)","1","","5","","Los cuatro encargos de Las orejas del Tío Conejo más el calabozo que los cierra. Funcionan como un juego de objetos dentro de un mismo relato, así que una hoja los resuelve en bloque."
"cordoba-sinu-mestizo","hoja_utileria_casa_y_devocion","hoja_utileria_casa_y_devocion","objeto (hoja de agrupación)","1","","5","","Interior doméstico y de iglesia: lo que amuebla la casa de palma y la nave del templo sin exigir ficha propia."
"cuycuyes","ser-de-los-ojos-resplandecientes","Ser de ojos resplandecientes","criatura","1","","1","","Es el objeto por el que se cuenta el relato y conduce la única acción sobrenatural: aparece dentro del humo y responde a los ministros del rito. La hoja existe sobre todo para fijar lo que NO puede hacerse, que los dos prompts ya escriben: silueta humana ambigua sugerida por el humo, dos puntos de luz sobrios en los ojos, sin rostro monstruoso, sin figura literal, sin cuernos, sin ídolo monumental y sin identificarla como Calgari. La crónica no le da nombre ni palabras y la ficha tampoco."
"cuycuyes","especialistas-del-rito","Especialistas que conducen la ceremonia","colectivo","1","","1","","Conducen toda la acción del relato: preparan las vasijas, ponen las resinas y las flores, llenan el cuarto de humo y formulan las preguntas por las cosechas y el bienestar de la provincia. El prompt horizontal pide tres. Gramática de grupo del siglo XVI: sin tocados panindígenas y sin símbolos aztecas, mayas ni muiscas, que es la advertencia literal del prompt de comunidad."
"cuycuyes","casa-redonda-de-arma","Casa redonda de la provincia de Arma","arquitectura","1","","1","","Escenario del acto y arquitectura que identifica al territorio: casas grandes y redondas levantadas con varas, vigas y techos de paja, algunas divididas por esteras en varios espacios. El modelo espacial debe resolver esa división interior, porque de ella depende que el recinto del oratorio se lea como lugar apartado y no como plaza abierta."
"cuycuyes","vasijas-de-sahumerio","Vasijas de barro para las resinas","objeto","1","","1","","Son el instrumento material de la ceremonia y están en los dos prompts, el vertical con filas enteras de ellas. Cerámica del Cauca medio en época de contacto: la hoja debe fijar una forma documentada para que no se dibuje alfarería genérica ni de otra región andina."
"cuycuyes","flores-blancas-y-negras","Pequeñas flores blancas y negras","planta","1","","1","","Es el detalle más específico que conserva la crónica y aparece en los dos prompts y en el de comunidad. Los dos colores son portantes: sin ellos la escena pierde lo único que la distingue de cualquier sahumerio. Hoja botánica sobria, sin resolver una especie que la fuente no nombra."
"cuycuyes","humo-del-oratorio","Humo que llena el cuarto en capas","fenomeno","1","","1","","Regla de atmósfera, distinta de la ficha del ser: el humo llena el cuarto en capas lentas, oculta los bordes de las esteras y cambia la luz, y es lo que en los dos prompts sugiere la silueta. Sin una regla escrita, cada escena resolverá la niebla de manera distinta y la ambigüedad —que es el argumento— se perderá."
"cuycuyes","comunidad-cuy-cuy-arma","Gente de la provincia Cuy-Cuy o Arma, siglo XVI","colectivo","1","","2","","Aparece en los dos relatos: es la población por cuyas cosechas y bienestar se pregunta en el oratorio, y son los pobladores que al llegar la conquista esconden parte de los adornos de oro. Gramática de grupo de época de contacto, deliberadamente separada de la de los arrieros: el canon advierte que la provincia era multilingüe y de cacicazgos y que no puede convertirse en una comunidad contemporánea homogénea."
"cuycuyes","adornos-de-oro-de-los-armados","Adornos de oro que dieron el nombre de Armados","objeto","1","","2","","Ficha de época de contacto: son los ornamentos personales a partir de los cuales los españoles impusieron el rótulo Arma o Armados, según recuerda Valencia Llano, y lo que los pobladores esconden al llegar la conquista. Va separada de las figuras del tesoro precisamente para que no se confundan un adorno llevado en el cuerpo en el siglo XVI y un inventario de guaca escrito en 1983."
"cuycuyes","arrieros-y-campesinos-de-la-montana","Arrieros, campesinos y curas de la montaña","colectivo","1","","1","","La segunda gramática humana del corpus y la razón de ser de este censo: el mundo regional mestizo tardío en el que la leyenda fue escrita y reelaborada. Cubre a Martín Blandón, al sacerdote que recibe las indicaciones, a quienes intentaron seguir la ruta y a los dos arrieros con mula del prompt vertical. Época de arriería, no de contacto: ni un solo adorno prehispánico sobre estos cuerpos."
"cuycuyes","figuras-de-caciques-de-oro","Dieciséis figuras de caciques de oro macizo","objeto","1","","1","","Es el objeto por el que se cuenta el relato y el punto más delicado del corpus. El inventario viene de la Monografía de Aguadas de 1983 con lenguaje hiperbólico de guaca —tres reinos, cincuenta mulas— y el canon advierte que no debe leerse como inventario histórico comprobado. La hoja debe resolverlas como figuras de una leyenda, dispuestas con sobriedad tal como pide el prompt, y NO reproducir orfebrería quimbaya ni del Cauca medio como si fueran piezas catalogadas: eso convertiría una lista legendaria en un registro arqueológico."
"cuycuyes","pareja-guardiana","Guardián y guardiana del escondite","personaje","1","","1","","Conducen la custodia dentro del inventario transmitido por Blandón y el prompt horizontal los pide al fondo, no monstruosos. Necesitan hoja propia justamente porque el canon deja su naturaleza abierta: pueden ser personas, imágenes o presencias según la interpretación, y no se identifican con ninguna deidad Cuy-Cuy. Esa ambigüedad hay que resolverla una vez y sostenerla."
"cuycuyes","cueva-del-tesoro","Cámara de piedra donde está el depósito","lugar","1","","1","","Escenario del acto y sujeto del prompt horizontal. El modelo espacial recoge toda la secuencia de acceso que la ruta enumera: escalones naturales junto a la cascada, cornisa, roca que funciona como tapón, salón, segunda piedra y escalas labradas que bajan al corazón del escondite."
"cuycuyes","montanas-y-canon-del-cauca","Montañas del norte de Caldas y cañón del Cauca","paisaje","1","","2","","Modelo de entorno de los dos relatos: la montaña y el cielo nocturno que se ven por la abertura del recinto, y el camino entre Aguadas y Pácora sobre el cañón del Cauca. Recoge todos los topónimos de la ruta, y hace bien: el canon dice que los lugares fluctúan entre Aguadas, Pácora, Salamina, río Arma, río Pozo y el Cauca, y que «no es necesario escoger un punto único»."
"cuycuyes","resplandor-que-se-deshace","Resplandor dorado que se deshace en niebla","fenomeno","1","","1","","Es toda la variante de Ocampo y no se reduce a un objeto: el tesoro se manifiesta a los arrieros desde lejos como un brillo entre la montaña y la niebla, y cuando creen haber fijado el lugar desaparece. El prompt es explícito en la regla: debe sentirse como espejismo y no como portal. Sin hoja de fenómeno, se dibujará una puerta mágica."
"cuycuyes","hoja_utileria_cuycuyes","hoja_utileria_cuycuyes","objeto (hoja de agrupación)","1","","3","","Los tres objetos menores del corpus: las resinas del sahumerio del siglo XVI y las mantas y sombreros de caña que quedaron dentro de la cámara. Son pocos, pero la hoja es necesaria porque en los tres la fuente omite la forma y el error posible es de época, no de dibujo: cada pieza debe declarar a qué siglo pertenece lo que se representa."
"desana","yeba_buro","Yebá Buró, la Abuela del Mundo","deidad_fuerza","1","","1","","Se crea a sí misma en la oscuridad sobre un banco de cuarzo, levanta la Maloca del Universo, forma a los Hombres Trueno y a Yebá Gõãmü y guarda los adornos que contienen la futura humanidad: conduce todo el primer acto del corpus."
"desana","yeba_goamu","Yebá Gõãmü","deidad_fuerza","1","","3","","Tres relatos con cuerpo reconocible: alza el bastón del que nace el Sol, indica el camino a la casa de Ñami y ordena a Sëpïrõ cerrar la Puerta de las Aguas y después lo detiene. La fuente lo llama «un ser sin cuerpo» al formarse, pero enseguida actúa con cuerpo; el contrato debe resolver eso, no una ficha aparte."
"desana","abe_sol","Abe, el Sol","deidad_fuerza","2","astro nacido del adorno luminoso sobre el bastón","4","","La entidad más reutilizada del corpus (cuatro relatos). Dos siluetas escritas: en la creación es la luz que nace de un adorno colocado sobre un bastón; en los cataclismos y en las flautas es el dueño de una casa con esposa e hijos que persigue y quema a Nügüye. La segunda ficha es el estado astro. Misma figura del área cultural que el Sol Tucano y el Sol Barasana, fichada aparte en cada comunidad."
"desana","pamurigahsiru","Pamürïgahsiru, la Canoa de Transformación","criatura","1","","1","","Es el objeto por el que se cuenta el relato y el centro de la escena horizontal aprobada: una serpiente enorme cuya cabeza parece la proa de una canoa, que viaja bajo el agua deteniéndose en casas de transformación. Es la forma que toma el tercer Hombre Trueno al descender, no una criatura independiente de él."
"desana","hombres_trueno","Los cinco Hombres Trueno (Hombres de Cuarzo)","colectivo","1","","2","","Grupo de cinco con cuerpo propio que reaparece: intentan completar la humanidad y fracasan, y Guramüye regresa de la Maloca del Universo relacionado con ellos. Gramática de grupo, no cinco fichas."
"desana","umukomahsu_boreka","Umukomahsü Boreka","personaje","1","","1","","Antepasado principal de los Desana-Kêhíripõrã; sale en segundo lugar por la abertura de Ipanoré en un orden que la narración recuerda. Es la figura por la que este relato de creación pertenece a esta comunidad y no al área en general."
"desana","futura_humanidad","La futura humanidad que emerge en Ipanoré","colectivo","1","","1","","Protagonista de la escena vertical aprobada. No es la gente Desana ya formada: son los pueblos que se diferencian en lenguas y relaciones durante el viaje y salen en orden por la piedra. Gramática de grupo distinta de gente_desana."
"desana","gente_desana","La gente Desana","colectivo","1","","6","","Gramática de grupo base del corpus: seis relatos la usan como familias, padres que esperan, sobrevivientes en las montañas, gente de las malocas visitadas y los hombres de la maloca. Absorbe todos los cuerpos humanos genéricos y sostiene la escala frente a deidades, animales y espacios."
"desana","baaribo","Baaribo","personaje","1","","1","","Conduce el relato entero: guarda los alimentos dentro de su cuerpo, hace aparecer comida, marca y quema la chagra circular y termina transmitiendo lo necesario al hijo. Es el eje de las dos escenas aprobadas."
"desana","hijo_de_baaribo","El hijo de Baaribo","personaje","1","","1","","Sin nombre en la fuente, pero el relato abre con la separación entre padre e hijo y cierra con la devolución generacional; la escena vertical aprobada («Baaribo transmite alimentos a una nueva generación») necesita su cuerpo. Un segundo cuerpo humano diferenciado, no un miembro genérico."
"desana","nami","Ñami, el Dueño de la Noche","deidad_fuerza","1","","1","","Conduce el primer acto: cierra la casa, abre el recipiente, muestra el orden con que hace pasar la noche y entrega la carga con una advertencia. Misma función que el dueño de la noche Tucano, que no tiene nombre; fichas separadas."
"desana","hermano_menor_noche","El hermano menor","personaje","1","","1","","Protagonista de la escena vertical aprobada: es el único que permanece despierto, observa el orden de Ñami y reconoce la línea del amanecer que devuelve la claridad. La lección publicada gira sobre él."
"desana","hermanos_mayores_noche","Los hermanos mayores","colectivo","1","","1","","Conducen el error que hace el relato: desconfían del menor, cargan el recipiente cada vez más pesado y lo abren en medio del camino. Grupo con función propia, distinto de la gramática general gente_desana."
"desana","criaturas_de_la_noche","Las aves nocturnas, grillos e insectos de la noche","colectivo","1","","1","","Son el contenido del recipiente: salen de él, se dispersan y sus voces permiten al hermano menor medir el tiempo hasta el amanecer. Aparecen en la escena horizontal aprobada escapando sobre el río. Gramática de enjambre nocturno, no fichas por especie."
"desana","gainpaya","Gãïpayã","personaje","1","","1","","Conduce el relato: viaja a la casa de Pïrõ, sobrevive a las pruebas, oculta la semilla en su cuerpo y la planta junto a su casa. Sin estado extra: la fuente dice que usó «transformaciones» pero declara expresamente que no las detalla."
"desana","piro","Pïrõ","deidad_fuerza","1","","1","","Dueño de la maloca subacuática y anfitrión de las pruebas. Nombrado, con casa propia y con autoridad sobre la palma que Gãïpayã quiere llevarse."
"desana","esposa_de_gainpaya","La esposa de Gãïpayã","personaje","1","","1","","Mujer relacionada con la gente de los peces y las cobras; por ella Gãïpayã sabe que existe otra maloca bajo el agua. Es la bisagra del relato y el vínculo de afinidad que lo hace posible, no una figura de fondo."
"desana","gente_peces_cobras","La gente de los peces y las cobras","colectivo","1","","1","","Los anfitriones subacuáticos: preparan las pruebas, poseen la palma y niegan la autorización para sacar la semilla. Colectivo con cuerpo compuesto (pez y cobra) que la fuente nombra explícitamente."
"desana","guramuye","Guramüye","personaje","1","","2","","Dos relatos: conduce el primer cataclismo y su muerte es el arranque explícito del capítulo de las flautas. Sin estado extra: la retención de los jóvenes «dentro de su propio cuerpo» está afirmada pero no descrita, y la quema la resuelve la ficha del incendio."
"desana","jovenes_iniciacion","Los jóvenes en preparación","colectivo","1","","1","","Conducen el desencadenante: son reunidos para una preparación con ayuno, los primeros grupos cumplen y el cuarto come antes de tiempo. Sin ellos no hay cataclismo. La ficha debe mostrarlos como muchachos en ayuno, nunca escenificar un procedimiento de iniciación."
"desana","nuguye","Nügüye","personaje","2","gavilán","1","","Conduce el segundo cataclismo. El estado cuesta ficha porque la fuente lo muestra y cambia la silueta: «Para escapar de las llamas, Nügüye tomó forma de gavilán», y el gavilán es el centro de la escena horizontal aprobada."
"desana","esposa_de_abe","La esposa de Abe","personaje","1","","1","","Conduce la acción que inicia el segundo cataclismo: maltrata a la hermana menor de Nügüye hasta su muerte. Pertenece a la casa de Abe, no a la gramática genérica de gente_desana."
"desana","hijos_de_abe","Los hijos e hijas de Abe","colectivo","1","","2","","Dedupe importante: son el mismo grupo doméstico en dos relatos. En los cataclismos son los hijos que Nügüye encierra en el cañaveral; en las flautas son las hijas que hallan la paxiúba y aprenden el sonido de los peces, más el hijo que se demora y se duerme. Una sola gramática de grupo."
"desana","sepiro","Sëpïrõ","criatura","1","","1","","Gran ser que no se detiene en la medida indicada al cerrar la Puerta de las Aguas y provoca la creciente. La fuente lo describe como compuesto —«relacionado con cobra y ave»— y el campo versiones prohíbe reducirlo a un animal zoológico único; el contrato debe conservar la composición."
"desana","yairo","Yairó y su esposa","personaje","1","","1","","Sobrevivientes de la creciente y centro de la escena vertical aprobada. Una sola ficha para la pareja porque sólo aparecen juntos y en la misma acción; la esposa queda embebida aquí."
"desana","agamahsapu","Ãgãmahsãpu","deidad_fuerza","1","","1","","Jefe y padre de las aves; recorre casas de transformación repartiendo umarí y participando en intercambios. Conduce el relato entero y es el eje de las dos escenas. Sin estado de ave: la fuente lo llama padre de las aves pero nunca lo muestra transformado."
"desana","aves_hijas_agamahsapu","Las aves, hijos de Ãgãmahsãpu","colectivo","1","","1","","«Sus hijos no forman una multitud sin diferencias»: sus voces aparecen en momentos distintos y anuncian frutos, peces y lluvias. Gramática de grupo con variación de especie y color, no una bandada indiferenciada. Distintas de las criaturas nocturnas del recipiente de Ñami."
"desana","peces_del_rio","Los peces del río","colectivo","1","","2","","Dos relatos: en el calendario son la especie que se mueve y marca la estación; en las flautas conducen una acción —enseñan a las hijas de Abe cómo producir los sonidos— y están en la escena horizontal aprobada. Una sola gramática de cardumen."
"desana","umari","El umarí","planta","1","","1","","Es el objeto por el que se cuenta el relato: se transporta, se reparte, se intercambia y proyecta la abundancia del año siguiente. Está en las dos escenas aprobadas (frutos anunciados y árbol del calendario)."
"desana","mandioca","La mandioca","planta","1","","1","","Es el objeto por el que se cuenta el relato: brotan variedades al abrirse la chagra y la cáscara que la protege forma parte de la misma explicación. Ficha botánica con variedades, no una raíz genérica."
"desana","palma_chontaduro","La palma de chontaduro (pupunha) de cuatro variedades","planta","1","","1","","Es el objeto por el que se cuenta el relato y su rasgo documentado es preciso: un solo tronco capaz de producir cuatro variedades de fruto, primero bajo el agua y después junto a la casa. Está en las dos escenas aprobadas."
"desana","paxiuba","La palma de paxiúba","planta","1","","2","","Dos relatos y bisagra de la cadena causal del corpus: brota donde ardieron los adornos de Guramüye y de ella nacen las flautas. La ficha es la palma, nunca los instrumentos."
"desana","recipiente_de_la_noche","El recipiente que guarda la noche","objeto","1","","1","","Es el objeto por el que se cuenta el relato: se abre en la casa de Ñami, se carga cada vez más pesado y se abre antes de tiempo. LÍMITE: el campo versiones declara que la ficha «no inventa su forma material», así que el contrato debe fijar una forma mínima marcada como decisión editorial reversible, no como rasgo documentado."
"desana","maloca_del_universo","La Maloca del Universo","arquitectura","1","","2","","Dos relatos: Yebá Buró la levanta en la oscuridad y Guramüye es llevado allí de niño y vuelve crecido. Arquitectura primordial, distinta de la maloca Desana habitada."
"desana","casas_de_transformacion","Las casas de transformación","arquitectura","1","","2","","Dos relatos: la canoa-serpiente se detiene en ellas y allí los viajeros reciben capacidades y formas, y Ãgãmahsãpu las recorre repartiendo umarí. Espacio de umbral repetido; una sola ficha con variantes."
"desana","maloca_desana","La maloca Desana","arquitectura","1","","3","","La casa comunal habitada: destino del recipiente de la noche, gran maloca del primer cataclismo y espacio cuya ocupación se invierte en el capítulo de las flautas. SENSIBLE: la ficha no debe representar el interior durante un baile ni con instrumentos a la vista."
"desana","maloca_de_nami","La maloca de Ñami","arquitectura","1","","1","","Escenario del primer acto y no intercambiable con la maloca Desana: está al norte, se cierra por completo para demostrar la oscuridad y dentro de ella casi todos los visitantes quedan dormidos."
"desana","maloca_subacuatica_piro","La maloca subacuática de Pïrõ","arquitectura","1","","1","","Escenario del acto del relato y no intercambiable: está bajo el agua, se entra con pruebas y la fuente advierte que no es «un paisaje vacío disponible para cualquiera». Allí crece la palma de cuatro frutos."
"desana","ipanore","Ipanoré, la abertura en la piedra","lugar","1","","1","","Punto nombrado donde termina el viaje de la canoa y la futura humanidad sale a la superficie en un orden recordado. Es el escenario de la escena vertical aprobada."
"desana","lago_de_leche","El Lago de Leche","lugar","1","","1","","Región nombrada desde la que parte la canoa-serpiente, con materia propia (leche) distinta de las aguas del sistema fluvial. No es intercambiable con el paisaje de ríos ya fichado. Misma familia de imagen que el Río de Leche barasana, fichado aparte."
"desana","chagra_circular","La chagra circular de Baaribo","lugar","1","","1","","Escenario del acto del relato con forma documentada y específica: espacio circular marcado en el bosque y quemado desde el interior, del que brotan las variedades. Está en la escena horizontal aprobada."
"desana","rio_vaupes_tiquie","El sistema fluvial (Amazonas, Negro, Uaupés, Tiquié)","paisaje","1","","4","","Paisaje maestro de agua del corpus, presente en cuatro relatos: la ruta de la canoa, las casas junto al río, el escape de la noche sobre el río y el río donde los peces enseñan. Una ficha con variantes de tramo, no una por río nombrado."
"desana","selva_vaupes","La selva del Alto Río Negro","paisaje","1","","3","","Paisaje maestro de tierra: el bosque donde se abre la chagra, donde maduran los frutos del calendario y por donde se extiende el primer incendio. Fija escala y materia vegetal para todo el corpus."
"desana","canaveral","El cañaveral","paisaje","1","","1","","Escenario del acto del segundo cataclismo y no intercambiable con la selva: un lugar cubierto de cañas donde Nügüye encierra a los hijos de Abe y prende fuego. Es la mitad izquierda de la escena horizontal aprobada."
"desana","cerro_que_crece","El cerro que crece sobre la creciente","lugar","1","","1","","Escenario del acto de supervivencia y centro de la escena vertical aprobada: el cerro en el que están Yairó y su esposa crece por encima del agua. Distinto de los cuatro pilares, que permanecen después."
"desana","cuatro_montanas_pilares","Las cuatro montañas pilares del cielo","paisaje","1","","1","","Quedan como pilares del cielo y memoria del nivel que alcanzaron las aguas; aparecen explícitamente en la escena vertical aprobada («bajo cuatro pilares celestes»). Configuración fija de cuatro, no un cerro cualquiera."
"desana","puerta_de_las_aguas","La Puerta de las Aguas","arquitectura","1","","1","","Lugar nombrado que gobierna el tercer cataclismo: Yebá Gõãmü manda cerrarla con una medida, Sëpïrõ la excede y al morir puede abrirse otra vez para que baje la creciente. Misma figura del área que la Puerta de las Aguas barasana, fichada aparte allí."
"desana","incendio_del_mundo","El incendio que arrasa el mundo","fenomeno","1","","2","","Dos relatos, mismo fenómeno: el fuego que se extiende más allá de su objetivo y consume el mundo en el primer y en el segundo cataclismo. Una sola regla de fenómeno con fases, no dos fichas."
"desana","gran_creciente","La gran creciente","fenomeno","1","","1","","Tercer cataclismo: las aguas suben hasta cubrir la tierra, la gente busca las montañas y después la creciente baja al abrirse otra vez la Puerta. Fenómeno con fases de subida, máximo y descenso."
"desana","oscuridad_noche","La noche que escapa del recipiente","fenomeno","1","","1","","La noche se comporta como una cosa: ocupa el espacio de la maloca cerrada, escapa de golpe en el camino, trae tormenta y desorientación y se resuelve en la alternancia con el amanecer. Regla de fenómeno con fases; absorbe la tormenta y el amanecer."
"desana","calendario_estacional","El calendario de voces, frutos, peces y lluvias","fenomeno","1","","1","","Es el asunto del relato y la escena vertical aprobada es literalmente un calendario circular. Regla que relaciona canto, fruto, pez y lluvia sin convertirse en una lista de fechas ni en una predicción."
"desana","hoja_utileria_desana","hoja_utileria_desana","objeto (hoja de agrupación)","1","","3","","Única hoja de utilería del corpus: el banco de cuarzo blanco, el bastón que alza Yebá Gõãmü y la semilla de tabaco de la formación de la tierra. El corpus Desana es excepcionalmente pobre en objetos menores porque casi todo lo material —el umarí, el recipiente, la paxiúba, las plantas— es el asunto mismo de un relato y ya tiene ficha. La hoja debe mantener las formas lisas y sin diseño ceremonial atribuido."
"eje-cafetero-mestizo","laurian","Laurián","personaje","1","","1","","Campesino cantor que baja al mercado y vuelve bebido: conduce el primer episodio y termina en la copa de un árbol. Ojo: territorio de Rionegro, Santander, no Caldas."
"eje-cafetero-mestizo","nua_ulogia","Ñuá Ulogia, la costurera","personaje","1","","1","","Segunda protagonista del mismo slug, con acción propia: corta el ruedo de la mortaja y recibe el golpe. No se funde con Laurián; el módulo insiste en que son dos episodios."
"eje-cafetero-mestizo","don_fernan_lopez_de_sandoval","Don Fernán López de Sandoval","personaje","1","","1","","Viejo encomendero armado que recorre el corredor y cierra el relato con el juicio sobre su hijo; está en la portada."
"eje-cafetero-mestizo","rodrigo","Rodrigo","personaje","1","","1","","El joven que no da la espalda: su postura es el título y la escena vertical entera («permanece de frente bajo la luz del amanecer»)."
"eje-cafetero-mestizo","rafael_toro","Rafael Toro, el aserrador","personaje","1","con farol, ruana, machete y carriel | en fuga, sin sombrero, machete, carriel ni ruana y con la ropa rasgada","1","","Protagonista de las dos escenas. El estado de fuga cambia la silueta de verdad: va soltando las cuatro prendas una por una, y ese despojo es la medida del miedo. No cobro hoja extra porque es el mismo cuerpo perdiendo utilería ya fichada."
"eje-cafetero-mestizo","cumanday","Cumanday","personaje","1","","1","","Cacique joven que sube por las hierbas y queda detenido en el tiempo junto a la grieta. SENSIBILIDAD: la escena exige «sin símbolos étnicos inventados» y la página declara la filiación páez como conjetura del autor; la ficha no puede tomar nada de la biblia nasa."
"eje-cafetero-mestizo","viejo_del_costal","El Viejo del Costal","personaje","1","anciano limosnero con el saco al hombro y una mano oculta","1","","Anciano limosnero con saco grande y una mano escondida. Su eficacia está en lo que no muestra, así que la ficha debe resolver la mano oculta, no la garra."
"eje-cafetero-mestizo","jeronimo_de_vezga","Jerónimo de Vezga","personaje","1","","1","","Cambia de bando, fracasa y vuelve a entregar el sombrero: está en las dos escenas y es el único con arco completo del relato."
"eje-cafetero-mestizo","clementina","Clementina, la bruja salamineña","personaje","1","","1","","Recibe, muestra el baúl y administra su propia fama. NO la marco panregional: comparte la palabra «bruja» con la del Tranvía en Bogotá, pero no un cuerpo, y la página separa expresamente a Aspasia."
"eje-cafetero-mestizo","jovita_la_difunta","Jovita, la difunta de la mortaja larga","criatura","1","ánima retrasada con la mortaja demasiado larga | con las piernas descubiertas tras el corte","1","","Es la única ánima con cuerpo, nombre y acción: pide ayuda y luego golpea. El cambio de largo de la mortaja es lo que mueve la escena, pero es la misma silueta."
"eje-cafetero-mestizo","el_unon","El Uñón","criatura","1","","1","","Figura más grande que un hombre, cubierta de pelo, con barba abundante y uñas desmesuradas. El relato conserva la duda («quizá una fiera») y la ficha debe permitirla: nada de rostro definido. No lo marco panregional —es figura del occidente caldense—, aunque su rasgo de uñas lo emparente con la Mano Peluda."
"eje-cafetero-mestizo","cole_cabuya","El Cole-cabuya","criatura","1","cuerpo de burro | cuerpo de perro","1","","Un solo cuerpo ambiguo, como pide la escena («un animal ambiguo entre burro y perro»). La cola de fibra levantada y la mirada son la acción; no persigue, obstruye. La ambigüedad es el diseño, así que los dos estados no cuestan dos hojas."
"eje-cafetero-mestizo","calabazo_iluminado_de_tatinez","El calabazo iluminado de Tatínez","criatura","1","cabeza luminosa que avanza sola | calabazo, vela y portador revelados","1","","Escenificación fabricada, no ser sobrenatural: calabazo grande con ojos y boca recortados, vela dentro y un portador que lo carga sobre la cabeza. Las dos escenas de la página son justamente el efecto y su desmontaje."
"eje-cafetero-mestizo","fantasma_de_ruben_bayer","El fantasma de Rubén Bayer","criatura","1","","1","","Segunda construcción de Riosucio y silueta distinta: calabazo pequeño con aspecto de calavera sobre un palo, cubierto con tela blanca. La página insiste en que no son intercambiables con la de Tatínez."
"eje-cafetero-mestizo","procesion_de_animas","La procesión de ánimas","colectivo","1","","1","si","PANREGIONAL: las ánimas del purgatorio recorren varios corpus del censo. Lo propio de esta versión no es cafetero sino santandereano y literario: van con cirios por un camino rural de Rionegro, reprenden por embriaguez y por trabajar en día de guarda, y reclutan a una difunta con la mortaja mal cosida. Disciplinan conducta doméstica, no castigan monte."
"eje-cafetero-mestizo","colectivo_campesinos_y_arrieros","Campesinos, arrieros y familias del occidente caldense","colectivo","1","","7","","AQUÍ ESTÁ EL AHORRO: siete relatos pedían gente de monte y de pueblo y es una sola hoja. Cubre la familia que busca a Laurián, doña Carmela y su posada, el compañero aserrador, el visitante de la cumbre, Carlitos y Milia, los niños amenazados, la familia en la puerta, Camilo Ángel Echeverri y el narrador."
"eje-cafetero-mestizo","colectivo_espanoles_de_la_conquista","Españoles de la conquista: encomenderos, administradores, vigías y sus familias","colectivo","1","","2","","Segunda hoja de gente, obligatoria porque 1546 y 1592 no visten como 1900. Cubre a Antón Dávalos, a los dos Don Diego (que son personajes distintos con el mismo nombre en dos cuentos), a Isabel, a los vigías y a la expedición de Robledo."
"eje-cafetero-mestizo","baul_de_fotografias_perforadas","El baúl de las fotografías perforadas","objeto","1","","1","","Es el objeto por el que se cuenta el relato: la casa funciona como archivo material de la fama de Clementina y las imágenes perforadas a la altura del corazón o de los ojos son la única prueba que el cuento ofrece. Ocupa toda la escena vertical."
"eje-cafetero-mestizo","camino_de_montana_caldense","El camino de montaña","paisaje","1","de día, ladera y bosque | de noche, con zanjas y desniveles","6","","LA DEDUPLICACIÓN MÁS GRANDE DEL BUCKET: seis relatos ocurren en el mismo camino de ladera y es una hoja. Cubre La Miel, La Toma, Hojas Anchas, Los Zorros y Caramanta; Llanogrande, Pasmí y La Loma; el cruce Salamina-Pácora y la quebrada El Palo; las montañas de Anserma; el río de Chinchiná; y el árbol en cuya copa amanece Laurián."
"eje-cafetero-mestizo","casa_de_bahareque","Casa rural de bahareque con corredor","arquitectura","1","","4","","Segunda gran deduplicación: la casa apartada de Clementina, la posada de arrieros de Los Zorros, las tiendas del camino y la casa desde donde se amenaza al niño son el mismo tipo de vivienda con distinto mobiliario. INFERENCIA DECLARADA: ningún relato dice «bahareque» ni «balcón de colores»; el tipo se fija por época y territorio y hay que autorizarlo como tal."
"eje-cafetero-mestizo","calle_de_pueblo_riosucio","Calle tradicional de Riosucio","arquitectura","1","de noche | al caer la tarde","2","","Dos relatos comparten la misma calle de pueblo, que es el escenario donde los calabazos funcionan y por donde pasa el limosnero. No es el camino de monte: hay casas continuas y gente en la puerta."
"eje-cafetero-mestizo","casa_colonial_de_encomienda","Casa colonial de encomienda","arquitectura","1","en pie, con corredor y vigías | en ruinas (Playa Rica)","2","","Una hoja para los dos cuentos de conquista: la casona de Chinchiná desde cuyo corredor se vigila el río y la casa de Don Diego que Jerónimo abandona y a la que vuelve. La ruina de Playa Rica es el marco del recuerdo y se resuelve como estado del mismo modelo."
"eje-cafetero-mestizo","nevado_del_ruiz_cumanday","El Nevado del Ruiz (Cumanday)","paisaje","1","","1","","Laderas volcánicas, nieve y grietas: es el obstáculo, el sepulcro y el guardián del encargo. Nada del camino de monte lo reemplaza."
"eje-cafetero-mestizo","hoja_utileria_arriero_caldense","hoja_utileria_arriero_caldense","objeto (hoja de agrupación)","1","","5","","Los cinco objetos que Rafael Toro va soltando en la huida son, además, el kit del caminante de monte de todo el bucket: una lámina y se reutiliza."
"eje-cafetero-mestizo","hoja_utileria_brujeria_de_clementina","hoja_utileria_brujeria_de_clementina","objeto (hoja de agrupación)","1","","5","","Cinco objetos menores que hacen de la casa un archivo de la fama; el baúl con fotografías va aparte porque es el objeto del relato."
"eje-cafetero-mestizo","hoja_utileria_animas_y_conquista","hoja_utileria_animas_y_conquista","objeto (hoja de agrupación)","1","","5","","Cinco piezas sueltas de los relatos que no comparten mundo material: costura, procesión, tienda de camino, nevado y defensa de 1592."
"embera","burumia","Los Burumia","colectivo","1","","1","","Conducen toda la acción: vigilan la ruta, capturan, retienen y son atacados. Su lámina debe declarar la ambigüedad que el canon se niega a resolver («no decide si Burumia nombra seres, un pueblo recordado, adversarios históricos o varias capas»): se dibujan como un poblado humano vecino, jamás como criaturas ni monstruos."
"embera","gente_embera","Gente Emberá del Bojayá","colectivo","1","","1","","Las familias que suben en canoa, el grupo escondido en el rastrojo que dispara y los que organizan el ataque: una sola gramática de grupo para todos. El canon avisa que la edición de 1984 decía «cholos» y que aquí se lee «gente Emberá»."
"embera","dos_jovenes_fugados","El muchacho y la joven que escapan","personaje","1","","1","","Protagonistas: crecen cautivos, aprenden el monte, bajan el río y revelan quién estaba detrás de las desapariciones. Una sola hoja para la pareja; él con arco y bodoquera, ella conocedora de los senderos. El relato los muestra creciendo, pero su forma actuante es la de jóvenes."
"embera","mujer_mayor_cautiva","La mujer mayor cautiva","personaje","1","","1","","Conduce la acción decisiva: observa en silencio durante años, sabe de las canoas abandonadas y de las hachas, prepara la comida y explica cómo rodear el asentamiento. Se queda; son los jóvenes quienes parten."
"embera","explorador_murcielago","El explorador transformado en murciélago","criatura","1","","1","","Única transformación del relato, mostrada y decisiva: vuela de noche sobre el asentamiento y cuenta las viviendas, y su error (no ver la casa apartada) produce el final. Fichó sólo la forma murciélago: su forma humana es un miembro genérico del colectivo Emberá y se resuelve con esa gramática."
"embera","canoa","La canoa grande","objeto","1","","1","","Objeto por el que se cuenta el relato: la fuga baja el río en ella, y los últimos Burumia sólo se salvan porque derriban un árbol y hacen otra. Una hoja cubre la grande, las pequeñas rotas y la recién tallada."
"embera","perro_de_la_canoa","El perro que baja en la canoa","animal","1","","1","","La ficha más débil de esta biblia y lo digo de frente: no conduce ninguna acción y sólo se nombra una vez. Va como required porque está en la composición horizontal aprobada y sin hoja el ilustrador le inventa una raza; si el guion lo retira, esta ficha cae."
"embera","poblado_burumia_en_el_alto","El poblado Burumia sobre el alto","arquitectura","1","","1","","Escenario propio y no intercambiable: desde sus casas se ve quién remonta el agua, hay un camino vigilado que hay que rodear, y contar las viviendas es un beat de la trama. El modelo espacial tiene que permitir contarlas desde el aire."
"embera","usagara_y_bojaya","Quebrada Usagará, río Bojayá y selva lluviosa del Chocó","paisaje","1","","1","","Modelo de entorno de todo el relato: agua oscura, rastrojo de la ribera, niebla y follaje en capas. La coordenada del canon aproxima la confluencia cartográfica, no el alto de las casas."
"embera","hoja_utileria_embera","hoja_utileria_embera","objeto (hoja de agrupación)","1","","5","","Cinco objetos menores en una hoja: es la cultura material completa del relato, herramientas de río y de monte. Nada ceremonial, nada de oro."
"eperara-siapidara","tachi_nawe","Tachi Nawe","deidad_fuerza","1","","1","","Habita sola el firmamento, concibe sin hombre, ordena sembrar y cortar la palma y entrega el rejo a medianoche. Conduce todas las decisiones del relato."
"eperara-siapidara","tachi_akhore","Tachi Akhore","deidad_fuerza","1","","2","","Único personaje compartido por los dos relatos: prepara las estacas y llama a la gente en uno, crea el árbol del agua y convoca la minga en el otro. El relato narra su nacimiento como niño pero su forma actuante es siempre la de joven adulto; no le doy hoja de estado por eso."
"eperara-siapidara","palma_werre_chontaduro","Palma de werre o chontaduro","planta","1","","1","","Se siembra, se observa crecer y se corta: es el objeto por el que se cuenta el relato. Especie concreta con espinas y porte propios; sin ficha botánica se dibuja una palmera genérica."
"eperara-siapidara","estacas_de_palma","Estacas puntiagudas con fibras, clavadas en hileras","objeto","1","","1","","No es utilería menor: son la gente antes de ser gente. El relato detalla su forma (delgadas, puntiagudas, con fibras amarradas) y su disposición en hileras sobre la playa; el clímax es verlas levantarse."
"eperara-siapidara","gente_eperara","Gente Eperara (los que se levantan de las estacas y los que sostienen la minga)","colectivo","1","","2","","Una sola gramática de grupo para los dos relatos: son el mismo pueblo en dos momentos (la playa llena de voces y la minga que golpea el tronco sin descanso). Fija cuerpos, edades y vestuario sobrio, sin tocados panindígenas."
"eperara-siapidara","playa_pizarro","Playa Pizarro, en la desembocadura del Baudó","lugar","1","","1","","Escenario nombrado y no intercambiable: playa larga en boca de río, donde caben las hileras de estacas. El relato la identifica explícitamente y el canon advierte que la categoría del sitio dice Nariño pero la Ley de Origen dice Pizarro, Chocó."
"eperara-siapidara","pania_pakuru","Pania Pak'uru, el árbol del agua","planta","2","caido_convertido_en_aguas","1","","Objeto del relato: contiene toda el agua, se cierra cada noche y al caer reparte tronco, ramas, hojas y raíz en río, quebradas, lagunas y mar. El estado caído está mostrado y cambia por completo la silueta, así que cuesta hoja aparte."
"eperara-siapidara","hesaa_la_conga","Hesaa, la Conga","personaje","2","hormiga_conga","1","","Guardiana mezquina del árbol y motor del conflicto. La transformación está mostrada (Tachi Akhore le aprieta la cintura y queda negra, de cintura delgada, cargando agua en la boca): cambia la silueta y cuesta hoja de estado."
"eperara-siapidara","pericos_perezosos","Los dos pericos perezosos","animal","1","","1","","Reciben un encargo y su fracaso mueve la trama (quedan tendidos de espaldas y el árbol amanece entero); ese fracaso es lo que obliga a trabajar sin descanso. Estar patas arriba es una pose, no un estado: una sola hoja."
"eperara-siapidara","aguas_del_pacifico","Mundo de aguas del Pacífico (río mayor, quebradas, lagunas, mar y manglar)","paisaje","1","","2","","Modelo de entorno de los dos relatos y resultado del segundo. Debe llevar declarado el estado previo, la tierra seca, como variante del mismo modelo."
"eperara-siapidara","hoja_utileria_eperara","hoja_utileria_eperara","objeto (hoja de agrupación)","1","","4","","Cuatro objetos menores en una sola hoja. Va por debajo del grupo de cinco porque el corpus no da más utilería: los dos relatos trabajan con palma, agua y cuerpos, casi sin cosas."
"guahibo-sikuani","kuwei","Kuwei","deidad_fuerza","1","","1","","Piensa el mundo, prepara la trampa de hormigas contra Kuemi y modela a la primera persona en tres materiales. Conduce todo el relato cosmogónico. Cubre las grafías Kuwai, Phurnaminali y Furnaminali, que el canon registra sin declararlas idénticas en cada variante."
"guahibo-sikuani","kuemi","Kuemi","deidad_fuerza","2","franja_luminosa_de_la_via_lactea","1","","Señor de la oscuridad que ocupa el universo antes del orden; la fuente lo relaciona con una anaconda gigantesca. Las águilas lo suben al cielo y queda asociado con la franja luminosa: transformación mostrada y de silueta radicalmente distinta. El canon subraya que no es destrucción de la oscuridad sino reorganización de su lugar."
"guahibo-sikuani","primeras_figuras_humanas_de_kuwei","Las primeras figuras humanas de Kuwei","personaje","3","figura_de_barro_deshecha_por_la_lluvia | figura_de_cera_derretida_por_el_sol","1","","Tres intentos sucesivos y mostrados: barro que se deshace con la lluvia, cera de abejas que derrite el Sol y, como base, la mujer de madera dura que permanece entera. Cada destrucción cambia la silueta y es un beat completo del relato — la secuencia es el argumento del mito."
"guahibo-sikuani","kinkaju","El kinkajú","animal","1","","1","","Después de que otros animales fracasan, consigue abrir el camino para la unión sexual y con eso puede continuar la humanidad. Conduce el desenlace. ADVERTENCIA: la ficha es del animal; el acto se narra con sobriedad en el canon y no se ilustra."
"guahibo-sikuani","hormigas_cortadoras_bachacos","Las hormigas cortadoras de hojas (bachacos)","animal","1","","2","","Cebo con el que Kuwei atrae a Kuemi y alimento de la mujer en el territorio de los Kawiri Monae. Dos relatos: el canon usa «hormigas cortadoras de hojas» en uno y «bachacos» en el otro, mismo animal."
"guahibo-sikuani","aguila_enorme","El águila enorme","criatura","1","","2","","Águilas enormes levantan a Kuemi hacia el cielo; un águila de tamaño extraordinario, «tan grande que la versión la compara con un avión», se lanza sobre el brujo y cae con la tercera flecha. Cubre también el viento feroz que se levanta con su caída. ADVERTENCIA: las fuentes no las identifican como el mismo ser — la ficha unifica el cuerpo para que ambos relatos lean consistentes, en pareja en el mito 1 y como antagonista único en el mito 3."
"guahibo-sikuani","jaguar","El jaguar","animal","1","","2","","En la casa Tsorueto brillan sus ojos en la oscuridad, lame a la mujer, mata al esposo y muere en el incendio; en el camino mata a la mujer, habla al niño y es rastreado y muerto por el esposo. El canon dice expresamente que los dos relatos «comparten animal, no argumento»: una ficha de cuerpo, dos relatos que no se fusionan. «Tigre» es la palabra de la edición; se muestra como jaguar."
"guahibo-sikuani","mujer_de_tsorueto","La mujer de la casa Tsorueto","personaje","1","","1","","Reconoce lo que su esposo rechazó, saca a los niños por la parte alta del techo cerca del caballete y pide ayuda desde afuera. Protagonista y detalle decisivo del relato."
"guahibo-sikuani","hombre_de_tsorueto","El hombre de la casa Tsorueto","personaje","1","","1","","Viaja con su familia, no acepta la advertencia de los ojos en la oscuridad, resta importancia y permanece en la casa: su decisión abre el relato y lo cuesta la vida."
"guahibo-sikuani","casa_tsorueto","La casa Tsorueto","arquitectura","2","ardiendo_con_las_entradas_cerradas","1","","«Casa de sueño» en la traducción, cerrada para impedir que entraran insectos, con una parte alta y un caballete por donde salen los niños. Los hermanos cierran sus entradas y le prenden fuego: la casa ardiendo es el clímax mostrado y cambia por completo la silueta. ADVERTENCIA: el canon dice que la fuente «no ofrece información suficiente para convertirla en modelo general de vivienda o ceremonia»."
"guahibo-sikuani","brujo","El brujo","personaje","2","cadena_de_transformaciones","1","","Enviado a pescar a una laguna desconocida por dos hombres que quieren librarse de él; cambia de forma cinco veces, derriba al águila con la tercera flecha y vuelve. Cubre sus flechas. La segunda ficha fija el marcador de continuidad que lo identifica a través de picure, lapa, lombriz, paja y gusano; los cuerpos animales salen de las fichas de picure y lapa. ADVERTENCIA: el canon dice que «brujo» es el término del título publicado, que no se reemplaza por un nombre Sikuani ausente ni sirve para definir a todos los especialistas rituales, y que no se le añaden iniciaciones ni espíritus tutelares."
"guahibo-sikuani","serpientes_kueima","Las cuatro serpientes Kueima","criatura","1","","1","","Aparecen cerca del agua y el brujo no se deja sorprender: son la primera amenaza vista de la prueba y están nombradas en lengua."
"guahibo-sikuani","maraca","La maraca","objeto","1","","1","","La que el brujo había dejado «comenzó a bailar y anunció su retorno»: es un objeto que actúa por sí mismo y provoca que la gente vaya a comprobar lo ocurrido. Objeto por el que gira el desenlace."
"guahibo-sikuani","picure","El picure","animal","2","marcas_de_quemadura","2","","Primera forma de fuga del brujo; en Kaliwirnae percibe el aroma a piña, no logra seguir el camino y se enfrenta al mono con tizones encendidos. Las quemaduras «dejaron marcas en sus cuerpos, explicación narrativa de rasgos que aún pueden observarse»: estado permanente, mostrado, que cambia la lectura del animal."
"guahibo-sikuani","lapa","La lapa","animal","2","sin_cola","2","","Segunda forma de fuga del brujo; en Kaliwirnae sigue al mono, cruza con él el Orinoco y vuelve con la noticia. El mono le quita la cola y la arroja al río, donde se transforma en anguila: pérdida mostrada y cambio de silueta. Cubre la anguila como forma transformada de esa cola."
"guahibo-sikuani","hermano_menor_de_historia_de_un_tigre","El hermano menor","personaje","1","","1","","Se ausenta a intercambiar, escucha el llanto al volver, da agua al niño, sigue las huellas, mata al jaguar, sepulta juntos a su esposa y su hijo y cierra la historia con otra violencia. Conduce la segunda mitad del relato."
"guahibo-sikuani","esposa_del_hermano_menor","La esposa del hermano menor","personaje","1","","1","","Queda con el hijo pequeño en casa de la suegra, recibe el reproche, toma al niño y sale sola al camino donde el jaguar la mata. Su decisión articula el relato."
"guahibo-sikuani","cunada","La cuñada","personaje","1","","1","","La esposa del hermano mayor: su reproche provoca la partida, después lo reconoce y muere por ello. El canon insiste en que el desenlace «no se presenta como justicia recomendada ni como norma Sikuani»."
"guahibo-sikuani","viudo_padre","El viudo","personaje","1","","1","","Vuelve a casarse, cede a la presión de la nueva esposa, abandona a los niños dos veces y les quita los ojos para que no puedan volver. Motor del primer tercio. Es el «viejo» del título de archivo, aunque los protagonistas narrativos son sus hijos."
"guahibo-sikuani","madrastra","La nueva esposa","personaje","1","","1","","Rechaza a los niños y presiona al padre para que los abandone: causa de todo el relato."
"guahibo-sikuani","nino_de_historia_de_un_viejo","El hermano","personaje","1","","1","","Prepara con su hermana el engaño de la anciana, se queda con los cuatro perros cuando se llevan a la hermana, sigue su camino y cruza el mar. Cierra el relato. La ceguera temporal no cambia la silueta y se resuelve dentro de esta ficha."
"guahibo-sikuani","nina_de_historia_de_un_viejo","La hermana","personaje","1","","1","","Deja los granos de maíz que permiten volver la primera vez y es llevada por seres del monte al final: destino distinto del hermano, por eso ficha aparte."
"guahibo-sikuani","anciana_canibal","La anciana caníbal","criatura","1","","1","","Los captura y los alimenta para engordarlos; cae en su propia vasija hirviendo y al abrir o partir su cabeza salen cuatro perros. ADVERTENCIA: el canon dice expresamente que la ficha «no la presenta como versión Sikuani de Hansel y Gretel» — nada de iconografía de bruja europea."
"guahibo-sikuani","cuatro_perros","Los cuatro perros","colectivo","1","","1","","Salen de la cabeza de la anciana, quedan con el muchacho y cruzan el mar con él; la versión los nombra pantera, tigre, león y onca y afirma que de allí proceden los tigres actuales. ADVERTENCIA: el canon dice que esos nombres «reflejan la traducción publicada» y «no se convierten en taxonomía zoológica Sikuani ni se corrigen a especies modernas». No se fusionan con la ficha del jaguar."
"guahibo-sikuani","pajuil","El pajuil","animal","1","","1","","La voz de la madre muerta orienta a los niños hacia él y el ave les indica dónde encontrar la savia que devuelve la vista. Conduce el giro del relato."
"guahibo-sikuani","gran_vasija_hirviendo","La gran vasija hirviendo","objeto","1","","1","","La anciana la prepara para ellos y los hermanos invierten la trampa haciéndola caer dentro: es el objeto en el que ocurre el clímax y debe tener escala para contener a una persona."
"guahibo-sikuani","kaliwirnae","Kaliwirnae, el árbol de los alimentos","planta","1","","1","","Nacido de una planta de yuca, reúne todos los alimentos: piña, ají, caña y muchas frutas en sus ramas. Es el objeto por el que se cuenta el relato. ADVERTENCIA CRÍTICA: la narradora Carmen Rojas Amaya corta explícitamente antes del derribo del árbol y el canon respeta ese final abierto — la ficha muestra el árbol cargado, nunca su caída ni la dispersión de los alimentos."
"guahibo-sikuani","kutsikutsi","Kutsikutsi, el mono nocturno","animal","2","marcas_de_quemadura","1","","Llega con olor a piña, cruza el Orinoco hasta el árbol, deja caer una piña, le quita la cola a la lapa y termina delatado cuando vomita bajo el efecto del yopo. Se enfrenta al picure con tizones y queda con las marcas que explican rasgos observables: estado mostrado y permanente."
"guahibo-sikuani","kawiri_monae","Los Kawiri Monae","criatura","1","","1","","Se llevan a la mujer recién parida y a su niño; uno de ellos vive con ella y años después decide devolverla, indicándole que cierre los ojos durante el trayecto. ADVERTENCIA CRÍTICA: la glosa los relaciona con «caribes» y con duende, pero el canon dice expresamente que esa glosa «no resuelve si deben entenderse como un grupo humano, seres de otro ámbito o ambas cosas» y que no se convierta «una palabra traducida en una descripción etnográfica de personas contemporáneas». La ficha debe conservar la ambigüedad y nunca retratar a un pueblo real."
"guahibo-sikuani","mujer_ausente","La mujer ausente","personaje","1","","1","","Recién parida y apartada, es llevada, ve a sus parientes buscarla sin poder hablarles, come bachacos, cría a su hijo y regresa años después a explicar lo que vio. Protagonista."
"guahibo-sikuani","hijo_de_la_mujer_ausente","El hijo de la mujer ausente","personaje","2","muchacho_crecido","1","","Desaparece como bebé y vuelve como muchacho crecido: el salto de edad es el hallazgo del relato («el niño ya no era el bebé desaparecido»), se muestra y cambia la silueta. Dos edades, dos fichas."
"guahibo-sikuani","familia_tsamani","La familia Tsamani","colectivo","2","cuerpos_livianos_y_ascenso_entre_las_estrellas","1","","Tsamani y sus cinco hermanos danzan durante años cuidando estrictamente lo que comen, se vuelven livianos, se elevan y quedan visibles en el firmamento. Cubre a Tsamani como líder nombrado, a los cinco hermanos y a la danza. El ascenso se muestra y cambia la silueta del grupo."
"guahibo-sikuani","danta","La danta","animal","1","","1","","Escucha el comentario sobre su hígado, tiende la trampa, mata a la anciana y se la lleva; años después el terecay la muerde y muere ahogada con la cabeza en una horqueta sumergida. Cubre el excremento que la delata y la orina que pide el terecay."
"guahibo-sikuani","terecay","El terecay","animal","1","","1","","Tortuga pequeña que llama abuela a la anciana, la busca durante años, sigue indicios, se acerca pidiendo orina, muerde y no suelta, y vuelve a contárselo a los nietos humanos. ADVERTENCIA: el canon no explica si el parentesco es filiación literal, trato afectivo o relación entre especies — la ficha no puede resolverlo."
"guahibo-sikuani","anciana_que_cuidaba_animales","La anciana que cuidaba animales","personaje","1","","1","","Su comentario sobre el hígado de danta desencadena el relato; introduce el brazo en el engaño y muere. Abuela del terecay y de los nietos humanos."
"guahibo-sikuani","mujer_del_ainawi","La mujer del áinawi","personaje","1","","1","","Abandonada en la cabecera de un caño, se limpia y se cura con lo que le lleva el visitante, rechaza al primer esposo y elige quedarse. Da a luz en seis días. La ficha la fija sana, que es el encuadre que escoge el propio canon al cambiar el título público."
"guahibo-sikuani","ainawi","El áinawi","criatura","1","","1","","Llega del bosque con jabón, vestido, perfume y peine, se queda como compañero y más tarde lleva al hijo debajo de la tierra. ADVERTENCIA: la glosa lo define como «ser invisible», pero en el relato se presenta y actúa con cuerpo de hombre — la ficha se construye solo sobre esa forma vista y no inventa una «forma verdadera». El canon prohíbe además describirlo como dios, chamán o espíritu protector universal."
"guahibo-sikuani","primer_esposo","El primer esposo","personaje","1","","1","","La abandona enferma en la cabecera del caño, vuelve cuando la encuentra sana y quiere que regrese con él; ella se niega. Antagonista del relato."
"guahibo-sikuani","hijo_del_ainawi","El hijo del áinawi","personaje","1","","1","","Nace a los seis días, crece y su padre lo lleva consigo debajo de la tierra: es quien cruza el límite que la madre rechaza y sostiene el cierre explicativo del relato."
"guahibo-sikuani","colectivo_gente_sikuani","Elenco Sikuani","colectivo","1","","8","","Gramática de grupo de la gente de los relatos: adultos, mujeres, niños. Cubre los hijos y los hermanos del muerto de Tsorueto, los dos hombres que envían al brujo y la gente que va a comprobar el águila, la suegra y el niño pequeño del jaguar, «la gente» que invita al mono, los parientes que buscan a la mujer y los nietos humanos de la anciana. Ocho relatos: el mayor ahorro del corpus. ADVERTENCIA: el encargo prohíbe fijar un diseño real de pintura corporal o de tejido — la gramática define silueta y vestuario sobrio, nunca un ejemplar."
"guahibo-sikuani","paisaje_sabana_llanera","Sabana inundable de los Llanos Orientales","paisaje","1","","4","","Llanura abierta con el horizonte bajo, por donde pasa el camino en que el jaguar mata, por donde buscan a la mujer y por donde el terecay rastrea durante años. Cuatro relatos; cubre los caminos del llano. El nombre viene del imagePrompt aprobado de editorial/sikuani/community.mjs («sabana inundable… de los Llanos Orientales»), porque el canon solo dice «Llanos Orientales»."
"guahibo-sikuani","paisaje_morichal_y_bosque_de_galeria","Morichal y bosque de galería","paisaje","1","","4","","El monte donde abandonan a los hermanos y donde los toman los seres, el bosque del que sale el áinawi, los árboles que adquieren forma en la creación y el entorno del árbol de los alimentos. Cuatro relatos. Banda distinta de la sabana abierta; el nombre viene del imagePrompt aprobado de community.mjs («bosque de galería»)."
"guahibo-sikuani","aguas_del_llano","Ríos, caños y lagunas del llano","paisaje","1","","4","","La laguna desconocida con peces donde el brujo es enviado, el Orinoco ancho que cruzan el mono y la lapa, el agua donde la danta se ahoga con la cabeza en una horqueta sumergida y la cabecera del caño donde abandonan a la mujer. Cuatro relatos en una sola ficha de entorno con sub-escenarios declarados."
"guahibo-sikuani","cielo_estrellado_del_llano","El cielo estrellado del llano","paisaje","1","","2","","La franja luminosa que atraviesa la noche y el lugar entre las estrellas donde queda la familia Tsamani. Dos relatos; la ficha es el cielo, mientras que Kuemi-como-franja es su propio estado."
"guahibo-sikuani","el_mar","El mar","paisaje","1","","1","","Última imagen del relato: el niño llega hasta el mar y lo cruza con los cuatro perros, y la transcripción termina ahí. No es intercambiable con las aguas del llano y sostiene el plano de cierre."
"guahibo-sikuani","casa_sikuani","La casa Sikuani","arquitectura","1","","3","","Casa de la suegra donde estalla la disputa, casa de la que salen y a la que vuelven los hermanos, y la casa separada donde está la mujer recién parida. Tres relatos. ADVERTENCIA: el canon no describe la construcción ni práctica ritual alguna asociada a la casa separada; la ficha no puede inventarlas. Distinta de la casa Tsorueto, que tiene ficha propia."
"guahibo-sikuani","hoja_utileria_camino_y_engano","hoja_utileria_camino_y_engano","objeto (hoja de agrupación)","1","","5","","Cinco objetos menores de camino, engaño e intercambio de los relatos 4, 5 y 6."
"guahibo-sikuani","hoja_utileria_cuidado_y_curacion","hoja_utileria_cuidado_y_curacion","objeto (hoja de agrupación)","1","","5","","Los cuatro objetos con que el áinawi permite que la mujer se cure, más la savia que devuelve la vista a los hermanos. ADVERTENCIA: ninguno se describe en detalle en el canon; la hoja los fija como objetos genéricos y nunca como un ejemplar real de vestido o tejido Sikuani."
"katios","caragabi","Caragabí","deidad_fuerza","2","renacido del horno","9","","Dios de arriba y motor de nueve relatos: crea, enlaza, derriba el Genené, reparte apellidos, coloca sol y luna, quita la escalera. El estado cuesta ficha porque el relato lo describe con cuerpo nuevo al salir del horno: «hermoso, vestido el cuerpo de chaquiras de oro y con la cabellera cayéndole sobre los hombros». Alias Karagabí, Carabí."
"katios","tutruica","Tutruicá","deidad_fuerza","1","","3","","Dios del mundo de abajo, eterno, que enseña el secreto del barro y cuyas tierras son Armucurá. Sin estado extra: del horno sólo se dice «salió el mismo prodigio», sin un solo rasgo propio, así que la ficha base lo lleva. Alias Tutruiká, Trituku, Yábea."
"katios","antomia","Antomiá","deidad_fuerza","1","","4","","Se burla del dios embriagado, compite por hacer gente, es vencido y sepultado en Edaa, enseña a los burumiáes a sacar oro. El expediente advierte que «demonio» e «infierno» son traducción misionera y que rige el bien y el mal: la ficha va sin iconografía diabólica cristiana. Alias Antumiá, Tumiaw, Tumí, /atomiá/."
"katios","antomia-paima","Antomiá paima (el negro)","deidad_fuerza","2","vientre inflado y reventado","2","","Cuerpo propio y hazañas propias en dos relatos: el ladrón que canta al llegar y muere por la raíz de moindú, y el que habita el cerro plateado, roba a los dos niños y celebra la fiesta. El estado cuesta ficha porque el relato lo muestra: «se paró junto a la escalera con el estómago inflado, cayó del tablado y se reventó», y de ahí salen el fuego, el humo y las piedras de los ríos."
"katios","dabeiba","Dabeiba","deidad_fuerza","1","","1","","«Joven, bellísima y llena de sabiduría»: enseña a labrar, construir, tejer y administrar, sube al cerro, se eleva y desde arriba preside lluvia, granizo, trueno, rayo, huracanes, borrascas y terremotos. Es el relato entero. El expediente prohíbe fundirla con Dobaiba, la provincia de oro de las crónicas."
"katios","humantahu","Humántahu (el sol)","deidad_fuerza","2","astro","2","","Hermano que amó a su hermana y fue convertido en astro por Caragabí; reclama su sitio y se aparta. El estado cuesta ficha: persona y astro son dos siluetas y el relato muestra el paso de una a otra. Alias /ũmagau/, Umantau."
"katios","gedeco","Gedeco (la luna)","deidad_fuerza","2","astro con la mancha de la bofetada","2","","Igual que el sol, y además el estado de astro es obligatorio por otro relato: Herupotoarra le descarga «una bofetada tremenda, y las manchas que la luna lleva son todavía la marca de aquel golpe». Alias /jedeko/, Jedeko."
"katios","baha-trueno","Baha, el trueno","deidad_fuerza","1","","1","","Hombre riquísimo del bohío de oro que se niega al cambio; Caragabí lo coge de la cabellera, lo arroja a los aires y desde entonces lleva un tambor en la mano. Se ficha aparte del rayo porque la research_note del expediente declara la relación entre las dos secuencias «no resuelta» y fundirlas sería decidir lo que el corpus deja abierto."
"katios","baha-rayo","Baha, el rayo","deidad_fuerza","1","","1","","Hombre que no era de los indios, robaba niños chiquitos y subía sus cuerpos al cogollo de la palmera más alta; dos jaibanás le clavan la lanza miatzu en el pecho. El expediente avisa que Severino lo describió con una calificación racial suya y no del personaje: la ficha no la recoge."
"katios","hombre-que-no-podia-cazar","El hombre que no podía cazar","personaje","1","","1","","Protagonista único de su relato: sale, falla, sigue el camino de los animales, cruza quebradas y se queda del otro lado. Sin estado extra: el texto dice que «su ausencia quedó unida a los sonidos y movimientos del monte», nunca en qué se convirtió, y el propio expediente retira la transformación en manao por inventada."
"katios","cobaima","Cobaima","personaje","1","","1","","Primer jaibaná, ordena el territorio, nombra ríos, confina a los animales malos y desarma la mina que se comía a la gente. Viene de voz comunitaria contemporánea (Dachi Chiuu / CNMH, Alto Andágueda) y por eso es publicable, pero la ficha va sin insignia ritual: ni bastón, ni figura tallada, ni escena de curación, ni jai a la vista."
"katios","jaibana","El jaibaná (rol sin nombre)","personaje","1","","5","","Rol humano recurrente en cinco relatos con cuerpo reconocible: los que toman el güibán, los dos jaibaná ara de la lanza, los grandes que sueñan cómo matar al Aribamia, los que aprenden por el túnel. Una sola ficha de persona con variante femenina. La práctica es materia sensible y queda fuera: aquí se ficha quién es, nunca qué hace en la cura."
"katios","india-jaibana-del-moindu","La india jaibaná del moindú","personaje","1","","1","","Conduce el episodio entero: le roban la comida, sale a pasear, deja el bohío arreglado, prepara la gran olla de caldo de pescado con raíz de moindú y mata al ladrón. Ficha propia y no miembro genérico porque el relato la pone a decidir y a ejecutar."
"katios","ambuima","Ambuima","personaje","1","","1","","«Un jaibaná muy temido que vivía en un bohío bellísimo»: resiste diez flechas, mata a Herupotoarra aplicándole la mano en el costado y al morir se convierte en avispas venenosas. El enjambre va en su propia ficha de grupo. Alias Ambumiá."
"katios","herupotoarra","Herupotoarra","personaje","1","","3","","Nacido de la pantorrilla, sube a la luna, cae a Armucurá, vuelve y muere. En «La escalera del cielo» y en «Los Domicó» es el mismo personaje bajo la grafía Heroputoharra, el Domicó que construyó la escalera de cristal: una sola ficha para tres relatos, no tres. Alias Gerú-potó-uarra, Jinu Potó, Jinopotabar."
"katios","madre-de-herupotoarra","La mujer que concibió de la nutria","personaje","1","","1","","Del linaje de los domicoes; concibe pescando, entre los dedos de un pie, y el hijo le nace de la pantorrilla, de lo que muere. La gramática de grupo de las mujeres no puede llevar esa imagen: es un cuerpo con un suceso propio y es el arranque del relato."
"katios","sever","Séver","personaje","1","","2","","Sacado de una gota de agua, flechador perfecto, padre de cinco, hace canoa del Genené y sostiene la guerra hasta quedar «cosido a flechazos». Sin estado extra: la muerte es una escena, no un cuerpo persistente, y los ojos pulverizados que se soba dan agilidad y vista de noche sin cambiar silueta."
"katios","emagai","Emágai","personaje","1","","1","","El hijo menor: herido con flecha envenenada, escondido entre las raíces del árbol Comba, tomado en rehenes, desafía y vence al Capitán de los Cunas y huye de noche. Es el único de los cinco hermanos que conduce acción propia."
"katios","atamia","El indio Atamía","personaje","1","","1","","Nombrado y mandado a rastrear: encuentra la casa del árbol, vuelve y cuenta que a los llevados ya se los habían comido. Conduce dos acciones del relato. Chaves lo glosa entre paréntesis como «diablo» y la ficha no adopta esa glosa, que es del recopilador."
"katios","indiecita-bibidigomia","La indiecita bibidigomia","personaje","1","","1","","Cautiva a la que no matan: mece la hamaca, se come el seso del niño, dice que duerme, y a medianoche repite con un hombre. Conduce el tercio final del relato con cuerpo propio y edad propia."
"katios","hermanito-del-cerro","El hermanito del cerro","personaje","1","","1","","Se escapa del robo, vuelve a buscar a su hermana, grita dos veces y apaga las luces de la fiesta, y queda para siempre al borde del abismo «a punto de caer, pero sin poder caer». La postura suspendida se resuelve dentro del modelo espacial del cerro, no como ficha aparte."
"katios","ambeu","Ambeu","personaje","1","","1","","Jefe indio «de extraordinario valor y destreza militar», invulnerable a las balas, que forma tropas nuevas una y otra vez hasta que lo hacen caer en el hoyo cubierto de ramas. Segundo fragmento entero del relato."
"katios","ancastor","Ancastor","criatura","2","forma humana","1","","Ave blanca que se vuelve hombre, abre las alas y sube a dos mujeres al Bajía, una en cada ala. El estado cuesta ficha porque el relato lo muestra en las dos siluetas. La research_note manda que sea ave blanca, no ángel con alas; las fuentes de 2012 lo llaman «el golero blanco», que apunta al gallinazo rey. Alias Ankosotor."
"katios","aribamia","Aribamia","criatura","2","en formación (espuma blanca / cuerpo que se cubre de pelo)","1","","«Un gran cuadrúpedo de cabeza enorme, hecha en forma de cántaro», que vive en montes sombríos, come cangrejos y se come a quien encuentra. El expediente elige el cuadrúpedo de 1929 y descarta el bípedo de Severino; la ficha no funde los dos cuerpos. El estado cuesta ficha porque las tres maneras de volverse Aribamia son siluetas intermedias que el relato describe. Alias Aribamiá, Aribadá, Aripadá, mohán."
"katios","yaede","Los Yaedé","criatura","1","","1","","«Unos diablos gigantes llamados Yaedé, y esos diablos se comían a los niños huérfanos»: vienen, se llevan y vuelven con regularidad hasta que uno cae en la trampa. Dan título y cuerpo al relato. Sin estado extra: el despedazamiento es una escena y el ñame en que se convierten los despojos ya tiene su propia ficha botánica. Severino escribe Yeadé y Yaedé en el mismo párrafo; las notas de 1929 dejan a los gigantes sin nombre y ponen a Antomiá en su lugar, y por eso las dos fichas conviven en el censo."
"katios","coste","Costé","criatura","1","","1","","«Unos diablos que eran de oro y eran los dueños del oro. Se llamaban Costé y eran cuatro.» Una sola ficha para los cuatro: el relato no les da cuerpos distintos, sólo muertes distintas —los ojos, el corazón en el dedo pulgar del pie izquierdo, la cueva, la conversión en tigres—. Ahí está el ahorro y el propio Vasco lo confirma al decir que lo que cambia es el procedimiento para matarlos."
"katios","tigre","Tigre (imamá)","animal","2","cachorro","6","","En seis relatos: los cuatro tigres en que se convierte el cuarto Costé, la tigresa preñada, el que baja del árbol de los Bibidigomia y la tigra que brinca y salva la especie, los animales malos de Cobaima, los ojos pulverizados de Séver, la cabeza y garras del Aribamia de Severino. El cachorro cuesta ficha porque el relato los cría en casa y les vende el cuero: es su propia silueta y su propio acto."
"katios","mono","Mico y mono de monte","animal","1","","1","","Una sola gramática para los tres trepadores nombrados del Genené: el relato los distingue por el nombre y por el orden, nunca por el cuerpo. Ahorro deliberado de dos fichas."
"katios","chidima","Chidima, la ardilla diminuta","animal","1","","1","","«Otra ardilla más diminuta, que llaman Chidima: desenredó las ramas y cayó a una con la fruta y con el árbol.» Conduce la acción decisiva del relato del agua y su tamaño es el rasgo de que depende la prueba."
"katios","paloma","Paloma","animal","1","","1","","Dos apariciones en el mismo relato y las dos conducen: la paloma que le busca el agua a Caragabí por otros mundos, y la blanquísima nacida de la saliva bajo la totuma, la única emisaria que vuelve y da con el lugar seco."
"katios","garza","Garza","animal","1","","1","","Primera emisaria del diluvio: halla mucho pescado y no se cuida de volver. Desobedece, es decir conduce. En la variante de 1929 se le asigna ahí mismo su oficio, comer peces vivos."
"katios","gallinazo","Gallinazo","animal","1","","3","","Tres relatos: el emisario que se queda comiendo peces muertos, los que comen las carnes calcinadas que Baha sube al cogollo de la palmera, y la forma que tienen muchos de los Antomiás en la fiesta del cerro. Una ficha para los tres usos."
"katios","pato-de-monte","Pato de monte","animal","1","","1","","Tercer emisario: se entretiene con un pescado llamado guacuco y también olvida el encargo. Es una especie distinta, con silueta distinta, y el compás del relato pide ver fallar a tres aves diferentes."
"katios","trienene","Trienené, el pájaro carpintero","animal","1","","1","","«Pasó volando un trienené, que es el pájaro carpintero, y con su pico barrenó en poco tiempo la escala encantada hasta dar con ella en tierra.» Conduce el giro del relato y viene nombrado en lengua."
"katios","nutria","Nutria","animal","1","","1","","Engendra a Herupotoarra entre los dedos de un pie de la mujer que pescaba. Una sola aparición, pero es el acto que abre el relato y no hay animal fichado que la cubra."
"katios","culebra","Culebra","animal","1","","3","","Una ficha para tres usos: la culebrita verde con que golpean a la niña en el cerro, la forma de culebra que Caragabí toma en la prueba del agua y la culebra que guía el regreso en la narración de 1929. El color lo fija cada uso; Severino la trae azul y 1929 verde, y el mito publicado sigue el verde."
"katios","peces-de-rio","Peces de río","animal","1","","4","","Cuatro relatos: los peces muertos y vivos del diluvio, los que la malla no dejaba subir en el río Odo, el caldo de pescado de la india jaibaná y la mujer que estaba pescando. Una gramática de cardumen, con el guacuco dentro."
"katios","gente-embera-katio","La gente emberá katío","colectivo","1","","15","","LA FICHA QUE MÁS AHORRA. Quince relatos hablan de «los indios», «la comunidad», «la gente», y siempre es el mismo cuerpo: los compañeros de cacería, los peones de Caragabí, los diez salvados del diluvio, los que suben y bajan la escalera, los del convite de los apellidos, la expedición contra Costé, los que queman ajíes bajo el árbol, los que huyen por el túnel de Musinga, los guerreros Domicó. Una gramática de grupo; las armas son fichas aparte."
"katios","mujeres-embera","Las mujeres emberá","colectivo","1","","7","","Gramática de grupo para las mujeres del corpus: las que lloran a la muerta, la que sube la escalera con el niño a la espalda, las que van por agua y leña, las que cuidan a los recién nacidos. Siete relatos, una ficha."
"katios","las-dos-mujeres-de-ancastor","Las dos mujeres que subieron al Bajía","colectivo","1","","1","","Protagonistas del relato: suben una en cada ala, desobedecen guardando un grano de maíz en la boca y una fruta de chontaduro, bajan, cuentan y siembran. Una ficha que fija a las dos, porque siempre actúan como par."
"katios","mujeres-de-senos-grandes-del-bajia","Las mujeres de senos grandes del Bajía","colectivo","1","","1","","«Unas mujeres de senos tan grandes que les llegaban a las rodillas», a las que Ancastor prohíbe hablar. Es una de las dos únicas cosas que el relato describe del mundo de arriba y su cuerpo no cabe en la gramática de las mujeres."
"katios","los-muertos-del-bajia","Los muertos conocidos del Bajía","colectivo","1","","1","","«Mucha gente conocida que ya se había muerto», entre ellos la hermana y un hermano al que habían matado, a quienes no se puede abrazar. Es la razón del viaje y la lección del relato: hay que verlos."
"katios","ninos","Los niños","colectivo","1","","5","","Segundo gran ahorro. Cinco relatos usan niños y siempre el mismo cuerpo: el de brazos que arranca la flor, los huérfanos que se come el yaedé, el hijo puesto en la trampa, el de la hamaca al que le comen el seso, el recién nacido al que soban los labios con barro y le ponen la totuma boca abajo, los chiquitos que roba Baha. Una gramática de grupo por edades."
"katios","burumiaes","Los burumiáes","colectivo","1","","3","","«Los indios de la primera edad, los burumiáes, andaban desnudos y no tenían herramientas.» Cuerpo distinto del de la gente actual —desnudez, ausencia de herramienta, manos usadas como aspas para sacar oro— y reaparecen en la memoria de las tres edades. Ficha propia."
"katios","cunas","Los Cunas","colectivo","1","","2","","Salidos de la llovizna, «aprendieron muy bien a manejar el arco y vivían en bohíos hermosos», no ven de noche, desterrados a las orillas del Atrato y finalmente retirados al mar. Enemigo colectivo de dos relatos, con hábito propio."
"katios","hijos-de-sever","Los cinco hijos de Séver","colectivo","1","","1","","Bajan en canoa con el padre, vencen dos veces y hacen el gran escarmiento nocturno gracias a la potencia visiva heredada. Una gramática de grupo que cubre a Tragábari, Hainaeru, Chiano y Jaibama; Emágai lleva ficha aparte porque conduce solo."
"katios","bibidigomia","Los Bibidigomia","colectivo","1","","1","","«Otros indios» que cogían a los cazadores y se los comían, sin casa, sin jefe y sin manos de cuchillo: el mito publicado sigue a Rafael Bailarín y no las notas de 1929. Su ficha de grupo lleva también las formas en que bajan del árbol. Alias Bibidi gomia, bibidí, bibidikomía."
"katios","colectivo-antomias","Los Antomiás","colectivo","1","","2","","«Bailaban y tenían cuernos y cola. Muchos eran como gavilanes o como gallinazos.» Es el escenario del acto central del cerro —la fiesta con luces y licores— y reaparece como los compañeros que bajan con Antomiá a Edaa. Gramática de grupo con sus formas animales dentro."
"katios","animales-malos","Los animales malos del fondo de los ríos","colectivo","1","","1","","«Tigres, caballos, burros, tatabros» que tomaban el espíritu de los humanos y a los que Cobaima confina a las zonas profundas. Manada heterogénea que actúa como una y con la que se negocia: el tigre tiene ficha propia y los demás van en la gramática del grupo."
"katios","fauna-menor","Fauna menor de la casa","colectivo","1","","1","","Grillo, lombrices y mariposas pequeñas con que frotan al recién nacido antes de su primer alimento, y el sapo con el que los niños no pueden jugar mientras truena. Están en escena y son cuatro bichos menudos: una sola gramática los cubre."
"katios","insectos-de-herupotoarra","Los insectos que salieron de los muertos","colectivo","1","","1","","El remate del relato es el contraste entre dos familias: de la boca de Herupotoarra salen moscas, tábanos y mosquitos inofensivos, y de Ambuima, avispas venenosas. Una sola gramática de enjambre que fija las dos familias, porque el sentido está en verlas juntas."
"katios","primera-pareja","El primer hombre y la primera mujer","colectivo","2","de piedra fina mompahuará","1","","Los de barro andan y hablan por virtud de la bolita de costilla; los de piedra quedaban animados pero «no hablaban: tan sólo se reían». Dos materiales, dos siluetas, las dos mostradas: el estado cuesta ficha. Los muñecos de barro de Tutruicá van dentro."
"katios","reyes-indios","Los reyes indios","colectivo","1","","1","","El rey que se niega al reparto y muere decapitado, y la reina que queda cautiva y llora ante el rey blanco. Una ficha para el par. La research_note ordena retirar los estereotipos de regalía dorada, y el expediente avisa que «rey y reina» es un molde monárquico impuesto sobre organizaciones que no lo eran: la ficha va sin corona."
"katios","reyes-blancos","Los reyes blancos de más allá del mar","colectivo","1","","1","","El rey que se indigna, sienta a la cautiva en su presencia y manda una segunda expedición, y la reina que lo acompaña. Conducen la segunda mitad del primer fragmento."
"katios","soldados-blancos","Los soldados blancos / los españoles","colectivo","1","","1","","Vencen por «la superioridad de las armas extranjeras», decapitan, se parten en dos mitades, esconden los tesoros y cavan el hoyo cubierto de ramas. Actúan en los dos fragmentos del relato."
"katios","arco-y-flechas","Arco y flechas","objeto","1","","6","","Seis relatos: Séver flecha con perfección y esconde sus flechas en el Genené, a Costé lo matan tirándole a los ojos, los Domicó se adiestran dentro del bohío, Herupotoarra hace diez flechas contra Ambuima, a Ambeu lo rematan con flechas y piedras. Ficha de objeto obligatoria."
"katios","lanza-miatzu","La lanza miatzu","objeto","1","","1","","Es el objeto por el que se cuenta la segunda mitad del relato: la que los dos jaibanás clavan en el pecho del rayo y la que «no tiene nada de bonito» que se guarda en los bohíos y se saca al tejado mirando al cielo apenas se oye el bramido. Dos estados de uso, un solo cuerpo."
"katios","canoa","Canoa","objeto","1","","2","","Labrada de un árbol corpulento en la prueba del agua; hecha de Genené por Séver; cincuenta acabadas en la guerra; amarradas en la orilla por la expedición que lo mata. Dos relatos y muchas escenas."
"katios","tambor-de-baha","El tambor de Baha","objeto","1","","1","","«Desde entonces lleva un tambor en la mano, y lo toca para avisar a los hombres que empieza la lluvia.» Es el objeto que explica el trueno; sin él la ficha del personaje no dice nada."
"katios","horno-de-la-prueba-del-fuego","El horno de la prueba del fuego","objeto","1","","2","","«Construyeron un horno enorme»: seis días de leña, cerrado herméticamente hasta la puesta del sol. El mismo aparato es «la gran olla de la prueba del fuego» donde se quema Antomiá torro. Dos relatos, una ficha."
"katios","cabezas-trofeo","Cabezas y calaveras de trofeo","objeto","1","","4","","Las cabezas de los Cunas suspendidas alrededor del bohío, que «se movían por sí solas y se les erizaban los cabellos»; la cabeza de Séver llevada como trofeo; la del rey indio presentada al rey blanco; el montón de calaveras dentro del árbol hueco. Cuatro relatos y una sola familia de objeto."
"katios","collar-de-dientes","El collar de dientes que suena como campanas","objeto","1","","2","","Séver «les arrancó los dientes, los ensartó en una pita y los colgó alrededor de su bohío: cuando aquellos dientes se agitaban solos y sonaban como campanas, era señal de que los suyos vencerían». En 1929 son colmillos que suenan al rociarlos con chicha o guarapo. Objeto-señal de dos relatos."
"katios","oro","El oro","objeto","1","","6","","Ficha de material, no de joya: filones, vetas, la mina que se comía a la gente, los tesoros escondidos dos veces, los diablos que son de oro, las chaquiras del dios renacido. Seis relatos con una sola ficha; separar cada aparición sería el error de conteo más caro de este corpus."
"katios","cirios-de-genene","Los cuatro cirios del Genené","objeto","1","","1","","«A sus cuatro lados hay otros tantos cirios encendidos de una piedra durísima, que arderán hasta el fin del mundo», y de ellos saldrá el río de fuego que lo arrasará todo. En 1929 son cuatro velas enormes de metal. Objeto propio y semilla del final del relato."
"katios","genene","El árbol Genené","planta","2","tronco derribado","2","","El árbol inmensamente grande que encerraba el agua; de su concavidad el mar, de sus ramas los ríos, de sus brotes riachuelos y arroyos. Séver esconde en él sus flechas y de él labra su canoa. El estado cuesta ficha: el árbol en pie y el tronco tumbado con el raudal saliendo son dos siluetas y las dos se muestran. Alias jenené."
"katios","maiz","Maíz","planta","1","","1","","Es el objeto por el que se cuenta el relato: no lo había en este mundo, una de las mujeres guarda un grano en la boca, lo siembran y todos cosechan. Ficha botánica con mazorca, grano y planta sembrada."
"katios","chontaduro","Chontaduro","planta","1","","2","","Baja del Bajía junto con el maíz, escondido por la otra mujer; y en Armucurá sus habitantes «se alimentaban del vapor del chontaduro». Dos relatos. Las fuentes insisten en que maíz y chontaduro viajan siempre juntos."
"katios","name","El ñame","planta","1","","1","","Es el objeto por el que se cuenta el relato y su etimología: «El Yaedé quedó convertido en Yame. De sus despojos se formó el ñame, y de ahí procede el ñame que se come ahora.»"
"katios","moindu","Raíz de moindú (tobo)","planta","1","","2","","«Raíz de moindú, que parece arracacha y ensancha los intestinos»: el arma con la que muere Antomiá paima. Vuelve en la variante de Severino del cerro, donde cuecen raíces de tobo con carne. Descripción botánica explícita en el corpus, dos relatos."
"katios","ajies-barbasco-y-anamu","Ajíes, barbascos y anamú","planta","1","","1","","«Recogieron ajíes, barbascos y anamú por canastadas y volvieron a quemarlos en la raíz del palo»: el humo que emborracha a los de adentro y gana el relato. Tres plantas nombradas, una sola ficha botánica."
"katios","arbol-comba","El árbol Comba","planta","1","","2","","Árbol nombrado que es sitio de dos actos en dos relatos: Emágai se refugia entre sus raíces y allí lo hallan, y la tigresa pare sus dos cachorros al pie de un gran árbol de comba. El nombre se pierde en la versión que reproduce Vasco, y por eso conviene fijarlo."
"katios","bohio","El bohío","arquitectura","1","","8","","Ocho relatos. El corpus dice siempre bohío, nunca tambo —la única vez que aparece «tambo» es dentro de la variante de Rubén Domicó que el expediente prohíbe fundir—. La ficha lleva el tablado, la escalera, el estantillo y el tejado, que son partes de la misma construcción: el mismo bohío del que cae Antomiá paima, en cuyo estantillo se respaldan los jaibanás y sobre cuyo tejado se pone la lanza."
"katios","casa-de-oro","La casa de oro","arquitectura","1","","2","","Dos relatos: el bohío de oro «más hermoso que el del propio dios» por el que Baha se niega y es arrojado al aire, y las «cuatro casas de oro, adornadas todas de oro» de los reyes indios que desatan la expedición. Es una construcción distinta del bohío y motor de ambos relatos."
"katios","escalera-de-cristal","La escalera del cielo","arquitectura","1","","2","","Dos tallos de una planta bellísima, con botones, tallos y flores por peldaños, transparente como el cristal, con planchas de metal bruñido en los flancos y apoyada sobre dos hermosísimas flores. Es el objeto por el que se cuenta el relato. El expediente advierte que no debe confundirse con la escala de Herupotoarra."
"katios","escala-de-herupotoarra","La escala de dos palos que se estira","arquitectura","1","","1","","«Colocó entonces dos palos en forma de escala… a medida que iba pronunciando uariáde, uariáde, la escala se estiraba hacia arriba.» El expediente prohíbe expresamente confundirla con la de cristal: aquélla se rompe por una flor, ésta la troza un carpintero. Dos fichas, no una."
"katios","arbol-hueco-de-los-bibidigomia","El árbol hueco con balcón","arquitectura","1","","1","","«Vivían en un gran árbol hueco que tenía como un balcón»: es la casa de los caníbales, el escenario de todo el relato, y no es intercambiable con ningún árbol ni con ningún bohío ya fichado."
"katios","bajia","El Bajía","lugar","1","","4","","El cielo donde están los muertos: se llega por el aire, hay una casa grande, hay maíz y chontaduro, se oyen cantos y músicas desde abajo. Cuatro relatos. El expediente avisa de no confundir Bajía, el cielo, con Baha, el trueno. Alias Bajá, bajía."
"katios","armucura","Armucurá","lugar","1","","2","","El mundo de abajo de Tutruicá, adonde cae Herupotoarra con su escala: «sus habitantes no morían: se alimentaban del vapor del chontaduro y estaban exentos de las necesidades del cuerpo». Dos relatos. Alias /armukurá/, aramúko, Armucará."
"katios","edaa","Edaa","lugar","1","","1","","«Lo sepultó en Edaa, que está dentro de la tierra, y cerró su puerta para que no pudiera salir jamás», y allí son arrojados también los convertidos en perros. Se ficha aparte de Armucurá porque el corpus no dice que sean el mismo sitio y aquí lo definitorio es la puerta cerrada. Severino lo traduce como «el infierno»: la ficha no adopta esa iconografía."
"katios","gioro-lloro","Gioró (Lloró), tierra sagrada","lugar","1","","1","","«Esto sucedió en Gioró, tierra de Quibdó, que es tierra sagrada»: allí Caragabí hizo muchas de sus hazañas y todavía se ve la gran piedra lisa sobre la que se apoyaba la escalera. Escenario nombrado, con resto visible, no intercambiable."
"katios","cerro-plateado-de-musinga","El Cerro Plateado","lugar","1","","1","","Escenario entero del relato y no intercambiable con ninguna montaña: la peña pelada que refleja como plata y se ve desde lejos, el abismo profundo, el niño que se sostiene sin poder caer. La ficha lleva también el valle de Musinga y el camino subterráneo que sale por Urrao, porque el relato no los describe por dentro."
"katios","cueva-de-coste","La cueva de Costé","lugar","1","","1","","«Toparon con el tercer Costé en la cueva de una peña» y después «lo hallaron en una cueva donde guardaba los restos de los muertos». Escenario de dos actos del relato, con un contenido que ningún paisaje fichado cubre."
"katios","piedra-gigante-como-barco","La piedra gigante parecida a un barco","lugar","1","","1","","«Bonita, parecida a un barco y apartada de los demás lugares»; antes fue una casa y sobrevivió a una inundación que destruyó el pueblo; quien se acercaba podía ser tragado. Escenario propio de un acto de Cobaima y sin equivalente en el corpus."
"katios","arcoiris-embibicuras","El arcoíris de Embibicuras","lugar","1","","1","","«Un arcoíris grande donde vivían humanos, animales y plantas juntos», que no podían salir sin exponer a la muerte a los suyos y sin afectar el río y el bosque, y a los que Cobaima dejó encerrados allí. Un lugar hecho de arcoíris: no lo cubre ningún paisaje ni ningún fenómeno ya fichado."
"katios","mina-de-oro-que-come","La mina donde el oro se comía a la gente","lugar","1","","1","","Ya en la cordillera de Antioquia: «una mina donde el oro se comía a la gente y a los animales, y después de comérselos su popó se volvía oro». Último acto de Cobaima y el único lugar minero del corpus."
"katios","selva-humeda-del-noroccidente","La selva húmeda del noroccidente","paisaje","1","","7","","El monte de la cacería, «los montes sombríos y solitarios donde no llega nadie» del Aribamia, el bosque donde se pierden los cazadores, el monte al que se van los tigrecitos. Modelo de entorno base del corpus; lleva dentro el cañaflechal y las palmeras."
"katios","rio","El río","paisaje","1","","7","","Segundo modelo de entorno base: cauces, quebradas, cabeceras, orillas, pozas y las zonas profundas adonde Cobaima confina a los animales malos. Cubre el Atrato, el Andágueda, el Odo, Aguasal y la cabecera de Bagadó, que el corpus nombra pero no describe."
"katios","montanas-del-noroccidente","Las montañas del noroccidente","paisaje","1","","5","","La montaña a la que sale la mujer que mira al sol, el Cerro León, la cordillera ya en Antioquia, la peña del diluvio, los filos y peñas del occidente antioqueño. Un modelo de entorno para todas ellas; el Cerro Plateado va aparte porque tiene rasgo propio."
"katios","mar-y-playa","El mar y la playa","paisaje","1","","4","","«A las orillas del mar» matan a los tres Domicós y a la arena descienden a pelear; los Cunas se retiran al mar; los reyes blancos vienen de más allá del mar; de la concavidad del Genené procede el mar. Cuatro relatos y un entorno que ni la selva ni el río cubren."
"katios","tormenta","La tempestad","fenomeno","1","","2","","Lluvia, trueno, relámpago, el primer relámpago al que escupen, la tempestad con el niño en la hamaca; y los fenómenos que preside Dabeiba: lluvia, granizo, trueno, rayo, huracanes, borrascas y terremotos. Una regla de fenómeno para todos."
"katios","diluvio","El diluvio","fenomeno","1","","2","","«Al brotar las aguas se inundó toda la tierra y sus ondas arrastraron a todos los vivientes… Un año duró la inundación.» Y la inundación que destruyó el pueblo de la piedra-barco. Es un entorno entero durante un año del relato, no un efecto."
"katios","fuego","El fuego","fenomeno","1","","6","","Seis relatos y un origen: del vientre reventado de Antomiá paima «salieron fuego, humo y piedras. Antes no había nada de eso». Lleva la hoguera de Costé y su luz quemante, el incendio del cañaflechal y de los quince bohíos, el humo de los ajíes, el horno, y el río de fuego que saldrá de los cirios al fin de los siglos."
"katios","hoja_utileria_hogar","hoja_utileria_hogar","objeto (hoja de agrupación)","1","","6","","Seis objetos menores del interior del bohío y del fogón, todos de uso repetido y ninguno con peso narrativo propio: la totuma que tapa la gota de agua y se pone boca abajo sobre el niño, las ollas de chicha del convite, la hamaca donde mecen al niño, las canastadas de ajíes, la hoguera donde arde el cadáver de Costé y el agua caliente que acaba con el Aribamia."
"katios","hoja_utileria_herramientas","hoja_utileria_herramientas","objeto (hoja de agrupación)","1","","6","","Seis herramientas y aparejos de trabajo y captura. Ninguno conduce por sí mismo: sirven un golpe, un tirón o un lance y desaparecen. El arco, la lanza miatzu y la canoa quedan fuera de la hoja porque cada uno sostiene un relato entero."
"katios","hoja_utileria_guerra","hoja_utileria_guerra","objeto (hoja de agrupación)","1","","5","","Cinco piezas menores de la memoria de guerra, ninguna descrita con detalle en el corpus. Las cabezas de trofeo y el collar de dientes no entran aquí: los dos son señales que actúan —se mueven solas, suenan como campanas— y llevan ficha propia."
"katios","hoja_utileria_materia_de_creacion","hoja_utileria_materia_de_creacion","objeto (hoja de agrupación)","1","","5","","Cinco piezas menudas del relato de la creación, más materia que objeto: la carta anacrónica del refundido misionero, la piedra fina de la pareja fallida, el barro que anima, la gota tapada con totuma y el pedacito de costilla. Se agrupan porque ninguna se ve más de un instante."
"koguis","gran_madre","La Gran Madre (la Magri / Luitsama / Magri Regina / Gauteován)","deidad_fuerza","1","","11","","Once relatos. Da la bola azul, el algodón, las semillas, el sol, el fuego; esconde y entrega las nueve tierras. El propio corpus identifica Gauteován con Gaulchováng y con la Madre de la creación («La Madre de esta página es la misma de la página de la creación»), y Chaves escribe que la primera fuerza es «una mujer, personificada en Luitsama, Naowa, Wastora o la primera Magri». Una sola ficha; los alias no se fichan aparte."
"koguis","naowa_wastora","Madre Naowa (Haba-Naowa / Madre Wastora)","deidad_fuerza","2","con barba, bigote, poporo y bastón","4","","El relato de Wastora dice en su primera línea «Ahora Wastora se llama Haba-Naowa», así que la unión la hace la fuente. Pare animales sin huesos, recibe las piedras en el ombligo, fabrica al primer hombre con vello, sangre y espíritu, y gobierna con poporo. El estado barbado cuesta ficha porque el relato de Naowa lo muestra y lo quita: «Naowa tenía bigote y barba. Se los quitó y se los entregó al hijo» —cambia la silueta y es el eje del relato."
"koguis","sol_mama","El Sol (Mama)","deidad_fuerza","2","hombrecito feo y mal hecho, antes de ser vestido","6","","Seis relatos. Es «el dios solar» de Gauteován y el «Mama» de Susabanka. El estado cuesta ficha porque el relato narra las dos formas como escena: «El sol era como un hombrecito feo, mal hecho… Entonces lo vistieron de puro oro»."
"koguis","luna","La Luna","deidad_fuerza","1","","2","","Mujer fea vestida de oro que persigue al sol y queda ensombrecida por un puñado de ceniza. La ceniza no cambia la silueta —cambia la superficie— así que va dentro de la misma ficha; la menguante es una fase de la misma ficha."
"koguis","susabanka","Susabanka, el arco iris","deidad_fuerza","2","hecho piedra","1","","Conduce acción: obedece los mandatos del Sol, pide y come, hace hijos. El estado cuesta ficha porque la primera línea da las dos formas —«Susabanka es el arco iris… no se murió sino que se hizo piedra»— y una banda de color y una piedra erguida no son la misma silueta."
"koguis","madre_del_bastimento","El padre del bastimento, que era una mujer","deidad_fuerza","1","","2","","Madre de los alimentos cuyas hijas son la yuca, el plátano y la malanga, y cuyo único hijo varón es el maíz. Aparece con el mismo párrafo en dos relatos: una sola ficha. El corpus conserva a propósito la tensión «padre… que era una mujer» y la ficha debe conservarla también."
"koguis","tierra_negra","La Tierra Negra, madre del cultivo","deidad_fuerza","1","","1","","Es la hija por la que se cuenta el relato y conduce su propia acción: oye la música por el hoyito de la pared «y salió ella misma sin que la Magri se diera cuenta». No es intercambiable con las otras ocho tierras."
"koguis","hiwiha","Hiwihá, madre de las enfermedades","deidad_fuerza","1","","1","","Figura titular de su ficha; llega al mundo y sigue viviendo en Palomino. Advertencia honesta: el relato no da un solo rasgo físico y el nombre oscila entre Hiwihá, Hiwibá, Hiwila e Hiwilá, con un verbo en plural que deja abierto si es un ser o un grupo. La ficha será construcción editorial declarada."
"koguis","sintana","Sintana","personaje","1","","8","","Ocho relatos. Seca el agua, aplica las piedras al ombligo de Naowa, cuenta las lunas, pelea contra Kasaugue, pide el fuego, recibe Palomino. El actor masculino más reutilizado del corpus."
"koguis","seraira","Seraira (también Serawi)","personaje","1","","5","","Cinco relatos: toca música para sacar la tierra negra, es marido de la Magri, vigila a Naowa, pelea contra Kasaugue. Uní Serawi con Seraira por grafía —Chaves alterna Sekukue/Sekukwe, Kakaraviku/Karaviku/Kakariviku en la misma página—, pero ninguna fuente lo afirma: es una decisión de continuidad, no un dato."
"koguis","kimaku","Kimaku","personaje","1","","3","","Trae los dos idiomas y seca la tierra, compone los cultivos, y es el que huye de las mujeres inventadas. Tres relatos, un solo cuerpo."
"koguis","sekukue","Sekukue (Sekúkwe)","personaje","1","","3","","Primer habitante: hace la casa de espuma, seca el agua y sopla al sol hacia el cielo. Actúa en dos de los tres relatos."
"koguis","kakarabiku","Kakarabiku (Kakaraviku / Karaviku)","personaje","1","","2","","Actúa en los dos relatos en que aparece: hace la casa de espuma y es quien sopla al sol y a la luna para levantarlos. Las tres grafías son de la misma página impresa."
"koguis","seyunkue","Seyunkue (Seyunkwe)","personaje","1","","2","","Conduce una acción: es uno de los tres que van a pedirle las tierras a la Magri, vuelta tras vuelta. Ficha delgada pero necesaria para la continuidad de la escena central de la creación."
"koguis","bunkuase","Búnkuase","personaje","1","","2","","«El dueño del mundo era Búnkuase… él fue el rey del mundo y él lo gobernaba»: manda espiar a Naowa, decide que haya también una niña, escribe los doce libros, y le quita Sintana a Naowa. Dos relatos, acción en ambos."
"koguis","namsiku","Námsiku","personaje","1","","2","","Acompaña al Mama a adivinar y pone el moha; trae el algodón a la tierra y hace el semillero. Actúa en los dos relatos."
"koguis","nemkardi","Némkardi","personaje","1","","1","","Un solo relato, pero conduce toda su segunda mitad: da consejos durante nueve noches, castiga cuatro y cinco días, y de su fracaso sale la trampa de machucón."
"koguis","nunkasha","Núnkasha","personaje","1","","2","","Hermano mayor que aconseja, ayuna al menor y arma la celada del maizal y el piñal; en el otro relato manda hacer la trampa de veinte metros. Dos relatos, protagonista en uno."
"koguis","nuanashe","Nuánashe","personaje","2","tigre","4","","Cuatro relatos. El estado cuesta ficha: «De día Nuánashe es como un indio. De noche toma la bolita entre la boca, se vuelve tigre». Las dos formas actúan y la silueta cambia por completo."
"koguis","kashindukwe","Kashindukwe (Kashindukue)","personaje","2","tigre (el «perfecto tigre Maluteyan» al que le quitaron gorra, poporo y todo)","4","","Cuatro relatos. Las dos grafías del impreso (mitos 11 y 12) son el mismo personaje. El estado cuesta ficha porque el relato narra el despojo pieza por pieza hasta que «quedó sólo como un tigre»."
"koguis","namaku","Námaku","personaje","1","","3","","Tres relatos. Una sola ficha y sin estado de tigre: la historia de su ficha lo dice expreso —«en ningún momento cuenta que Námaku mismo se transforme»—; el que es tigre de noche es su padre. Añadirle un estado sería importar la versión larga del tomo II."
"koguis","kasaugue","Kasaugue, el padre árbol","personaje","1","","4","","La única descripción física completa del corpus: «un hombre con mucha barba y mucho pelo». Retiene el principio de la vegetación y vuelve al final de los tiempos. Su reparto en árboles no cuesta ficha porque el resultado es el bosque, que ya se ficha como paisaje."
"koguis","gotze","Gotzé","personaje","1","","1","","Dispara las cuatro flechas que reparten la candela por el mundo y «aún vive». Es el que ejecuta el acto por el que se cuenta el relato."
"koguis","niwalui","Niwalui (Niwalwi / Niwali)","personaje","1","","1","","Una sola ficha, y su forma canónica es la piedra blanca: el relato no da cuerpo de hombre, sólo que «no se murió, sino que se volvió piedra de blanco» y que los mamas se comunican con él. Sembró todas las semillas y las dejó a su hijo."
"koguis","mamagakue","Mamagakue (Namagakue)","personaje","1","","1","","Es un mama, pero no genérico: el relato se titula por él y es el destinatario nombrado del algodón, que recibe y cultiva. Ficha propia para que el tríptico tenga a quién sostener la escena."
"koguis","terana","Terana, el Tairona","personaje","1","","1","","Decide el desenlace: se cambia la ropa con Kimaku, ocupa su lugar y quema a las perseguidoras con el bastoncito de oro. Su ropa intercambiada va embebida en las dos fichas."
"koguis","nunula","Nunula (Nulula)","personaje","1","","1","","El cuñado explotado que se esconde bajo el agua, finge su muerte con la piedra Anguiskuitse y fabrica las siete mujeres en una. Las research_notes exigen que conserve su agencia, así que ficha propia."
"koguis","seiskwisbuche","Seiskwisbuche","personaje","1","","1","","Protagonista del relato más largo del conjunto, seguido desde el parricidio hasta el amanecer posterior a su muerte. No cuento estado extra: el hinchazón y el hundimiento final son degradación, no otra silueta, y las research_notes piden no representar el cuerpo con violencia gráfica."
"koguis","ambu_ambu","Ambu-Ambu","personaje","1","","1","","Compra todas las mujeres y toda la gente, pelea y muere: de su muerte sale el episodio por el que se cuenta el relato —«Fue así como Nuánashe aprendió a comer gente»."
"koguis","niwiwe","Ñiwiwe","personaje","1","","2","","Padre del cultivo: es el que siembra detrás de Dugunawi. El mismo párrafo se repite en dos relatos, una sola ficha."
"koguis","dugunawi","Dugunawi","personaje","1","","2","","Limpia, desmonta y socala. No lo fusiono con el Dukinawi de Hiwihá ni con el Duginávi héroe solar del tomo I: la propia ficha dice que la identificación «no la hace ninguna de las tres fuentes y aquí no se da por hecha»."
"koguis","primer_hombre","El primer hombre","personaje","1","","2","","Fusiono el niño criado aparte por Sintana y el hombre que Haba-Naowa hace con vello, sangre y punto de espíritu: son el mismo lugar narrativo y dos diseños distintos romperían la continuidad entre dos fichas vecinas. Decisión editorial mía, no de la fuente, que publica los dos relatos por separado. El recién nacido blando se cubre en la ficha de criatura sin huesos."
"koguis","primera_mujer","La primera mujer","personaje","1","","2","","Misma fusión y misma advertencia que el primer hombre: la niña criada en la casa de mujer y la hija a la que Haba-Naowa le pone la piedra de gente comparten ficha. La menarquia y la unión con el hermano se tratan sin escena, según las research_notes."
"koguis","colectivo_gente_kogui","La gente kogui (hombres, mujeres, niños y viejos)","colectivo","1","","10","","Gramática de grupo para las cuatro edades. Absorbe todos los papeles humanos sin nombre del corpus: la mujer y la hija de Nuánashe, los cuatro sobrevivientes de Mamalowi, las muchachas del moha, las mujeres que van por agua y leña, la gente armada de macana, la hermana de Seiskwisbuche, los indios que reciben el algodón. Aquí está el segundo ahorro más grande del censo."
"koguis","colectivo_mamas","Los mamas","colectivo","1","","9","","Nueve relatos. Adivinan, prohíben, curan, se comunican con Niwalui y guardan el idioma antiguo. Una sola gramática de grupo. Absorbe al Mama adivino, al Mama de San Miguel y a Aluseiye y Mulkwehe, a quienes el propio relato identifica con ellos: «Los mamas son como Núnkasha, como Aluseiye y como Mulkwehe». La ficha cubre la figura, no su práctica ritual: pagamento, iniciación e interior del nuhué quedan excluidos aparte."
"koguis","colectivo_cabos","Los cabos","colectivo","1","","2","","Oficio real y recurrente —los dos narradores del corpus eran cabos de su mama—. Absorbe a Bahavé, Antwakukwe, Duguwé, Mandalawó Manawi y al cabo que Seiskwisbuche manda a vigilar: misma función, ningún cuerpo propio."
"koguis","colectivo_padres_madres_antiguos","Los padres y madres antiguos nombrados sin cuerpo","colectivo","1","","3","","El ahorro mayor del censo. Una sola gramática de grupo para los veintitantos nombres que el corpus enumera sin que actúen nunca —«Todos existieron antes del amanecer»—, más los cuatro padres de Gauteován y los repartidores de tierra de Hiwihá. Fichar cada nombre habría sumado más de veinticinco fichas sin una sola línea de evidencia visual detrás."
"koguis","colectivo_gente_de_tigre","La gente de tigre (los que de día son indios y de noche fieras)","colectivo","1","","3","","El relato la da como población, no como excepción: «De San Andrés para abajo, hacia Tucurinca, todos eran indios que durante el día trabajaban y al caer la noche se volvían león, tigre». Absorbe a los indios Navikue de San Miguel y al padre de Námaku de la quebrada del Bollo, que no tienen otra descripción."
"koguis","colectivo_capuchinos","Los capuchinos, gente de Kasaugue","colectivo","1","","1","","Conducen la acción con que cierra el relato, dicha en presente en 1946: «los capuchinos quieren matar a los mamas, ahora mismo, siempre los matan». Son los misioneros, no monos capuchinos —el error que la revisión del corpus corrigió—, y la ficha debe impedir que la ilustración los vuelva animales."
"koguis","colectivo_pueblos_del_mundo","Los pueblos que hizo Haba-Naowa","colectivo","1","","1","","Kogui, aruaco, atanquero, marocazo, chimila, guajiro, y después francés y chino. Cierra el relato y necesita gramática propia. La ficha debe fijar diferencia sin caricatura: el corpus sólo da los nombres, ningún rasgo, y cualquier tipificación sería invención."
"koguis","colectivo_nueve_hijas_tierras","Las nueve hijas-tierras de la Magri","colectivo","1","","1","","Gramática de las ocho tierras que no producen —blanca, arenosa blanca, roja y negra, amarillosa, roja, amarillosa revuelta con negra— entregadas una por una. La novena, la Tierra Negra, se ficha aparte porque actúa por sí misma."
"koguis","colectivo_mujeres_inventadas","Las mujeres inventadas por el padre malo","colectivo","1","","1","","Criatura colectiva que se multiplica en cada quebrada: una, dos, diez, quince. Tienen dientes en el sexo y persiguen a Kimaku hasta la laguna. Gramática de grupo que incluye la regla de multiplicación; el motivo sexual se conserva sin detalle gráfico, según las research_notes."
"koguis","colectivo_mujeres_cucaracha","Las mujeres cucarachas","colectivo","1","","1","","Echadas de la casa por golosas, dos quedan para lavar y asear, y la última sobrevive la noche de los animales subiendo al estrado con siete chipi-chipi. Son el único testigo del final del relato. La ambigüedad mujer/cucaracha es del texto y la ficha debe resolverla sin cerrarla."
"koguis","colectivo_animales_sin_huesos","Los animales sin huesos que parió Naowa","colectivo","1","","1","","Culebra, gusano, lombriz de tierra, culebra ciega: «todo animal que no tenía hueso». Es la imagen que sostiene la primera mitad del relato y una sola gramática los cubre."
"koguis","colectivo_pajaros","Los pájaros","colectivo","1","","2","","«Después parió pájaros, la pava y todo pájaro»; y las palomas y pavas del maizal ilusorio de Núnkasha. Dos relatos, una gramática."
"koguis","colectivo_animales_del_monte","Los animales del monte","colectivo","1","","3","","León, perico ligero, zorra, y los perros y gatos que lamen la sangre al final de Seiskwisbuche. Ninguno actúa solo; todos aparecen en enumeración. El jaguar sí se ficha aparte porque conduce medio corpus."
"koguis","mujer_multiple_yangauki","La mujer múltiple (Yangauki)","criatura","2","desdoblada en siete, hasta quedar una mujer común","1","","Dos siluetas incompatibles y las dos narradas: la mujer enorme que no cabe por la puerta y obliga a arrancar siete horcones y poner cuatro bancos, y el desdoblamiento en la quebrada —«se oyó como un pito, y de ella salió una mujer; otro pito, y salió otra, y así hasta seis»—. Por eso cuesta dos. Su gran cabellera, de la que salen plátano, maíz y frijol, va dentro."
"koguis","criatura_sin_huesos","La criatura sin huesos","criatura","1","","2","","Una sola ficha para el hijo del incesto —«con la cabeza blandita, y las manos, y los brazos, y las piernas también blanditas, como si no tuviera huesos»— y para el primer hombre de Wastora, que «nació blando, no tenía huesos». Mismo problema visual, mismo modelo."
"koguis","jaguar","El tigre (jaguar)","animal","1","","7","","Siete relatos. Ficha del animal, distinta de los hombres transformados: sirve de base a los estados de Nuánashe y Kashindukwe, a la gente de tigre y a la calavera. Absorbe las huellas."
"koguis","chucha","La chucha","animal","1","","1","","Conduce su propia escena: cae en la trampa, la chamuscan, canta desde la boca de la olla, brinca, corre y se escapa dejando el rabo desollado. El relato es etiológico —«por eso la chucha tiene el rabo sin pelo»— y ese rabo va dentro de la misma ficha."
"koguis","kandutu","Kándutu, el animalito como un cocuyo","animal","1","","1","","Primer intento de luz de la Madre, con nombre propio y acción propia: «existió, pero no alumbraba bien y seguía de noche». Sin él la invención del sol no tiene antes."
"koguis","maiz","Maíz","planta","1","","5","","Cinco relatos, y en dos es escenario: el maizal de la celada de Núnkasha. Es además «el único hombre» entre las hijas del padre del bastimento."
"koguis","yuca","Yuca","planta","1","","4","","Cuatro relatos: hija del bastimento, alimento de Susabanka, y lo que más le gusta al sol —bollo y almidón de yuca, que van dentro de esta ficha."
"koguis","platano","Plátano","planta","1","","5","","Cinco relatos: hija del bastimento, alimento del Sol y de Susabanka, y uno de los tres que salen de la cabellera de la mujer múltiple."
"koguis","malanga","Malanga","planta","1","","5","","Cinco relatos: hija del bastimento, semilla de la mochila de la Magri, alimento del Sol y de Susabanka."
"koguis","algodon","Algodón","planta","1","","1","","Es el objeto por el que se cuenta el relato, y además «el algodón era un indio»: hijo de la Magri y planta a la vez. El semillero va dentro de esta ficha."
"koguis","coca_haiu","Coca (haiu)","planta","1","","2","","La hoja que Naowa comía antes del traspaso y lo único que come el Mama de San Miguel cuando no puede comer nada. Ficha botánica; la mata y la hoja cosechada, no el uso ritual."
"koguis","pina","Piña","planta","1","","3","","Tres relatos y siempre en el mismo lugar del mecanismo: es lo que el devorador ve en vez de una mujer, y el piñal es la trampa final. No es decorado."
"koguis","bola_azul","La bolita azul (maluteyauye / piedra azul o verde)","objeto","1","","3","","El objeto por el que se cuenta todo el ciclo del devorador: se pone en la boca, se traga, se guarda en la mochila, y al caérsele muere el hombre y escapa el tigre. Una ficha para las tres grafías; la palabra maluteyauye se conserva sin equivalencia inventada."
"koguis","poporo","El poporo","objeto","1","","3","","Objeto visible y nombrado en tres relatos, y el eje del traspaso de gobierno. El calamutza, el palito con que se aplican las cuentas al ombligo, va dentro. Ojo: la ficha cubre el objeto, no la iniciación, que queda excluida por sensible."
"koguis","mochila","La mochila","objeto","1","","3","","Trae las semillas del mundo, guarda la bolita azul, y es parte del despojo final de Nuánashe. Restricción dura y explícita en el contrato: se fija el lenguaje —forma, fibra, asa, boca, chipire— y queda prohibido inventar un ejemplar con dibujo tejido; ese diseño se excluye aparte."
"koguis","calavera_de_tigre","La calavera de tigre","objeto","1","","3","","Tres relatos: se pone para volverse tigre, se guarda tras la muerte de Kashindukue, y en ella se le da de comer al sol. Está en el cuerpo del mito, no sólo en la etnografía."
"koguis","trampa_de_machucon","La trampa de machucón","objeto","1","","3","","Tres relatos y dos escalas: la de veinte metros cargada de piedra con que matan a Kashindukwe y la pequeña en que cae la chucha. Una sola ficha con las dos escalas declaradas."
"koguis","libro","El libro","objeto","1","","4","","Cuatro relatos. La Magri lo da y él marca autoridad: «yo también tengo mi libro y mi Casa Ceremonial». Incluye los doce libros que Búnkuase escribe mientras Naowa pare. La propia ficha subraya la rareza —un libro en un relato transmitido de memoria— y eso debe verse en el diseño, no disimularse."
"koguis","baston_de_autoridad","El bastón de gobierno","objeto","1","","1","","Segunda pieza de la entrega, después del poporo: «Naowa le dio después un bastón, y con el bastón quedó mejor aún». Las research_notes exigen que no se vuelva accesorio exótico."
"koguis","bastoncito_de_oro","El bastoncito de oro de Terana","objeto","1","","1","","Produce el desenlace: se lo saca de debajo del brazo, se frota las manos y «la candela surgió por todas partes». No es intercambiable con el bastón de gobierno."
"koguis","cuatro_flechas_de_fuego","Las cuatro flechas de fuego","objeto","1","","1","","El objeto por el que se cuenta el relato. Arriba, abajo, a la derecha y a la izquierda —no los puntos cardinales, que son de la otra versión— y sin inventar colores ni correspondencias rituales. El arco va dentro."
"koguis","kagaba_kuitse","Kagaba-Kuitse, la piedra de gente","objeto","1","","1","","Título y eje del relato: la piedrita larga que Haba-Naowa le pone en la barriga a la hija para que conciba. La grafía buena es la de Chaves, no el «ragaba-kuitse» de la reimpresión de 1993, y el tomo I la sitúa entre las cuentas de collar (kággaba-kuítsi)."
"koguis","instrumentos_de_musica","Carrizo, trompa y caja","objeto","1","","1","","Los tres instrumentos con que Seraira y Kimaku sacan a la Tierra Negra. Es el acto por el que se cuenta el relato fundacional del corpus; una ficha de objeto cubre la familia de tres."
"koguis","nuhue_kansa_maria","La casa ceremonial (nuhué / Kansa María), exterior","arquitectura","1","","9","","Nueve relatos: la arquitectura más reutilizada del corpus. Ficha del exterior y del emplazamiento solamente. El interior y lo que pasa dentro queda excluido por sensible, y ese límite es una restricción de producción real, no una nota al pie: el desenlace de Seiskwisbuche ocurre dentro. Kansa María es el edificio, no una sustancia ni un principio femenino —el error que la revisión del corpus corrigió en las veinte fichas."
"koguis","casa_de_habitacion_kogui","La casa de habitación kogui","arquitectura","1","","4","","Distinta del nuhué. Cubre la primera casa que hay que techar y que obliga a vencer a Kasaugue, la casa de espuma de agua de la creación, la casa de mujer donde se cría la niña, y la casa de horcones de Seiskwisbuche."
"koguis","casa_de_la_magri_nueve_cuartos","La casa de la Magri, de nueve cuartos","arquitectura","1","","1","","Escenario entero del relato fundacional y no intercambiable con ninguna otra casa: ocho cuartos que se atraviesan, un noveno donde está encerrada la Tierra Negra, y el hoyito en la pared por donde entra la música. El hoyito va dentro."
"koguis","sierra_nevada","La Sierra Nevada","paisaje","1","","20","","Los veinte relatos. Modelo de entorno con las franjas de altura: absorbe el páramo adonde va a comer el Mama de San Miguel, los cerros donde viven Námaku y los muertos, el cerro donde Núnkasha guarda a Nuánashe, y la banda de cielo."
"koguis","mar_y_agua_primordial","El agua sin tierra (y el mar del final)","paisaje","1","","4","","Una sola ficha para el principio y el final, porque el corpus los hace idénticos: «no había cerros, no había nada» al comienzo, y «no habrá árboles y no habrá cerros, y el mar llenará todo» cuando se acabe el sol. Dos relatos lo dicen con las mismas palabras."
"koguis","bosque_de_la_sierra","El bosque nacido del cuerpo de Kasaugue","paisaje","1","","3","","Absorbe los árboles, las palmas de empajar nacidas de los cabellos y los bejucos nacidos de las barbas. Es también el antes: «si Kasaugue no hubiera existido, la tierra fuera limpia»."
"koguis","quebrada_y_rio","La quebrada y el río de montaña","paisaje","1","","5","","Cinco relatos. Absorbe el río Palomino, la quebrada del Bollo, las quebradas que Kimaku va cruzando y la quebrada con piedra donde Nunula se esconde bajo el agua."
"koguis","laguna","La laguna","lugar","1","","1","","Escenario del clímax de Kimaku, con la piedra grande donde Terana se sienta y donde arden las perseguidoras. No es intercambiable con la quebrada ya fichada."
"koguis","roza","La roza","lugar","1","","6","","Seis relatos. Es donde ocurren los devoramientos, donde Dugunawi desmonta y Ñiwiwe siembra, donde está el semillero de algodón y donde Núnkasha tiende la celada. Escenario recurrente y no decorativo."
"koguis","poblado_kogui","El poblado kogui","lugar","1","","6","","Una sola ficha para todos los asentamientos nombrados —San Miguel, San Andrés, Tucurinca, Takina, Mamalowi/Mamaluwi, Palomino—, porque el corpus no distingue ninguno visualmente. Ahorro limpio de cinco fichas."
"koguis","oscuridad_antes_del_sol","La oscuridad anterior al sol","fenomeno","1","","3","","Regla de fenómeno: cómo se ve un mundo sin sol. Absorbe el palo blanco podrido «que de noche parece candela», única luz del monte, y el amanecer que llega cuando el sol se levanta."
"koguis","tierra_que_endurece","La tierra blanda que endurece","fenomeno","1","","2","","Dos relatos con la misma imagen: «la tierra era blandita y todo se enterraba» hasta que se endurece. Es el acto entero del relato del incesto y la mitad del de la creación; sin regla de fenómeno no hay cómo dibujarlo."
"koguis","candela","La candela","fenomeno","1","","2","","El fuego que Gotzé reparte en cuatro direcciones y el que surge de las manos de Terana. Regla de fenómeno compartida por los dos relatos."
"koguis","vision_que_cambia","La visión que cambia (la gente que parece comida y al revés)","fenomeno","1","","3","","El mecanismo del ciclo del devorador, repetido en tres relatos: la mujer «se le pareció como una piña», la hija también, y el maizal con palomas y zorras que al tragarse la bolita se vuelve gente armada de flechas. Una regla de fenómeno resuelve las tres escenas y evita tener que ilustrar el devoramiento."
"koguis","sangre","La sangre","fenomeno","1","","4","","Cuatro relatos con cuatro funciones distintas: delata al devorador, es lo que Naowa se come cuando le quitan al hijo, es materia creadora en Wastora, y llena la casa ceremonial la noche de la muerte de Seiskwisbuche. Las research_notes obligan a un tratamiento sin violencia gráfica, y eso necesita regla escrita. Es la ficha de la que menos seguro estoy: podría vivir en la guía de estilo en vez de en el inventario."
"koguis","hoja_utileria_armas","hoja_utileria_armas","objeto (hoja de agrupación)","1","","5","","Cinco piezas de arma y herramienta que aparecen sueltas y nunca conducen el relato por sí mismas. Se agrupan en una hoja de utilería, como resolvió wayúu V4 con sus objetos menores. La trampa de machucón no entra aquí: tiene ficha propia porque mata a dos personajes."
"koguis","hoja_utileria_piedras","hoja_utileria_piedras","objeto (hoja de agrupación)","1","","5","","Cinco piedras y cuentas pequeñas de la misma familia formal: las cuatro que Sintana apega al ombligo de Naowa y la que Nunula usa para fingir su muerte. La Kagaba-Kuitse queda fuera y con ficha propia porque da título a su relato y está documentada como tipo de cuenta (kággaba-kuítsi) fuera del corpus."
"koguis","hoja_utileria_domestica","hoja_utileria_domestica","objeto (hoja de agrupación)","1","","4","","Enseres y sustancias menores del interior doméstico —no del ceremonial—. Cuatro piezas; queda espacio declarado para una quinta si el diseño de trípticos encuentra otra."
"koguis","hoja_semillas_menores","hoja_semillas_menores","planta (hoja de agrupación)","1","","3","","Las tres semillas que sólo aparecen dentro de enumeraciones de la mochila de la Magri y de la cabellera de la mujer múltiple. No conducen nada y no merecen lámina botánica individual; una hoja las cubre."
"kuibas","herida_del_cielo","La herida del cielo: relámpago, sangre y costra","fenomeno","1","","1","","El origen entero: un trueno, un relámpago que en vez de caer sube y abre una hendidura, la sangre que sale, otro relámpago que la seca y la vuelve costra, la costra que se quiebra y cae. Es el acto sin el cual no hay gente, y gobierna cielo, color y luz del primer tramo. Una sola hoja de regla, con las tres fases declaradas dentro; no se abre ficha por fase porque es un mismo cuerpo que se transforma de corrido."
"kuibas","primeras_personas","Las primeras personas","colectivo","1","","2","","Cada fragmento de costra se transforma en una persona; se reúnen, duermen en la cueva, ven el Sol por primera vez, imitan a los pájaros y reciben a Boupé y a Daimú. Es la única gramática de cuerpos humanos del corpus y presta figuras también a los que se ríen de Namon, a los sobrevivientes y a los niños con hambre."
"kuibas","boupe","Boupé, el primer jefe","personaje","1","","1","","Escogido por el grupo, conduce el segundo movimiento del relato: distribuye espacios, enseña a fabricar arcos y flechas, a cazar, a cocinar y a bañarse, compartir y convivir. Ya está en la escena vertical planeada. La fuente no le da un solo rasgo físico: la ficha debe declarar su cuerpo como decisión editorial reversible, y sin insignias de autoridad inventadas."
"kuibas","daimu","Daimú","deidad_fuerza","1","","1","","Aparece después de Boupé, cierra los ojos de las personas y les enseña a dormir; la edición consultada la llama diosa del sueño. Acto propio, nombre propio y cierre del relato: ficha. La escena vertical ya la pide «sugerida», de modo que la hoja tiene que resolver qué tan corpórea es."
"kuibas","namon","Namon","deidad_fuerza","1","","1","","Conduce el segundo relato de principio a fin: avisa de la inundación, manda construir canoas y balsas, dispone de la montaña que permanecerá seca, anuncia que el agua bajará y hace aparecer el sime y el jojomo porque la gente no los conocía. Se ficha como fuerza y no como jefe humano por ese poder de hacer aparecer alimentos; el canon advierte que Namon, Namun y Namona nombran varios relatos distintos y que esta hoja sólo cubre el número 28."
"kuibas","aves_frugivoras","Los pájaros que picotean los frutos","colectivo","1","","1","","Conducen el aprendizaje del alimento: las personas tenían hambre y no sabían qué comer hasta que observaron a las aves acercarse a los árboles, picotear sus frutos y seguir volando. Sin especie nombrada, así que la hoja fija una gramática de bandada y no un ave concreta."
"kuibas","pavo_de_monte","El pavo de monte","animal","1","","1","","Único animal que actúa en el segundo relato: escarba entre los árboles y hojas podridos y encuentra gusanos, y ese gesto es la señal de que la tierra vuelve a dar alimento. Ya está en la escena vertical planeada."
"kuibas","balsa","La balsa","objeto","1","","1","","Es el objeto por el que se cuenta el relato: Namon manda construir canoas y balsas, pero en la versión publicada sobreviven las personas que estaban sobre balsas y no quienes prepararon canoas. La hoja tiene que resolver la diferencia entre ambas embarcaciones, porque de esa diferencia depende quién vive."
"kuibas","la_inundacion_kuiva","La inundación y el descenso de las aguas","fenomeno","1","","1","","El agua sube y cubre la tierra, está por todas partes, no hay dónde buscar comida y después retrocede poco a poco dejando árboles y hojas podridos. Regla de fenómeno con nivel, color y estado de la vegetación; sin ella cada plano tendría un agua distinta. No se mezcla con la herida del cielo: son dos reglas de relatos distintos."
"kuibas","monte_seco_de_namon","La montaña pequeña que permaneció seca","lugar","1","","1","","Escenario del acto: Namon disponía de ella, allí estaba el árbol naxaerabo y también alimento, y es el único punto fuera del agua. La escena horizontal ya la pide como «una pequeña altura con un árbol». No es intercambiable con la sabana ni con la cueva."
"kuibas","la_cueva","La cueva de la primera noche","lugar","1","","1","","Escenario del acto de cierre del primer relato: al caer la noche las recién llegadas buscan refugio allí y duermen; allí amanece por primera vez y allí Daimú enseña a dormir. La escena vertical ya sitúa a Boupé cerca de ella."
"kuibas","sabana_y_arboles_frutales","La sabana con árboles frutales","paisaje","1","","2","","El único paisaje del corpus y el soporte de los dos relatos: llano abierto, árboles con frutos, el cielo muy presente. Debe cargar además la fauna del comienzo y la condición de luz del primer amanecer, que son parte del ambiente y no entidades aparte."
"kuibas","hoja_utileria_kuiba","hoja_utileria_kuiba","objeto (hoja de agrupación)","1","","5","","Cinco piezas menores en una hoja: los alimentos de los dos relatos y la única herramienta nombrada. Sime y jojomo se dibujan diferenciados y con su nombre, porque el relato insiste en que son dos alimentos nuevos y distintos; ninguna pieza se diseña con adornos ni acabados que la fuente no da."
"makawanes","tacu","Tacu (Padre Sol)","deidad_fuerza","1","","2","","Hace la tierra, toca la trompeta, propone la prueba al venado y al araguato, envía a Wiri y después a la ardilla, y al final reclama a los sobrevivientes. Conduce los dos mitos. Se dibuja como Sol sobrio, según la escena ya definida, sin rostro divino monumental."
"makawanes","wachirajua_espiritus","Los Wachirajua (seres de humo o almas)","colectivo","1","","1","","Convocados por la gran trompeta cuando cielo y tierra estaban cerca: «llegaron cantando y rodearon al creador». Son la única presencia incorpórea del corpus y ninguna otra ficha resuelve un cuerpo de humo. OJO: no confundir con Wuachirajua de la leyenda; comparten nombre, no cuerpo ni función, y el canon los registra en capas documentales distintas (David González, 2010)."
"makawanes","venado_grande","El venado grande, abuelo del pueblo","animal","1","","1","","Es el relato entero: acepta la prueba, resiste mientras Tacu le saca cada pieza, grita en la última muela y de su boca salen cuatro mujeres y cuatro hombres. El propio corpus concluye que es el abuelo del pueblo y el título restituido lo nombra. Ficha base con boca abierta como vista adicional dentro de la misma hoja, no como estado."
"makawanes","araguato_grande","El araguato grande","animal","1","","1","","Repite la prueba, soporta el dolor sin gritar y recibe los dientes de oro. Cuerpo y acto propios, no sustituibles por el venado. Se ficha el mono; lo que sale de su boca queda excluido a la espera de decisión editorial y comunitaria."
"makawanes","primeros_makaguanes","Los primeros Makaguanes antiguos","colectivo","1","","2","","Cuatro mujeres y cuatro hombres que buscan carne, pepas y raíces, recogen plátano de monte y caracoles, fabrican capuzas de macana, caminan montes y esteros y se multiplican. Es la gramática de cuerpos del tiempo mítico y presta figuras a la familia de Wiri, a quienes derriban la palma y a la pareja que sobrevive."
"makawanes","wiri","Wiri, el perro enviado","animal","1","","1","","Es el ser por el que se cuenta el relato: Tacu lo envía con un collar de oro a observar cómo vive la gente, no recibe la comida, muere bajo la palma y su muerte desata la inundación y la obligación final de recordarlo. La escena horizontal ya lo sugiere sólo por el collar, de modo que la ficha debe resolver cuerpo y collar por separado."
"makawanes","ardilla_enviada","La ardita o ardilla","animal","1","","1","","Enviada por Tacu al ver la muerte de Wiri: «en instantes derribó árboles grandes y montañas». Un animal pequeño con una escala de destrucción desproporcionada; esa relación de tamaño es justamente lo que la ficha tiene que fijar."
"makawanes","samuro","El samuro","animal","1","","1","","Enviado a limpiar la tierra y comer la materia que quedó después de la inundación. Es la corrección comunitaria de Manuel Sánchez en 2023 y la versión que el canon adopta en la narración principal; ya está en las dos escenas planeadas."
"makawanes","cangrejo_con_tambor","El cangrejo gigante que toca el tambor","criatura","1","","1","","Recoge los restos de los muertos mientras lleva y toca un tambor. Es la figura más extraña del corpus, no es un cangrejo común por su tamaño y su acción, y la corrección comunitaria de 2023 no lo eliminó. El tambor va dentro de su ficha."
"makawanes","palma_grande","La palma grande derribada para vino","planta","1","","1","","Es el instrumento del giro: la derriban en el conuco para preparar vino, cae sobre Wiri y lo mata. La fuente insiste en que fue accidente, así que la ficha debe servir en pie y caída sin convertir la escena en sacrificio."
"makawanes","gran_inundacion","La gran inundación","fenomeno","1","","1","","Cielo oscurecido, lluvia que no se detiene durante días, agua que cubre la tierra y después retrocede dejando árboles y hojas podridos. Gobierna la luz, el color y el nivel del agua de todos los fotogramas del relato; sin regla de fenómeno cada plano quedaría con un agua distinta."
"makawanes","bosque_de_galeria_y_esteros","Bosque de galería y esteros de Arauca","paisaje","1","","3","","El único paisaje del corpus y el que aparece en los tres relatos: montes y esteros que caminan los primeros Makaguanes, el monte alto de la supervivencia, el bosque de El Vigía y la laguna del Lipa. Debe cargar además la regla de escala de los animales enormes del comienzo."
"makawanes","el_conuco","El conuco y la choza","lugar","1","","1","","Escenario del acto que desata todo: allí llevan a Wiri después de la choza, allí se derriba la palma para vino y allí muere. Un claro cultivado con gente trabajando no es intercambiable con el monte ni con el estero."
"makawanes","wuachirajua","Wuachirajua","criatura","2","forma_pequena_o_sombra","1","","Conduce la leyenda entera. El estado extra sí lo exige el relato y sí cambia la silueta: en los recuerdos más antiguos es grande, negro y peludo, de estatura de oso y uñas largas; en versiones posteriores tiene el tamaño de un niño de diez años y cruza como sombra pequeña por la escuela. Dos fichas, no tres: las formas de ave u otros animales quedan embebidas como variante."
"makawanes","gente_del_resguardo_hoy","La gente del resguardo de El Vigía","colectivo","1","","1","","Colectivo contemporáneo, de 1948 en adelante: el hombre que se enfrenta con machete, el profesor de la escuela, el sabedor que caza, quienes cuentan después haber vivido lo mismo. No puede resolverse con la gramática de los primeros Makaguanes: son cuatro siglos y otra ropa."
"makawanes","resguardo_el_vigia","Lo construido del resguardo: escuela, cementerio y caminos","arquitectura","1","","1","","Escenario del acto de la leyenda y el único entorno construido moderno del corpus: la escuela con habitaciones que una sombra atraviesa durante una falla eléctrica, el cementerio y los caminos donde ocurren los encuentros. Sin esta ficha el ilustrador inventa una escuela."
"makawanes","hoja_utileria_makaguan","hoja_utileria_makaguan","objeto (hoja de agrupación)","1","","7","","Una sola hoja con dos bloques declarados: el del tiempo mítico (trompeta, capuzas de macana, recolección, vino de palma) y el contemporáneo de la leyenda (vela de cera de abeja, agua, machete). Se mantienen separados dentro de la hoja para que ningún objeto del resguardo de hoy se cuele en la escena del venado ni al revés."
"misak-guambianos","nupisu_laguna_de_piendamo","Nupisu, laguna de Piendamó","lugar","1","","1","","La mayor de las lagunas altas, «ocupaba el centro de la sabana como un corazón profundo», y de sus cabeceras salen los ríos. Es el escenario del acto de creación y el ancla de todo el corpus. La ficha la resuelve como lugar narrativo, nunca como punto hallable."
"misak-guambianos","pishimisak","Pishimisak","deidad_fuerza","1","","1","","Dueño y cuidador de cuanto crece, «él y ella a la vez»: esa unidad de principios masculino y femenino es el rasgo documentado y es exactamente lo difícil de resolver, así que exige contrato propio y no se puede repartir en dos figuras."
"misak-guambianos","kosrompoto_aroiris","Kosrompoto, el aroiris","fenomeno","1","","1","","Nace del agua e ilumina la sabana con sus colores. Da nombre a la fuente principal del corpus («hijos del aroiris y del agua») y aparece en la imagen de comunidad. Regla de fenómeno con forma y paleta fijas."
"misak-guambianos","los_pishau","Los Pishau, hijos del agua","colectivo","2","mayores_fuertes_y_sabios","1","","El relato existe para contarlos: niños chumbados que bajan en lo alto de la palizada. El texto muestra además su crecimiento hasta mayores que enseñan a cultivar y a trabajar los minerales. Criatura envuelta y anciano de pie no comparten silueta, así que el estado cuesta lámina."
"misak-guambianos","derrumbe_parto_del_agua","Derrumbe: el parto del agua","fenomeno","1","","1","","El acontecimiento central: los cerros se abren y baja primero piedra enorme, encima barro y después agua turbia. Es una regla de fenómeno con orden de capas explícito, y sin ella los Pishau no tienen de dónde llegar."
"misak-guambianos","ciclo_del_agua","Ciclo del agua: páramo, mar y nube","fenomeno","1","","1","","Abre y cierra el relato: los ríos corren hasta el mar y regresan por el aire convertidos en nube y lluvia, y así el río «lleva la memoria desde el páramo, la deposita más abajo y vuelve a levantarla». Es la regla que sostiene la identidad «hijos del agua» y necesita lámina que la fije como circuito, no como paisaje."
"misak-guambianos","paramo_alto_con_lagunas","Páramo alto con lagunas","paisaje","1","","4","","El techo del territorio: lagunas, frailejones, viento frío y los cultivos de Pishimisak. Reaparece en cuatro relatos como el dominio de lo alto, opuesto a las lomas habitadas de abajo. Es la identidad visual de esta comunidad y no se parece a ninguna sabana ni a ningún altiplano."
"misak-guambianos","lomas_y_guaicadas_de_guambia","Lomas, hondonadas y guaicadas de Guambía","paisaje","2","planicie_previa_sin_relieve","5","","El piso habitado: laderas con cultivos, hondonadas oscuras, cañones con ríos bajo los árboles, guaicadas por donde pasan los vientos bajos. Aparece en cinco relatos. El estado cuesta lámina porque Pedro de Urdimales existe justamente para explicar que antes «la tierra era plana como una mesa»: es otro terreno, no otra luz. La noche de Kcrey se resuelve como condición de iluminación, no como lámina aparte."
"misak-guambianos","casa_misak_de_paja","Casa misak de paja","arquitectura","1","","4","","Una sola vivienda resuelve cuatro relatos: los techos sobre los que ronda Kcrey, las casas junto a las que pasan los vientos bajos, las casas de paja de Mama Manuela y, sobre todo, la del niño serpiente, cuyo corredor con varias puertas cerradas con llave es el mecanismo entero de ese mito. El modelo espacial incluye planta e interior, así que no hace falta una segunda ficha para el corredor."
"misak-guambianos","comunidad_misak","Comunidad misak","colectivo","1","","6","","Aparece en seis de los siete relatos: la gente que cría a los Pishau, los jóvenes de las fiestas de cosecha, quienes abren la salida para drenar la laguna, la minga que le quita el bastón al rayo, las mujeres que hilan, las familias que suben a la loma. Una gramática de grupo con rango de edades, incluidos niños, resuelve todas esas configuraciones."
"misak-guambianos","anciana_severa","Anciana que encierra a su hija","personaje","1","","1","","Conduce el relato en sus dos bisagras: guarda las llaves y vigila, y después desobedece la prohibición y desenvuelve al niño. Sin su decisión no hay transformación ni laguna."
"misak-guambianos","joven_encerrada","Joven encerrada, madre del niño serpiente","personaje","2","transformacion_en_agua","1","","Centro del relato. El estado cuesta lámina porque el texto lo muestra: retrocede al centro del patio, se deja caer de espaldas y «de su piel brotaron chorros de agua». Cuerpo humano y cuerpo manando agua no comparten silueta."
"misak-guambianos","helecho_que_sangra","Helecho que sangra","planta","1","","1","","La segunda forma de la joven, hallada en el punto más profundo cuando drenan la laguna: al pellizcar una hoja sale sangre. Es una planta con porte, fronda y savia que una hoja de identidad de personaje no puede resolver, y es la imagen con la que cierra el mito."
"misak-guambianos","enamorado_transformista","Enamorado que toma forma de gato o de serpiente","criatura","2","forma_de_gato | forma_de_serpiente","1","","Nunca se describe su cuerpo humano: el relato sólo le da las dos formas con las que cruza las cercas y pasa por las rendijas de las puertas. Son sus dos identidades reales, no estados de ánimo de una tercera, así que cada una necesita lámina."
"misak-guambianos","nino_serpiente","Niño serpiente","criatura","2","cuerpo_de_serpiente","1","","El relato lo muestra envuelto en la hamaca y después alargándose y cubriéndose de escamas hasta deslizarse entre la hierba. La transformación ocurre a la vista y cambia la silueta por completo: dos láminas."
"misak-guambianos","laguna_de_tenebio","Laguna formada sobre la loma (Tenebío)","lugar","2","drenada_con_el_helecho_al_fondo","1","","El agua cubre la casa y las hondonadas y sólo sobresalen las partes altas. El estado cuesta lámina porque el relato lo muestra y lo necesita: al drenarla aparece el fondo con el helecho, que es el desenlace. No es Nupisu ni una laguna del páramo: nace de un cuerpo y se vacía."
"misak-guambianos","kcrey","Kcrey, el pájaro que se come las almas","criatura","1","","1","","Pico enorme con dos filas de dientes puntiagudos, garras largas, y ladra como un perro en vez de cantar. Es la criatura más descrita del corpus y no se parece a ninguna ave real; exige hoja de identidad con vista completa."
"misak-guambianos","almas_luminosas","Almas luminosas","fenomeno","1","","1","","Esferas redondas y leves, parecidas a burbujas, que salen de quienes duermen con rabia, envidia o egoísmo y quedan flotando a merced del viento. Son la presa y la mitad de la imagen; necesitan regla propia de escala, opacidad y comportamiento."
"misak-guambianos","srekollimisak","Srekollimisak, rayo del aguacero","deidad_fuerza","1","","1","","El hermano mayor, que viene de las tierras cálidas, tiene las manos llenas de llagas y camina apoyado en la vara. Las llagas son un rasgo documentado y específico: sin ellas no se distingue de su hermano."
"misak-guambianos","kosrokollimisak","Kosrokollimisak, rayo del páramo","deidad_fuerza","1","","1","","El menor, que baja con el viento frío, tiene el trueno más bajo «como si estuviera metido en una olla» y envidia el estruendo del mayor. Robar la vara es su acción; necesita cuerpo propio porque la ficha entera del relato es la diferencia entre los dos."
"misak-guambianos","vara_de_oro","Vara de oro con fuego en la punta","objeto","1","","1","","El objeto por el que se cuenta el relato: se hunde en la laguna para soltar la lluvia, se roba, se clava en un mejicano y se rescata dos veces. La edición insiste en conservarla «porque está documentada y cumple una función concreta», sin ampliarla a riqueza ceremonial: la ficha debe fijar eso."
"misak-guambianos","tormenta_de_los_dos_rayos","Tormenta de los dos rayos","fenomeno","2","rayo_de_paramo_azulado","2","","Rayos, lluvia y granizo lanzados durante días. El estado cuesta lámina porque la diferencia está documentada y es visual: los rayos de páramo son azulados, con viento fuerte y trueno débil; los de aguacero, blancos y brillantes. La regla también cubre el rayo que nace del choque de vientos en el relato de Tumpe."
"misak-guambianos","tumpe","Tumpe, Padre Viento","personaje","2","viento_verdadero_sobre_las_cumbres","1","","Empieza como hombre de edad madura limpiando un rastrojo con su esposa y, tras permanecer en la cueva, sale convertido en aire en movimiento que sopla por encima de las montañas. Las dos formas están en el texto y no comparten nada: dos láminas."
"misak-guambianos","esposa_de_tumpe","Esposa de Tumpe","personaje","2","remolino","1","","Trabaja el rastrojo con él, espera su partida y lo quema. Después el relato la identifica: «El viento que permanece girando en un mismo lugar y levanta un remolino es la esposa de Tumpe». Mujer en faena y remolino son dos imágenes distintas y ambas están narradas."
"misak-guambianos","hijos_vientos","Hijos vientos","colectivo","1","","1","","Bajan cerca del suelo, recorren lomas, cañones y guaicadas, se meten entre los cultivos y tocan a las personas. Son un colectivo con comportamiento propio y opuesto al del padre; una gramática de grupo fija cuántos son, a qué altura van y cómo se distinguen de la ráfaga alta."
"misak-guambianos","cueva_de_la_transformacion","Cueva donde Tumpe se vuelve viento","lugar","1","","1","","Escenario del acto decisivo: entra caminando y sale convertido en aire. Un interior de roca cerrado no es intercambiable con el páramo abierto ni con las guaicadas, que son los dos paisajes ya fichados."
"misak-guambianos","mama_manuela_caramaya","Mama Manuela Caramaya","personaje","1","","1","","Mayora, autoridad y madre común: enseña a cultivar y a hilar, detiene a los pijaos y se retira a la peña. Conduce el relato entero. Su ficha incluye el ramo de lechero como atributo, y no la convierte en figura sobrenatural total ni en escena bélica, que es lo que la cadena de Solarte había favorecido."
"misak-guambianos","guerreros_pijaos","Guerreros pijaos","colectivo","2","transformados_en_frailejones","1","","Bajan por la montaña con sus lanzas. Son gente ajena a la comunidad misak y no pueden resolverse con su gramática: distinto pueblo, distinta arma, distinta silueta. El estado cuesta lámina porque la transformación es el clímax: los cuerpos cambian, echan raíces y quedan como frailejones."
"misak-guambianos","espanoles_invasores","Españoles que imponen nombres y bautizan","colectivo","1","","1","","Actúan: imponen nombres y bautizan por la fuerza a los dos hijos, y su llegada es lo que decide el retiro de Mama Manuela. La época manda aquí, igual que en cualquier página colonial: vestuario de invasión del siglo XVI, nada de iconografía andina en ellos."
"misak-guambianos","pena_de_nuyapalo","Peña de Nuyapalo","lugar","1","","1","","La roca que se abre y dentro de la cual queda su casa; de ahí sale a alimentar a los cuyes. Es el escenario del desenlace y el lugar desde el cual «la memoria puede salir otra vez». La abertura se declara dentro de la misma lámina: una grieta no cambia la silueta de la peña. Se dibuja como lugar del relato, nunca como una entrada comprobada ni localizable."
"misak-guambianos","cuyes","Cuyes","animal","1","","1","","Permanecen con ella dentro de la montaña y son la razón por la que sale. El relato insiste en que no vuelve «como un ejército ni como una reina», sino ligada a los animales pequeños: son el signo de su continuidad y necesitan cuerpo, escala y número fijos."
"misak-guambianos","pedro_de_urdimales","Pedro de Urdimales","personaje","1","","1","","Hace crecer el agua, desordena el mundo y desaparece sin explicar nada. Conduce el relato. Es un embaucador ibérico apropiado localmente, así que su vestuario es una decisión de época que el canon no resuelve y que el contrato tendrá que fijar; lo que no puede es quedar como figura genérica de fantasía."
"misak-guambianos","inundacion_de_la_planicie","Inundación de la planicie","fenomeno","1","","1","","El agua desborda los cauces y avanza sobre la llanura hasta cubrir los lugares por donde caminaban personas y animales. No es el derrumbe (que baja piedra y barro) ni la tormenta de los rayos (que trae granizo): es una lámina de agua que sube y arranca suelo, con su propia regla."
"misak-guambianos","loma_desprendida","Loma arrancada que se desplaza","lugar","1","","1","","Es el objeto por el que se cuenta el relato y el texto se esfuerza en definirlo por negación: «No era una canoa ni una casa construida para navegar. Era un pedazo del territorio desprendido». Un fragmento de terreno con gente y animales encima, navegando, necesita modelo propio o el ilustrador volverá a dibujar un arca."
"misak-guambianos","animales_refugiados","Animales refugiados (venados, aves, perros, animales del monte)","colectivo","1","","1","","El relato los enumera y son la mitad de la imagen: suben al mismo terreno que las familias y viajan con la loma. Una gramática de grupo fija especies, escalas relativas y densidad; la del colectivo humano no puede cubrirlos."
"misak-guambianos","hoja_utileria_misak_casa","hoja_utileria_misak_casa","objeto (hoja de agrupación)","1","","5","","Cinco objetos menores del interior misak: hamaca, llaves, fogón, madejas de lana en bruto y semillas. Una hoja fija escala, material y paleta comunes. Prohibición explícita heredada de la exclusión por sensibilidad: aquí entra la lana sin tejer y el gesto de hilar, nunca una prenda terminada con los colores propios."
"misak-guambianos","hoja_utileria_misak_paramo","hoja_utileria_misak_paramo","objeto (hoja de agrupación)","1","","4","","Cuatro conjuntos menores del páramo y la disputa de los rayos: el mejicano donde se clava la vara, los alimentos de tierra fría y caliente, el mate de oro y los bienes del territorio. Van juntos porque comparten escala de mano y porque todos son atrezo de argumento, nunca de acción."
"motilon-bari","sabaseba","Sabaseba","deidad_fuerza","1","","4","","Conduce la acción en cuatro relatos: ordena Ishtana, parte las piñas, convoca la prueba del collar y asigna nombres y lugares tras la dispersión de las cenizas. La fuente comunitaria insiste en que es el primer Barí y que trabaja como Barí, no como soberano distante: la ficha debe fijar eso y cerrar la puerta a iconografía cristiana."
"motilon-bari","joven-bari-caminante","Joven Barí que aprende a caminar liviano","personaje","1","","1","","Protagonista único del relato: viaja, se abstiene, transgrede y vuelve a narrar. El «caminar liviano» es una transformación interior («el cuerpo se le transformó por dentro») que el relato no traduce en otra silueta, así que no paga estado; la levedad se resuelve en la composición, no en un segundo modelo."
"motilon-bari","chigbari-guia","Chigbarí guía","criatura","1","","1","","Conduce todo el itinerario: toma al joven de la mano, le transmite la capacidad, le impone las prohibiciones y le permite volver. Está en el prompt horizontal existente. Es un individuo con función propia, distinto de las comunidades de chigbarí que visitan después."
"motilon-bari","chigbari","Comunidades de chigbarí","colectivo","1","","1","","Gramática de grupo, no retrato: la fuente documenta tres apariencias dentro de un mismo tipo de ser (rayados como el arco iris, parecidos al tigre, de pelo rizado considerados más fuertes). Una sola hoja fija el cuerpo común y las tres lecturas de superficie."
"motilon-bari","taigda-chigbana","Taigda Chigbana","deidad_fuerza","1","","1","","Conduce la acción en la estación de los muertos: entrega el arco a los guerreros antes de que sigan hacia las estrellas. Nombre propio conservado con la grafía de la fuente."
"motilon-bari","muertos-bari","Barí muertos en la estación de llegada","colectivo","1","","1","","Gramática de grupo con reparto visible y documentado: los hombres llegan con cañabrava para hacer flechas, las mujeres con sus canastos, los guerreros reciben arco. Hablan entre sí aunque los vivos no los oigan. No es la comunidad viva y no puede dibujarse como cadáveres."
"motilon-bari","estacion-de-los-muertos","Estación donde se recibe a los Barí muertos","lugar","1","","1","","Escenario del acto del relato y no intercambiable con la selva de Ishtana: es un lugar de llegada, con reparto de arcos y un sembrado de yuca a la vista. El prompt horizontal ya lo pide como destino del viaje."
"motilon-bari","mundos-superpuestos-de-ishtana","Mundos superpuestos de Ishtana","paisaje","1","","1","","El relato es un itinerario por niveles y el prompt vertical pide explícitamente «siete senderos simbólicos de Ishtana». El micrositio del CNMH documenta mundos de agua, cuevas, interior de la tierra y varios cielos. Es el andamiaje del viaje, distinto del territorio terrestre."
"motilon-bari","senora-de-la-luna","Señora de la Luna","deidad_fuerza","1","","1","","Conduce la acción: dueña de los animales, autoriza la caza bajo condición y corta el bejuco. Es el agente de una de las dos variantes unificadas y no puede promediarse con el gallinazo de la otra."
"motilon-bari","bejuco-celeste","Bejuco entre la Luna o el cielo y la Tierra","planta","2","cortado","1","","Es el objeto por el que se cuenta el relato: el camino vivo entre mundos. El estado cortado paga hoja porque el relato lo muestra y cambia la silueta por completo (tenso entre dos mundos / seccionado y colgante), y los dos prompts existentes usan una forma cada uno."
"motilon-bari","territorio-iluminado-de-la-luna","Territorio iluminado de la Luna","paisaje","1","","1","","Escenario del acto: tierra clara con animales mansos y abundantes, opuesta punto por punto a la Ishtana oscura. No es intercambiable con ningún paisaje ya fichado."
"motilon-bari","luna","Luna como cuerpo celeste","fenomeno","1","","2","","Reaparece en dos relatos con cuerpo reconocible: hermana próxima a la Tierra que después se aleja, y luz nocturna del cielo ordenado. Su alejamiento es el desenlace del relato del bejuco. Regla de fenómeno, no personaje: la persona lunar es Chibáig y la dueña es la Señora de la Luna."
"motilon-bari","condor","Cóndor","animal","1","","1","","Los jóvenes se vinculan con las hijas del cóndor y por eso se rompe el pacto: la familia del cóndor es la causa del corte. El prompt existente exige tratarlos como aves, no como reinos fantásticos, así que la hoja es animal y sostiene también a las hijas."
"motilon-bari","gallinazo-zamuro","Gallinazo o zamuro que corta la cuerda","animal","1","","1","","Conduce la acción decisiva de la variante de De Alcácer: corta el bejuco después del descenso. El canon prohíbe fundir esa variante con la de la Señora de la Luna, así que el ave tiene que existir como cuerpo propio. Está en el prompt horizontal."
"motilon-bari","tucan","Tucán","animal","1","","2","","Reaparece en dos relatos con cuerpo reconocible y función distinta: es el único animal que se distingue en la oscuridad por el color de sus plumas, y es la fuente de las plumas amarillas y negras del collar. Su bicromía sostiene el origen del día y la noche."
"motilon-bari","anciano-que-escucha-el-arbol","Anciano que escucha el agua dentro del tronco","personaje","1","","1","","Conduce la acción de la versión que la prosa principal sigue: conoce los rincones, plantas y animales, apoya el oído en el tronco y convoca a la comunidad. Tiene un cuerpo distinguible (edad, gesto de escucha) que el relato usa."
"motilon-bari","arbol-gigantesco","Gran árbol que contenía el agua","planta","2","caído y convertido en el primer caimán","1","","Es el objeto por el que se cuenta el relato. El estado paga hoja porque el relato muestra la caída y la silueta cambia radicalmente: el tronco en pie con el agua dentro y después el cuerpo tendido que se vuelve caimán. Ambos prompts existentes piden las dos formas."
"motilon-bari","peces-de-las-astillas","Peces nacidos de las astillas","colectivo","1","","2","","Reaparecen en dos relatos: nacen de las astillas del árbol y son el objeto del oficio de pesca que los Saimadoyi enseñan. Gramática de cardumen, no retrato de especie."
"motilon-bari","cuencas-dabogyi-e-iquibocyi","Cuencas del Dabogyi (Catatumbo) y el Iquibocyi (Río de Oro)","paisaje","1","","1","","Es el producto del relato y la identidad territorial que el Mandato de Justicia nombra por su nombre. Las ramas dibujan las cuencas donde están las comunidades y los bohíos: no es un río genérico ni es sustituible por la selva de Ishtana."
"motilon-bari","vidente-de-las-dos-plumas","Vidente de piel marcada con el collar de dos plumas","personaje","1","","1","","Conduce la escena central de la versión de Galvis: hombre de piel marcada, sin fama de cazador, con dos plumas maltratadas, al que Sabaseba pide no excluir y que resulta elegido. El canon dice expresamente que identificarlo con Ñandóu es variante y no certeza, así que no se fusiona. Su brillo es luz, no otra silueta: no paga estado."
"motilon-bari","nandou","Ñandóu","deidad_fuerza","2","Sol, con el collar puesto","1","","Saimadoyi que vence la prueba del collar y ocupa el lugar del Sol. El estado paga hoja porque la fuente muestra las dos formas y la silueta cambia: «lleva las plumas durante el día y se las quita por la noche». Está en los dos prompts existentes."
"motilon-bari","chibaig","Chibáig","deidad_fuerza","1","","1","","Mujer Saimadoyi que ilumina como Luna cuando llega la oscuridad. Reparte función con Ñandóu y aparece en los dos prompts. La fuente no documenta una segunda forma, así que una sola hoja."
"motilon-bari","collar-de-dos-plumas","Collar de dos plumas de tucán","objeto","1","","1","","Es el objeto por el que se cuenta el relato: una pluma amarilla y una negra, maltratadas, que originan el día y la noche. Su pobreza frente a los collares vistosos es el argumento entero."
"motilon-bari","ave-mensajera","Ave mensajera, hijo del Sol","animal","1","","1","","Conduce una acción propia: mantiene la comunicación entre el Sol alejado y quienes quedan en los bohíos. Está en el prompt horizontal. Se ficha en su forma de ave, que es la única que la fuente hace funcionar; la forma de niño se resuelve desde la gramática de la comunidad."
"motilon-bari","dia-y-noche","Alternancia del día y la noche","fenomeno","1","","1","","Es el producto del relato y una regla que gobierna todo el corpus: amarillo da claridad para el trabajo, negro permite el descanso y el sueño. El prompt vertical la pide como banda de plumas que separa dos mitades del cielo. Regla de fenómeno, no decorado."
"motilon-bari","saimadoyi","Saimadoyi, auxiliares de Sabaseba","colectivo","2","formas animales: aves, trepadores, corredores y nadadores","2","","Reaparecen en dos relatos y reparten los oficios que fundan la vida Barí. El estado paga hoja porque el relato muestra la transformación y cambia la silueta: unos volaron y se hicieron aves, otros treparon, corrieron o nadaron. El prompt vertical pide justamente las franjas de oficios."
"motilon-bari","pina","Piña de la que salen los primeros Barí","planta","2","partida, con la gente emergiendo","1","","Es el objeto por el que se cuenta el relato. El estado paga hoja porque la fuente muestra la piña entera recogida por hambre y después partida con los seres saliendo: son dos siluetas y las dos están en los prompts. El prompt advierte además que no puede parecer una piña comercial gigante."
"motilon-bari","sibabio","Sibabió, la anciana ciega","personaje","1","","1","","Conduce el relato que lleva su nombre. Se ficha viva: anciana ciega que cuida al bebé. Su cuerpo muerto y la quema quedan fuera por decisión editorial ya escrita en los prompts."
"motilon-bari","cenizas-dispersadas","Cenizas dispersadas por el viento","fenomeno","1","","1","","Es el objeto por el que se cuenta el relato y la regla que produce la diversidad del mundo: cenizas de varios colores que al caer en sitios distintos originan seres distintos. El prompt horizontal la pide como corriente que se eleva y se transforma."
"motilon-bari","gentes-nacidas-de-las-cenizas","Personas y seres nacidos de las cenizas","colectivo","1","","1","","Gramática de grupo con una restricción explícita y no negociable, ya escrita en los prompts: siluetas humanas diversas y dignas, sin caricaturas raciales, sin jerarquías y sin estereotipos de color de piel. La hoja existe para fijar ese límite, no para ilustrar una tabla de pueblos."
"motilon-bari","comunidad-bari","Comunidad Barí","colectivo","1","","6","","Está en los seis relatos y es la hoja que más trabajo ahorra: cazadores, cortadores del árbol, oyentes del bohío, padres, mujeres con canastos y muchachos sin nombre salen todos de aquí. Su gramática debe cerrar el peligro que los prompts nombran una y otra vez: nada de tocados panindígenas ni coronas."
"motilon-bari","bohio","Bohío comunal","arquitectura","1","","4","","Reaparece en cuatro relatos con cuerpo reconocible: es donde el viajero narra y muere, desde donde se envían mensajes a otros bohíos, donde se deja el trabajo al caer el Sol y uno de los oficios que los Saimadoyi enseñan. Es la arquitectura que identifica a esta comunidad."
"motilon-bari","ishtana","Ishtana, el mundo y el territorio Barí","paisaje","1","","6","","El modelo de entorno de todo el corpus: selva del Catatumbo, relieve, cauces. La oscuridad anterior al Sol no paga hoja aparte porque cambia la luz y no las formas; se resuelve dentro del mismo modelo."
"motilon-bari","yuca","Yuca","planta","1","","2","","Es el objeto de la transgresión que decide «Caminar liviano»: al arrancar las raíces pensando en su madre y su hermana, un ruido enorme revela la falta. Reaparece como cultivo entre los oficios enseñados y está en el prompt vertical. No es utilería: es la causa del desenlace."
"motilon-bari","hoja_utileria_bari_viaje","hoja_utileria_bari_viaje","objeto (hoja de agrupación)","1","","5","","Utilería del viaje y de la estación de los muertos: los cinco objetos menores que cargan los muertos, que Taigda Chigbana entrega y que reciben al joven de vuelta en el bohío. Una sola hoja fija material, escala y acabado para que no se inventen en cada escena."
"motilon-bari","hoja_utileria_bari_domestica","hoja_utileria_bari_domestica","objeto (hoja de agrupación)","1","","5","","Utilería doméstica del agua, el fuego y los oficios: los cinco objetos menores de «El gran árbol», «Sabaseba» y «Sibabió» que ninguna escena describe con detalle y que el modelo inventaría si no se fijan juntos."
"nukak-maku","machoroko","Machoroko","deidad_fuerza","1","","1","","Conduce el acto central: oye el ruido de abajo, lo busca y abre el paso entre bak y yê. Su único rasgo físico documentado son las uñas de oso hormiguero con que escarba, y su hoja debe resolver esa ambigüedad sin convertirlo en un híbrido."
"nukak-maku","aukuribo","Aukurɨbo, la Gente de Árbol","personaje","2","oruga | mariposa","1","","Primero en cruzar, recordado como mayor y jefe verdadero. Las dos transformaciones están mostradas y cambian la silueta, así que una hoja de identidad más una hoja de estados con oruga y mariposa. Es la escena vertical aprobada."
"nukak-maku","familias_nikak","Familias y grupos Nɨkak en migración","colectivo","1","","1","","Protagonista colectivo real del relato: se ocultan, preparan la entrada, salen en pequeños grupos, descansan juntos, se separan y siembran. Una sola gramática de grupo, con canastos y semillas, que también cubre a los mayores que guían y a la Gente Tucán."
"nukak-maku","bak","Bak, el mundo de abajo","lugar","1","","1","","Escenario del primer acto y no intercambiable con la selva de arriba: el relato dice que allí se movían, sembraban y cuidaban semillas «de una manera semejante» a la vida posterior. Esa semejanza con diferencia es el encargo de diseño; parte de los que salieron regresan allí."
"nukak-maku","paso_entre_bak_y_ye","El paso abierto entre bak y yê","fenomeno","1","","1","","Regla visual de los mundos en capas y de su abertura: es el acto por el que se cuenta el relato y gobierna la composición horizontal aprobada. Debe incluir que la entrada se preparó para dificultar el paso a los perseguidores."
"nukak-maku","ye_selva_y_confluencia","Yê: selva del Guaviare y la confluencia de los dos ríos","paisaje","1","","1","","Modelo de entorno de este mundo, anclado en la confluencia Guaviare-Inírida donde descansan y se separan. La composición de dos ríos que divergen es el corazón del relato; caños, lagunas y sectores donde se detienen son variantes del mismo modelo. Coordenada aproximada, nunca el lugar exacto del nacimiento."
"nukak-maku","hoja_semillas_nikak_1","hoja_semillas_nikak_1","planta (hoja de agrupación)","1","","5","","Primera hoja de cinco semillas. Las semillas no son utilería decorativa en este relato: son la prueba de que salir de bak fue trasladar una agricultura, no huir con las manos vacías."
"nukak-maku","hoja_semillas_nikak_2","hoja_semillas_nikak_2","planta (hoja de agrupación)","1","","5","","Segunda hoja de cinco piezas: las cuatro semillas restantes más el canasto que las carga. La yuca dulce y la amarga deben leerse distintas."
"orinoquia-llanera-mestizo","sabana_llanera","Sabana llanera","paisaje","2","sabana_quemada_y_agrietada","10","","El horizonte abierto de pasto y cielo es el escenario de diez relatos: la esmeralda lo crea, Patorreal lo cruza, la Bola de Fuego salta sobre el, la sombra de Manare lo recorre. Una sola hoja de entorno, mas un estado quemado porque El llano ayer y hoy pone en escena cenizas, pastos calcinados, grietas de sequia y aves de rapina: la silueta del paisaje cambia por completo."
"orinoquia-llanera-mestizo","estero_laguna_y_morichal","Estero, laguna y morichal","paisaje","1","","4","","Humedal con agua quieta, palmas y aves: las lagunas nacidas del llanto de Pamoare, la lagunita donde la garza talla cruces, los esteros de patos y garzones, la Laguna Jardines de la Esperanza. No es intercambiable con la sabana seca."
"orinoquia-llanera-mestizo","rio_llanero","Rio llanero de sabana","paisaje","1","","8","","Cravo, Ariporo, Tate, Pauto, Quachiria, Meta, Orinoco, Casanare y Arauca aparecen con la misma descripcion: cauce ancho, playas de verano, embarcaciones. Ocho relatos, una hoja."
"orinoquia-llanera-mestizo","monte_y_quebrada_del_piedemonte","Monte y quebrada del piedemonte","paisaje","1","","4","","Bosque cerrado de arboles gigantes, caminos viejos y quebradas de agua fria. Es el reverso del llano abierto y el habitat de tres apariciones; el camino viejo nocturno del Tirapiedra vive dentro de esta hoja."
"orinoquia-llanera-mestizo","carretera_nocturna_del_piedemonte","Carretera nocturna","lugar","1","","2","","La via a Paratebueno y el camino embarrado con abismo por donde sube el campero. Es el escenario propio de las dos apariciones motorizadas del corpus y no lo cubre ningun paisaje anterior."
"orinoquia-llanera-mestizo","hato_llanero","Hato llanero","arquitectura","1","","8","","El Viso, La Rubiera, El Recuerdo, El Zacaton, Hato Valbuena, Hato Chico, Las Tigras y la finca de Paz de Ariporo son la misma casa grande con tranquero, corrales y galpon. Ocho hatos, una hoja: aqui esta el ahorro mayor del corpus."
"orinoquia-llanera-mestizo","rancho_llanero_de_conuco","Rancho de conuco","arquitectura","1","","3","","La ranchita de Ambrosio junto a las sementeras, con chinchorros colgados, y la choza donde Pamoare pasa el blanqueo. Vivienda de palma y horcones, opuesta al hato: no se resuelve con la misma hoja."
"orinoquia-llanera-mestizo","casona_vieja_de_la_botija","Casona vieja de muros gruesos","arquitectura","1","","1","","Toda la accion ocurre dentro de ella: se derriba la pared, aparece la botija, se entierra el oro y mueren los ninos. No es el hato ni el rancho de palma, y el muro que se rompe es el objeto escenico del relato."
"orinoquia-llanera-mestizo","sitio_de_parrando_y_cantina","Sitio de parrando, cantina y gallera","arquitectura","1","","5","","La cantina del pueblo, el parrando de Samaria, el cafeteadero La Italiana, el Pollo de Oro, la gallera de Paz de Ariporo y la fiesta de Los angelitos son el mismo local de mesas, luz caliente, musica y trago. Seis lugares nombrados, una hoja."
"orinoquia-llanera-mestizo","pueblo_llanero_de_tapia_y_teja","Pueblo llanero colonial","arquitectura","1","","3","","Tamara fundada en 1626 con su resguardo jesuita entre cerros, Pore y Orocue como puerto fluvial. Calle, iglesia y plaza: ninguna hoja de hato o de cantina resuelve un pueblo."
"orinoquia-llanera-mestizo","tumba_llanera_con_cruz","Tumba llanera con cruz de madera","lugar","1","","2","","Patorreal escarba junto a la tumba del Catire, Melecio hijo se arrodilla ante la cruz tosca, y Ambrosio, Carlos y Victoria quedan enterrados juntos en un rincon de la llanura. Dos relatos, mismo cuerpo."
"orinoquia-llanera-mestizo","boveda_del_tesoro_de_caribabare","Boveda de mamposteria de Caribabare","arquitectura","1","","1","","La excavacion revestida de piedra y calicanto, llena de cajas y sellada con lapidas bajo el cauce desviado. Es el objeto por el que se cuenta el relato y no lo cubre ningun paisaje."
"orinoquia-llanera-mestizo","escenario_de_la_fabula_de_calila","Escenario de la fabula de Calila","arquitectura","1","","1","","El foso disimulado entre hojas, las puertas y murallas de la ciudad, la casa del rey y la prision con barrotes. Mundo ajeno al llano: una sola hoja espacial para toda la fabula arabe embutida en la pagina."
"orinoquia-llanera-mestizo","saul_nino_mentiroso","Saul, el Nino Mentiroso","personaje","1","","6","","Narrador exagerado de seis paginas: pesca en el Cravo, vuela la piara con dinamita, llega de negro al cafeteadero, cuenta Patorreal y los luceros. Cuerpo reconocible y recurrente; una hoja cubre seis relatos."
"orinoquia-llanera-mestizo","pascual","Pascual","personaje","2","volando_en_escoba","5","","Baquiano de poncho cruzado, rula en mano y dientes de oro; narra cinco paginas del piedemonte. El estado extra no es capricho: en El domador de brujas agarra una escoba vieja y vuela hacia la luna, y esa silueta no la da la hoja de identidad."
"orinoquia-llanera-mestizo","narrador_viajero","Narrador viajero","personaje","1","","8","","La voz en primera persona de ocho paginas: dueno de finca, conductor del campero, doctor junto a la quebrada, contertulio. Ninguna la describe fisicamente, todas la ponen en el mismo registro de hombre adulto criollo que llega, escucha y se va. Se unifica en una hoja y se declara la union."
"orinoquia-llanera-mestizo","casanari","Casanari","personaje","1","","1","","Conduce el relato entero: huye con Pamoare, arroja la esmeralda que crea el llano, construye la choza del blanqueo, teje la corona de plumas y muere bajo el jaguar."
"orinoquia-llanera-mestizo","pamoare","Pamoare","personaje","1","","1","","La otra mitad de la cosmogonia: pasa el blanqueo, funda el linaje, llora las lagunas y entra al rio que toma su nombre. Corona de plumas y tunica de colores son vestuario dentro de su hoja, no estado aparte: la silueta no cambia."
"orinoquia-llanera-mestizo","don_agapito","Don Agapito","personaje","1","","1","","Hombre encorvado como arbol vencido, perseguido por la justicia, que dispara su revolver contra lo que lo inquieta y muere de cancer creyendose embrujado. Abre y cierra la primera mitad del relato."
"orinoquia-llanera-mestizo","abelardo_piriachi","Abelardo Piriachi","personaje","1","","2","","El curandero de San Luis de Palenque, de gestos toscos, que cura a don Lisandro con leche de higueron y brandy y despues es atado en la vereda del Mangal. Su hoja cubre tambien al yerbatero Catimay de Los tres luceros: mismo oficio, mismo atrezo, y el texto no le da cuerpo propio a Catimay."
"orinoquia-llanera-mestizo","don_tarsicio","Don Tarsicio","personaje","1","","1","","El domador que llega en 1982 con digitopuntura, magnetismo y voz de cantor, y vence a la bruja mayor cantando en el parrando de Samaria. Conduce todo el relato."
"orinoquia-llanera-mestizo","catire_melecio","Catire Melecio","personaje","1","","1","","Llanero de piel curtida que doma la tierra, funda El Viso y muere embestido por un toro barroso. Su muerte es la bisagra del relato y su tumba el lugar donde escarba Patorreal."
"orinoquia-llanera-mestizo","rosa_linda","Rosa Linda","personaje","1","","1","","Morena de quince anos que el Catire conoce en un baile de Angelitos, queda viuda y une su vida a un nuevo esposo. Actua en tres momentos del relato."
"orinoquia-llanera-mestizo","joven_melecio_hijo","Melecio hijo","personaje","1","","1","","El hijo catire que estudia en Bogota, regresa a El Viso al saber la muerte del padre y se arrodilla ante la cruz con flores del jardin. Es quien sostiene el desenlace."
"orinoquia-llanera-mestizo","david_gamboa","David Gamboa","personaje","1","","1","","Vaquero de Todos los Santos que cruza solo la sabana hacia el Hato Valbuena, enfrenta la luz arrastrando el machete y maldiciendo, y vuelve convertido en hombre de silencios. Es el testigo por el que se cuenta la pagina."
"orinoquia-llanera-mestizo","maria_de_los_angeles","Maria de los Angeles","personaje","1","","1","","Hija de don Antonio, mordida por una rabo de aji mientras juega con los patos carreteros; su enfermedad y su cura organizan el relato."
"orinoquia-llanera-mestizo","jose_amalio_el_catire","Catire Jose Amalio","personaje","1","","1","","Joven alto de ojos azules y sangre sajona entre los Salivas, conocedor de plantas desde el Orinoco. Cura al caballicero y despues a Maria de los Angeles en secreto. Descripcion fisica explicita, caso raro en el corpus."
"orinoquia-llanera-mestizo","don_antonio_heredia","Don Antonio Heredia","personaje","1","","1","","Dueno del mayor hato del lugar; su orgullo le impide llamar al indio y esa negativa es el conflicto del relato."
"orinoquia-llanera-mestizo","dona_juana","Dona Juana","personaje","1","","1","","Esposa de don Antonio: urde el plan, manda a Andres en secreto y hace posible la cura. Conduce el giro de la historia."
"orinoquia-llanera-mestizo","felipe_el_loco","Felipe el loco","personaje","1","","1","","Dueno del hato El Recuerdo, heredero de estirpe de libertadores, que se hace pasar por teniente de la chusma, amarra a los guates al palo de mango y al amanecer los recompensa con mulas y dinero."
"orinoquia-llanera-mestizo","ambrosio","Ambrosio","personaje","1","","1","","Alto y enjuto, viudo, dueno del lazo y del conuco a orillas del Quachiria. Cria a Carlos y Victoria, les arranca la promesa y muere de la tos que atribuyen a un cachicamo en el estomago."
"orinoquia-llanera-mestizo","carlos","Carlos","personaje","1","","1","","Queda huerfano a los diez anos, se vuelve el hombre de la casa, es reclamado por la guerrilla y devuelto, y muere enfrentando al verraco negro."
"orinoquia-llanera-mestizo","victoria","Victoria","personaje","1","","1","","Hermana que convierte la tierra en jardin, espera el caballo que vuelve solo y se entrega al rio Quachiria. La pagina la pone en escena sola en su decision final."
"orinoquia-llanera-mestizo","viajero_de_la_fabula","El viajero de la fabula","personaje","1","","1","","Saca del foso al mono, la pantera, la serpiente y al hombre, es traicionado, encarcelado y finalmente reivindicado ante el rey. Protagonista de toda la primera mitad de la pagina."
"orinoquia-llanera-mestizo","joyero_traidor","El joyero traidor","personaje","1","","1","","El hombre rescatado del foso que vende al viajero como asesino de la hija del rey. Su traicion es el motor moral del relato y su castigo el cierre."
"orinoquia-llanera-mestizo","padre_manare","Padre Manare","personaje","2","sombra_negra_de_plenilunio","1","","El jesuita que entierra el tesoro con dos peones y desaparece en el exilio. El estado aparte si se gana la hoja: en plenilunio los llaneros ven una sombra negra de religioso recorriendo la pampa, sin cuerpo que la proyecte. Su hoja cubre tambien al padre Dadey y a los jesuitas de El llano cobra sus deudas."
"orinoquia-llanera-mestizo","el_dominguez","El Dominguez","criatura","1","","1","si","Duende de piernas como alicate y apariencia humana que sale solo los domingos, toca tiple y bambucos y persigue muchachas. Panregional: es un duende, figura que reaparece en varios corpus de este censo, pero esta version es exclusivamente del monte llanero: sale de dia y no de noche, se define por el domingo, vive entre ceibas, macanos amarillos y guacamayos, y su falta no es trenzar caballos sino el acoso a las jovenes. El editor debe decidir si es variante regional de la ficha nacional del Duende o ficha propia."
"orinoquia-llanera-mestizo","bola_de_fuego_candileja","La Bola de Fuego o Candileja","criatura","2","mujer_de_cabellos_dorados_en_el_nucleo","1","si","Panregional: la Candileja aparece en varios corpus del censo. Lo llanero aqui es que cruza la sabana abierta rumbo a un hato en noche de fiestas patronales, que la contra no es el rezo sino la maldicion y el machete arrastrado, y que la biografia que se le da es la de Candelaria y don Esteban en las fiestas de San Pascual Bailon. El estado aparte es obligatorio porque el texto muestra dos siluetas: la esfera anaranjada que se enciende y se apaga, y la mujer de cabellos dorados que emerge del nucleo y hace gestos."
"orinoquia-llanera-mestizo","el_tirapiedra","El Tirapiedra","criatura","1","","1","","Aqui si tiene cuerpo, a diferencia de otras versiones: fue el estudiante de la Nacional al que llamaban el muerto, flaco, palido y de mirada perdida, apedreado por una multitud. Ahora arroja piedras invisibles en los caminos viejos. Una hoja fija esa delgadez espectral y la trayectoria de las piedras."
"orinoquia-llanera-mestizo","tres_damas_espectrales","Las tres damas de Paratebueno","criatura","2","calaveras_danzantes","1","","Tres mujeres que resplandecen en el Pollo de Oro, suben al carro y en plena carretera se revelan como calaveras danzantes. El estado cuesta hoja porque el texto pone en escena las dos siluetas y el cambio es el relato entero. No se marca panregional: la dama de la carretera es familia nacional, pero este trio nace de la rebelion liberal llanera y de los hermanos Parra."
"orinoquia-llanera-mestizo","mujer_de_ojos_de_miel","La bruja de los ojos de miel","criatura","1","","1","","Mujer elegante de tacones firmes sobre el barro y cabello color trigo seco bajo el aguacero, cuyo peso hunde el campero y cuyos ojos dejan una obsesion. La cara no se ve: la hoja debe fijar esa ocultacion como rasgo, no resolverla."
"orinoquia-llanera-mestizo","mojana_madre_rio","La Mojana o Madre Rio","criatura","2","mojana_de_cabellos_dorados","1","si","Panregional: es la hembra del Mohan y el Mohan tambien esta fichado en el corpus boyacense de este mismo censo. Lo del piedemonte llanero es que se aparece a pleno dia junto a una quebrada de ceibas, sale del camino de servidumbre y se presenta como campesina fuerte de cabello castano recogido y diente de oro, con botella de aguardiente. El segundo estado es la Mojana caribena que Pascual describe: cabellos dorados, ojos de oceano, casa sumergida de piedra. Dos siluetas incompatibles en la misma pagina, dos hojas."
"orinoquia-llanera-mestizo","patorreal_toro_negro","El toro negro Patorreal","criatura","1","","1","","Toro negro como la noche que nace de la tierra donde yace el Catire, escarba junto a la tumba y hace remolinear el ganado en estampida. Es el titulo de la pagina y nadie lo domina."
"orinoquia-llanera-mestizo","verraco_negro","El verraco negro","criatura","1","","1","","Bestia salida como de un sueno ancestral que aterroriza los caminos y mata a Carlos en un duelo. No es la piara domestica: es un animal unico y monstruoso, y sin el no hay desenlace."
"orinoquia-llanera-mestizo","tres_luceros","Los tres luceros","fenomeno","1","","2","","Tres luces que brillan juntas bajo el manto nocturno como las almas de Ambrosio, Carlos y Victoria. La misma regla grafica resuelve el cierre estelar de Leal hasta la muerte, donde los espiritus del cazador y su perro se elevan al firmamento: solo cambia el numero."
"orinoquia-llanera-mestizo","tormenta_y_aguacero_llanero","Tormenta y aguacero llanero","fenomeno","1","","5","","No es decorado: la lluvia es la condicion de aparicion en dos de las tres apariciones motorizadas y el aguacero es lo que revela a la bruja, cuyo cabello permanece seco. Regla de agua, viento y barro que cinco relatos necesitan."
"orinoquia-llanera-mestizo","diluvio_chiricoa","El diluvio chiricoa","fenomeno","1","","1","","Mito injertado dentro de la pagina: las cruces que la garza talla en el agua, la inundacion y las dos familias que ascienden en totumos que crecen con la marea. Es un acto propio con imagen propia, y su hoja incluye a las familias y los totumos."
"orinoquia-llanera-mestizo","caballo_llanero","Caballo llanero con silla","animal","1","","5","","Montura de trabajo y de camino; en Los tres luceros vuelve solo con la noticia de la muerte de Carlos. La silla llanera y el lazo son parte de esta hoja."
"orinoquia-llanera-mestizo","mula_y_burro_de_carga","Mula y burro de carga","animal","1","","3","","Las mulas con que Felipe recompensa a los guates, las bestias cargadas de los propios guates, la mula que Piriachi busca al dia siguiente y el burrito gocho de Saul nino. Cuerpo distinto del caballo de silla y del ganado."
"orinoquia-llanera-mestizo","culebra_cascabel","Culebra cascabel","animal","1","","2","","Duena silenciosa de la cueva, muerde a la perrita y desencadena la venganza con dinamita. Su hoja cubre tambien la cuatronarices y la rabo de aji de Los delfines dorados: el texto no distingue sus cuerpos, solo su veneno."
"orinoquia-llanera-mestizo","encuentro_perro","Encuentro, el perro","animal","1","","3","","El perro del cazador Vicente, paradigma de devocion mas alla de la muerte, da titulo a la pagina. La hoja cubre tambien a la perrita mordida por la cascabel y a los perros que aullan ante la Bola de Fuego."
"orinoquia-llanera-mestizo","jaguar","El jaguar","animal","1","","1","","Mata a Casanari y con eso quiebra la cosmogonia: sin el no hay llanto, lagunas ni dispersion del linaje. Conduce la accion aunque aparezca una sola vez."
"orinoquia-llanera-mestizo","garza_blanca_del_diluvio","La garza blanca","animal","1","","2","","Llega a la lagunita y talla cruces en el agua con el pico antes de que se desate el diluvio: actua y anuncia. No la cubre la bandada, y su pluma es ademas el articulo de exportacion que nombra El llano cobra sus deudas."
"orinoquia-llanera-mestizo","mariposas_del_llano","Mariposas amarillas del llano","animal","1","","3","","Las mariposas amarillas que acompanan el llanto de Saul, la que se detiene junto a la quebrada antes de la Mojana, y las brujas que regresan convertidas en mariposas sobre el agua sagrada. Tres relatos y una transformacion: una sola hoja."
"orinoquia-llanera-mestizo","comunidad_llanera","Comunidad llanera","colectivo","1","","10","","Gramatica de grupo con tres registros que el corpus exige: llanero de trabajo, familia campesina y visitante de pueblo o ciudad. Absorbe una docena de nombrados sin cuerpo propio (Rosendo, dona Rosario, Julio Pineda, Enrique Parra, el taita, el medico, la comitiva de la Expedicion Botanica) y evita otras tantas hojas de una sola linea."
"orinoquia-llanera-mestizo","peonada_del_hato","Peonada del hato","colectivo","1","","5","","Los dos peones que cavan la boveda, los peones que sienten erizarse el pelo ante Patorreal, Andres que corre a buscar al curandero, los hombres que Felipe manda amarrar. Vestuario de faena y herramienta: no lo cubre la comunidad."
"orinoquia-llanera-mestizo","ninos_del_llano","Ninos del llano","colectivo","1","","5","","Los hijos que mueren de hambre sobre el oro, Carlos y Victoria de tres y ocho anos, el nino que mata la piedra perdida, la mona de dieciseis, los ninos que la Mojana se lleva del agua. Cinco relatos, y es lo que evita duplicar cada personaje en version infantil."
"orinoquia-llanera-mestizo","guates_campesinos_de_tierra_fria","Los guates","colectivo","1","","1","","Campesinos de tierras frias que bajan al llano con sus bestias cargadas de productos. Son visualmente otra cosa que el llanero, y el relato entero se sostiene en esa diferencia: son ellos los amarrados al palo de mango."
"orinoquia-llanera-mestizo","brujas_de_la_vereda_del_carmen","Las brujas de la Vereda del Carmen","colectivo","1","","1","","Se posan sobre los techos con siseo de veinte gallinas, ocupan casas y espantan a los moradores. Mercedes, que finge dolencia mortal, y la bruja mayor de porte de morena son miembros de este grupo y no piden hoja aparte; su transformacion en mariposas la resuelve la hoja de mariposas."
"orinoquia-llanera-mestizo","aves_del_llano","Aves del llano","colectivo","1","","4","","Alcaravanes, guereres, patos, garzones, aguilas enmascaradas, aves de rapina y patos carreteros. Son el termometro del paisaje en El llano ayer y hoy, donde la bandada de antes se opone al cielo de carronieras."
"orinoquia-llanera-mestizo","ganado_llanero","Ganado llanero","colectivo","1","","6","","Reses que bojean, vacas lecheras, toros criollos en lucha y toros de lidia traidos para enfrentar depredadores. Cubre tambien al toro barroso que mata al Catire y a los diez toros con que se paga al brujo."
"orinoquia-llanera-mestizo","piara_de_cerdos","La marranera","colectivo","1","","1","","La piara que Saul pastorea con zurriago, que lo persigue como sombra, que se come su almuerzo y que muere entera en la explosion. Es el antagonista comico y el precio del chiste."
"orinoquia-llanera-mestizo","mono_pantera_y_serpiente_de_la_fabula","Mono, pantera y serpiente de la fabula","colectivo","1","","1","","Los tres animales agradecidos que salen del foso, advierten al viajero y despues lo salvan con frutos, joyas y una mordedura calculada. Actuan como personajes, pero comparten funcion y registro de ilustracion de fabula: una hoja de grupo, no tres."
"orinoquia-llanera-mestizo","corte_del_rey_de_la_fabula","La corte del rey de la fabula","colectivo","1","","1","","El rey, el principe mordido, los sabios del reino y la hija muerta. Cast del desenlace de la fabula, en un mundo que no es el llanero."
"orinoquia-llanera-mestizo","esmeralda_creadora","La esmeralda creadora","objeto","1","","1","","La gema que el dios de las alturas concede y que, al estallar contra las arenas, crea sabanas, rios, palmeras y bosques. Es literalmente el objeto por el que se cuenta el relato."
"orinoquia-llanera-mestizo","tesoro_enterrado_llanero","Tesoro enterrado","objeto","1","","4","","La botija de morrocotas en el muro, las cajas con vasos sagrados y lingotes de la boveda, los caucos de monedas enterrados en La Rubiera y los tesoros del subsuelo que Tarsicio dice haber desbloqueado. Cuatro relatos con el mismo cuerpo: oro amonedado y cofres."
"orinoquia-llanera-mestizo","vehiculo_de_carretera","Campero de carretera","objeto","1","","2","","El viejo campero Viasa que se inclina bajo un peso imposible y el carro que lleva a los tres amigos hacia Paratebueno. Prop moderno que dos apariciones necesitan para existir."
"orinoquia-llanera-mestizo","plantas_medicinales_del_curandero","Plantas y preparados del curandero","planta","1","","5","","Leche de higueron, jabon y brandy de Piriachi; plantas y raices que Jose Amalio reune con el brasero; las hierbas amargas que Pascual receta; ruda y albahaca del Dominguez. Ninguna se nombra por especie identificable, y eso debe quedar escrito en la hoja: se fija un conjunto deliberadamente generico."
"orinoquia-llanera-mestizo","arbol_monumental_del_llano","Arbol monumental del llano","planta","1","","5","","Ceibas, macanos amarillos, guacamayos, la ceiba de Tutuman, las ceibas colosales de la quebrada, el matapalo ancestral bajo el que se cuentan las historias y las palmas que bordean los rios. Cinco relatos apoyan su escena en un arbol gigante."
"orinoquia-llanera-mestizo","conuco_y_cultivos","Conuco y cultivos","planta","1","","4","","Platano, maiz y yuca en las sementeras de Ambrosio; algodon y cafe del resguardo de Tamara; cafetales de la infancia; guaduales y maizales de Paz de Ariporo. Una hoja botanica de cultivo para todo el corpus."
"orinoquia-llanera-mestizo","hoja_utileria_armas_y_faenas","hoja_utileria_armas_y_faenas","objeto (hoja de agrupación)","1","","5","","Cinco objetos menores de faena y violencia que ninguna hoja de identidad necesita por separado."
"orinoquia-llanera-mestizo","hoja_utileria_fiesta_y_casa","hoja_utileria_fiesta_y_casa","objeto (hoja de agrupación)","1","","5","","Utileria de parranda y de vivienda. Aqui queda registrado que el corpus no tiene arpa ni cuatro."
"orinoquia-llanera-mestizo","hoja_utileria_comercio_y_monte","hoja_utileria_comercio_y_monte","objeto (hoja de agrupación)","1","","5","","Objetos de comercio, monte y cura que aparecen una sola vez cada uno."
"pacifico-sur-mestizo","chiles_y_cumbal","Chiles y Cumbal, el macho de fuego y la mama de agua","deidad_fuerza","2","Chiles: macho de fuego, piedra negra, corazón caliente, resuello de azufre | Cumbal: mama de agua, hembra de laguna y neblina, con el último brillo de hielo","1","","Una ficha con dos hojas porque son un par indisoluble que actúa junto: se acercan 'por dentro, por las venas de la montaña', paren la primera laguna y el primer trueno, y dejan el mandato. Dos siluetas opuestas por diseño (fuego/agua, macho/hembra), no un estado de ánimo."
"pacifico-sur-mestizo","taita_galeras","Taita Galeras (Urcunina)","deidad_fuerza","1","","1","","Abuelo sentado antes que la ciudad, con ruana de neblina y sombrero de ceniza, que guarda cuatro ojos de agua en el pecho 'que no reflejaban la cara sino la intención'. Habla sin palabras, presta la ruana al respetuoso y le cambia los caminos al ruidoso. Absorbe la columna de humo que se levanta 'derecho, como dedo de maestro' y la ceniza que cae 'como talco oscuro sobre los techos'."
"pacifico-sur-mestizo","guagua_rayo","Guagua Rayo","criatura","2","bultico envuelto en manta, quieto en la zanja | destapado: cara de cera, ojos que alumbran, dientes, deslizándose como relámpago pegado a la tierra","1","","El relato muestra los dos y el cambio es la escena central: se deja alzar como bulto, crece de peso 'como si le metieran piedras calientes en la manta', y entonces la manta se abre sola y habla con voz de niño y de trueno. Absorbe el olor a azufre con que se deshace y la manta."
"pacifico-sur-mestizo","diablo_chivo_rumichaca","El Diablo Chivo de Rumichaca","criatura","1","","1","si","Negro como carbón de fogón, cuernos torcidos como ganchos de herrero, ojos de brasa, pasos que suenan a herradura sobre roca, y en la frente una marca 'como sello de aduana, pero hecho con fuego'. Solo asoma la cabeza, 'como si el puente lo tuviera amarrado'. PANREGIONAL verificado: el diablo aparece en 11 de los catorce volcados. Lo propio de este es que es diablo de frontera y de trámite: no compra con plata sino con palabra, ofrece paso sin papeles y cobra la sombra, es decir el regreso."
"pacifico-sur-mestizo","forastero_y_mujer_de_linaje","El forastero de ojos de espejo y la mujer de linaje","personaje","1","","1","","Una hoja con los dos porque no se separan en ninguna escena: piden agua de puerta en puerta, engañan al niño con pan, se acuestan junto al potrero y vuelcan la totuma. Él engaña —'Si me das tu risa, te doy un camino sin cansancio'— y ella cede; el tábano le pica la lengua a él y de su boca sale el agua que hunde el valle."
"pacifico-sur-mestizo","totuma_negra","La Totuma negra (el pilche del taita)","objeto","1","","1","","Objeto por el que se cuenta el relato y que le da título: un pilche viejo que no es para tomar chicha 'sino para medir la palabra'. Se presta con una condición ('devuélvanla llena y callada'), se inclina por burla y el chorro no cae al suelo sino al aire. Absorbe el pan con que engañan al niño."
"pacifico-sur-mestizo","el_tabano","El tábano","animal","1","","1","","Conduce el clímax: 'apareció el tábano, el mismo que ronda cuando el corazón se desordena. Picó al forastero en la lengua', y esa picadura abre la boca por donde se desborda el lago. Aparece antes como imagen del deseo ('el deseo le hacía cosquillas como tábano... no pica por maldad: pica para que uno se acuerde que tiene sangre'). Un insecto con función de juez merece hoja."
"pacifico-sur-mestizo","artesanos_de_pasto","Artesanos de Pasto: el enmascarado y la recolectora de colores","colectivo","1","","1","","Los dos oficios que suben al páramo y responden al Taita: el muchacho que hace máscaras para las fiestas y se pinta la cara mitad negra mitad blanca, y la mujer recolectora de colores 'de esos que luego se vuelven barniz fino en manos de artesano', que promete que cada lámina de resina lleve un recuerdo del agua. Gente con oficio, dibujada trabajando. Absorbe las máscaras, la pintura del carnaval, la resina mopa-mopa, y los 'diablos danzantes' de la versión de Obonuco, que son el mismo enmascarado en fila."
"pacifico-sur-mestizo","paramo_narinense","Páramo nariñense: frailejones, pajonales y ojos de agua","paisaje","1","","2","","Escenario del acto en dos relatos: el silencio tan frío 'que hasta el agua dudaba en nacer' del Nudo de los Pastos, y el borde 'donde el páramo se vuelve oración' del Galeras. Absorbe los frailejones y pajonales peinados por el viento, la primera laguna que pare Cumbal, y los cuatro espejos del Taita (Telpis, la Negra, la Verde y Mejía), que son lagunas de páramo y no cuatro escenarios."
"pacifico-sur-mestizo","canon_del_guaitara","Cañón del Guáitara: trocha encajonada y puente","paisaje","2","encajonado y con neblina, la trocha resbalosa | en tormenta: el cielo abierto como costal viejo y el rayo tanteando caminos","2","","Dos relatos lo usan como escenario y la tormenta le cambia la silueta entera, así que cuesta hoja: 'hay noches en que el cielo se abre como costal viejo y el rayo baja a tantear caminos', entre las doce y las tres. Absorbe la zanja con lodo, la cuneta, el puente que 'se alarga' de la versión 3, y la casa campesina de patio y corredor donde titilan las bombillas en la versión 4."
"pacifico-sur-mestizo","laguna_la_cocha_y_la_corota","La Cocha y la Isla de La Corota","paisaje","2","superficie: la isla como caparazón de tortuga entre totorales y bruma | el valle sumergido: caminos de piedra, fogones apagados y casas bajo el agua","1","","Escenario del acto y no intercambiable con ninguna laguna de páramo: es un lago con isla, totoral y un pueblo debajo. El segundo estado lo sostienen el relato ('las casas se hundieron, los caminos se apagaron') y la versión 2 ('bajo La Cocha quedaron ciudades'). Absorbe los totorales —'la totora es oreja del agua', y el taita baja con ella en las manos—, la campana de piedra del fondo, y la bruma que aquí 'no es neblina: es guardiana'."
"pacifico-sur-mestizo","puente_de_rumichaca","El puente de Rumichaca","arquitectura","1","","1","","Escenario del acto: de día trámite, sellos, filas, buses y camiones; de noche 'el puente deja de ser puente y se vuelve garganta'. Absorbe las casas de aduana, las fosas de agua caliente donde vive el Diablo Chivo ('vive donde el agua sale tibia, justo en las fosas escondidas'), las gradas por donde se baja, y el puente doble de la versión 2."
"pacifico-sur-mestizo","buziraco","Buziraco","deidad_fuerza","2","sombra que se queda pegada a las esquinas 'como si fuera brea', raíz y grieta del cerro | murciélago","1","","Dueño de territorio, no diablo de catecismo: 'no se fue: se recogió. Se hizo raíz. Se hizo grieta'. Dos hojas porque la versión del espejo declara que no tiene forma fija y nombra las dos siluetas que sí son dibujables ('a veces es murciélago, a veces sombra'); el 'simple impulso' no se ficha. Verificado por grep: Buziraco solo aparece en este volcado de los catorce, así que no va marcado panregional."
"pacifico-sur-mestizo","cerro_de_las_tres_cruces","El Cerro de las Tres Cruces","lugar","1","","1","","Escenario del acto y personaje a medias: 'no es solo loma: es oreja y es boca', se oscurece antes de tiempo cuando la ciudad anda brava, y mira el valle. Absorbe la vista de Cali desde arriba, que es lo que el cerro tiene enfrente."
"pacifico-sur-mestizo","las_tres_cruces","Las tres cruces del cerro","objeto","2","de guadua: livianas 'como esperanza y tercas como mula', en pie y luego caídas | de ferroconcreto: pesadas, tercas, hechas para durar","1","","Objeto por el que se cuenta el relato. Los dos materiales son la trama entera —la madera se pudre y el miedo no— y cambian la silueta de arriba abajo. Absorbe el sismo, que en escena solo existe como las cruces cayendo."
"pacifico-sur-mestizo","duende_peluquero","El Duende Peluquero","criatura","1","","1","si","Chiquito, con sombrerito de hojas y dos ojos brillantes 'como botones mojados', habla sin mover la boca y se aparece en vez de correr. PANREGIONAL verificado: el duende aparece en 7 de los catorce volcados. Lo propio del vallecaucano es el oficio: huele el cabello 'como quien huele panela recién hecha', trenza de madrugada con un nudo final que parece mordisco, y guarda un peine de madera de dientes finos. Absorbe el peine, que aparece clavado en la arena al final, y las crines trenzadas de los caballos de la versión 1."
"pacifico-sur-mestizo","muchacha_de_la_trenza","La muchacha de la trenza","personaje","2","con la trenza larga que suena contra la espalda 'como cuerda de guitarra' | trasquilada: el pelo en el suelo y el aire limpio","1","","El relato entero es su silueta y cómo la pierde: la trenza se le aprieta sola, se le hace pesada 'como si el cabello fuera soga', y ella se sienta, cierra los ojos y pide tijeras. Los dos estados son obligatorios y no hay tercero."
"pacifico-sur-mestizo","hada_de_los_canaverales","El Hada de los Cañaverales","criatura","2","menudita, vestido de hojas de caña o neblina con punticos de luz, pelo de hilos de bagazo y ceniza | la del humedal: más alta y verde, en la orilla del agua","1","","No pisa: se desliza sobre el rastrojo sin quebrar una hoja. El segundo estado lo declara la versión 4 ('cerca de una laguna o madrevieja, el Hada se vuelve más alta y verde') y cambia escala y color. Absorbe las luciérnagas de su vestido y la gota de rocío 'tan grande como una uva' que deja entre dos surcos. NO panregional: aunque las research_notes la diseñan por contraste con Madremonte, Patasola y Llorona, la entidad es nueva y propia del cañaduzal, y ninguna de esas tres aparece en el corpus."
"pacifico-sur-mestizo","patron_del_ingenio","El patrón altanero","personaje","1","","1","","Castiga y es castigado: manda quemar un lote entero 'por pura prisa, sin avisar, sin mirar el viento', se ríe del misterio porque 'el que se cree dueño de la tierra se ríe hasta del misterio', y queda con los ojos llorosos cada vez que miente. Es el antagonista de clase del bloque cañero y no se funde con el joven que va a probar: su poder es lo que lo dibuja."
"pacifico-sur-mestizo","corteros_de_cana","Corteros de caña y gente de vereda","colectivo","1","","3","","La población trabajadora del Valle, dibujada en su oficio: el que 'saluda al amanecer y respeta el filo del machete', los corteros que comparten agua y comida en la versión 2, los vecinos que suben con mercado y sal por la vereda Chontaduro, la mamá y la prima del corredor de Yotoco. Absorbe el machete, la cantimplora, la carga de mercado, y al constructor de la pirámide, que levanta piedras 'con paciencia de hormiga' pero no recibe rostro."
"pacifico-sur-mestizo","canaduzal","Cañaduzal del Valle","paisaje","2","verde: la caña alta que 'hace techo, hace pared', surcos rectos y viento | quemado: humareda que tapa el cielo, ceniza y el lote ardiendo","3","","Escenario del acto en tres relatos. La quema cuesta hoja porque cambia el paisaje entero y es el mecanismo del castigo ('el humo se fue pa las casas y la gente tosía como si tuviera arena en el pecho'). Absorbe las acequias y los caminos rectos entre surcos, los Farallones colgados al fondo con la luna, y el trapiche y el ingenio, que solo existen en la Historia del Hada como contexto del paisaje y nunca entran en escena. Si el editor quiere el trapiche en cámara, hay que subirlo a ficha propia."
"pacifico-sur-mestizo","rio_cauca_y_su_playon","El río Cauca, su playón y el guadual","paisaje","1","","2","","El límite mayor del bloque vallecaucano: 'el agua grande se traga lo que uno no entiende', el playón que hay que cruzar, y el río que 'respira bajito' bajo la luna. Absorbe el guadual y las guaduas —que también bordean el cañaduzal y la vereda Chontaduro— y la madrevieja o humedal de la versión 4 del Hada, que es un meandro viejo del mismo río."
"pacifico-sur-mestizo","sombra_con_manos_de_azucar","La sombra con manos de azúcar","criatura","1","","1","","Se mueve en el centro del patio donde no hay nadie: 'manos que no tenían piel sino brillo, y que estiraban hilos invisibles para amarrar ringletes, para levantar animalitos dulces'. Absorbe la voz bajita de mujer que da instrucciones de oficio ('no lo deje quemar', 'revuelva', 'amárrelo bien'), que es la misma presencia sin cuerpo aparte, y las macetas de alfeñique, los ringletes y los animalitos dulces que fabrica."
"pacifico-sur-mestizo","casa_de_la_tradicion","La Casa de la Tradición","arquitectura","1","","1","","Escenario del acto y sujeto a la vez: casona de zaguán con puerta doble, patio de piedras de río, madera vieja y teja. 'No se construyó con ladrillo sino con promesas'. Absorbe el barrio San Antonio de calles empinadas, que se lee desde la casa pero nunca entra en escena, y la señal de advertencia: el olor a naranja quemada y la luz que se vuelve amarilla."
"pacifico-sur-mestizo","piramide_del_chontaduro","La Pirámide del Chontaduro","arquitectura","1","","1","","Objeto y escenario a la vez: una punta de piedra plantada en el monte 'mirando al valle con una media luna en la frente', que respira despacio y llama si uno la mira fijo. Absorbe las inscripciones de agradecimiento en lenguas que nadie del caserío habla y el remate de media luna o cuarzo."
"pacifico-sur-mestizo","palma_de_chontaduro","La palma de chontaduro y sus racimos","planta","1","","1","","Da nombre a la vereda y al relato, y es la medida del respeto: la pirámide 'respira como respira una palma de chontaduro cuando la cargan de racimos', se oyen pepas 'cayendo sin caer', y quien llega con un racimo para compartir recibe claridad. Absorbe las pepas y el racimo."
"pacifico-sur-mestizo","catalina_la_napanga","Catalina la Ñapanga","personaje","1","","1","","Trenza larga, falda que roza el empedrado, 'una mirada que no pedía permiso', canasto al brazo. Conduce toda la acción: prende la brasa, abre la calle en espejos, ata el hilo a la piedra y hace caminar tres vueltas alrededor del humo. Trabaja de lo que toque —borda, vende dulces, ayuda en pulperías—: mujer con oficio, no bruja de estampa."
"pacifico-sur-mestizo","la_deuda","La Deuda","criatura","1","","1","","'Una mujer vestida de negro, sin cara, solo con un olor a cera apagada'. Aparece cuando el humo se abre como cortina, sopla al oído y deja la lengua pesada. No se funde con la mujer de mantilla del Roble: aquella impone una promesa, esta cobra la que no se cumplió."
"pacifico-sur-mestizo","sahumerio_y_canasto","El sahumerio y el canasto de hierbas","objeto","1","","1","","La herramienta con la que trabaja Catalina y el motor de la escena: pone el canasto en el suelo, prende una brasa y 'deja que el humo subiera despacio, como sube una confesión'. Absorbe las hierbas nombradas —ruda, albahaca, arrayán y la flor blanca que solo abre cuando la campana llama a silencio— y el humo espeso de la versión 2."
"pacifico-sur-mestizo","calle_colonial_payanesa","Calle colonial payanesa: casas blancas, empedrado y Torre del Reloj","arquitectura","1","","2","","Escenario del acto en dos relatos: la Calle 5 que 'suena como si la ciudad respirara por las rendijas', la esquina donde el convento guarda su sombra más larga, el borde del Parque Caldas. Absorbe la Torre del Reloj —'mira a la plaza como nariz curiosa' y da una hora que no existe—, el Parque Caldas, la fachada del convento y el efecto de las paredes blancas vueltas espejo, que ocurre sobre esta misma superficie."
"pacifico-sur-mestizo","vecindario_del_pacifico_sur","Vecindario mestizo: la gente de la plaza y la del barrio","colectivo","2","Popayán colonial: el cortejo de lustrabotas y aguateros con el ataúd, y la multitud de las procesiones de Semana Mayor | Cali de barrio: los que suben el cerro con cruces al hombro y los que en junio llevan agua, papel y cuerda","4","","Dos hojas para dos ciudades y dos épocas que no se pueden vestir igual. Los cargadores del Roble 'no eran soldados ni frailes; eran lustrabotas, aguateros': gente con oficio, y así se dibujan. Absorbe al pretendiente de apellido grande de Catalina —que sale de esta misma población y se distingue por sombrero y ropa, no por cuerpo nuevo—, al padre de voz serena que manda levantar las cruces de ferroconcreto, y a los que subieron con las tres cruces de guadua."
"pacifico-sur-mestizo","caballero_de_la_triste_figura","El Caballero de la Triste Figura","personaje","1","","1","","Aparece como sombra bajo el roble: 'larga, flaca, con paciencia de caminante', con pasos de caballo donde no hay caballo y una voz que pregunta por gigantes. Absorbe la carabela sin mar que lo trae por la neblina 'como si la neblina fuera camino real', que es su vehículo y solo aparece en esa entrada."
"pacifico-sur-mestizo","roble_del_parque_caldas","El roble viejo","planta","1","","1","","Objeto por el que se cuenta el relato y que le da título: un roble de raíz honda bajo el que entierran el ataúd y que al amanecer tiene 'una sombra nueva'. Cruje como si hablara cuando la ciudad se llena de prisa, y en la versión 1 su sombra se alarga hacia la Torre cuando la ciudad miente."
"pacifico-sur-mestizo","mujer_de_mantilla","La mujer de mantilla","personaje","1","","1","","'Una mujer de mantilla que no dejaba ver su cara'; es quien habla por el muerto y fija el pacto: que Popayán no venda su memoria por monedas rápidas. Se ficha aparte de La Deuda a propósito: comparten el negro y el rostro oculto, pero una es doliente y la otra es cobradora. El editor debe separarlas por gesto y tela, no dejarlas salir iguales."
"pacifico-sur-mestizo","caballo_del_morro","El caballo del Morro","criatura","2","con jinete: el conjunto ecuestre de bronce sobre el pedestal | pedestal vacío: el caballo solo, 'como pregunta'","1","","Objeto por el que se cuenta el relato y agente: resuella con aliento que huele a barro de tumba, relincha 'como si en la garganta llevara un canto viejo de otro mundo', patea el aire y marca el suelo con una herradura invisible. Los dos estados los declara la Historia ('el pedestal vacío y las disputas por su significado reforzaron el mito: si el jinete cae, el caballo queda como pregunta'). Absorbe al jinete, que no se mueve y solo mira al valle."
"pacifico-sur-mestizo","morro_de_tulcan","El Morro de Tulcán","lugar","1","","1","","Escenario del acto: 'mirador y herida', una elevación prehispánica con un monumento colonial encima, envuelta en neblina que 'se baja como un pañolón sobre los tejados'. Se dibuja el cerro, el pedestal y la ciudad abajo. No se dibuja lo que guarda adentro: ver la exclusión de los entierros."
"pacifico-sur-mestizo","riviel","El Riviel","criatura","1","","1","","'Un hombrecito oscuro, sin cara clara, como sombra amarrada a sal', de pie en una mochita pegada a la ola, con una lámpara en la proa 'que no alumbraba para ver, sino para perder', remando con algo que parece cruz 'pero no cruz de iglesia: cruz de castigo'. Absorbe la mochita y la luz verde y fría que avanza sobre el agua como camino, incluidas las luces de los tobillos de la versión del baile. PANREGIONAL NO, y esto corrige el encargo: grepeé los catorce volcados y 'Riviel' solo sale en pacifico-sur-mestizo. FLAG: editorial/afrocolombianos/ lo reescribe como 'El Riviel y la mochita' en Buenaventura y lo pasa a la biblia afro."
"pacifico-sur-mestizo","rosario_y_la_cuenta_caliente","El rosario y la cuenta caliente","objeto","1","","1","","Objeto por el que se cuenta el relato y que le da título: se carga al cuello por costumbre y no por fe, se bota al agua con rabia —'cayó y no hizo chapoteo: hizo silencio'— y vuelve como una sola cuenta 'calentica, como si hubiera pasado por fuego'. FLAG GRAVE: el módulo editorial elimina el rosario por completo ('el rosario, la burla a mayores, un castigo religioso y el pescador individual pertenecían a la expansión heredada'). Si se aplica, esta ficha deja de tener texto que la sostenga."
"pacifico-sur-mestizo","padre_mera","El Padre Mera","personaje","1","","1","","La silueta más fuerte del corpus: hombre pequeño y enjuto, de negro perpetuo, con chaleco mortecino, que sale por las tardes llamando a la oración con un látigo, duerme sobre balsa y del que se dice que no tenía pies. Aunque la página es solo-content y no tendrá guion ni video, la entidad alimenta la biblia. Absorbe el látigo, las semillas benditas que nunca se secan, el Señor del Mar —la imagen de Jesús maniatado como Ecce Homo que los pescadores hallaron en el fondo— y el Cristo crucificado que derrama sangre, que son imágenes devocionales de la misma familia y escala."
"pacifico-sur-mestizo","litoral_narinense","Litoral nariñense: bocana, manglar, estero y caserío","paisaje","1","","2","","Escenario del acto en dos páginas y no intercambiable con nada andino: el mar negro sin estrellas, las bocanas y esteros donde el agua dulce y la salada se mezclan, el manglar, y el pueblo costero 'donde el rumor del mar se confunde con los susurros del follaje'. Absorbe la canoa de un solo tronco del pescador, y la ola —el Día de la Ola de 1906 y el maremoto de 1979— que se dibuja como estado del mismo paisaje, no como ficha aparte."
"pacifico-sur-mestizo","el_que_va_a_probar","El que va a probar","personaje","3","Valle urbano: el valentón con linterna y risa que entra a grabar | Nariño de camino: el chumado con ruana, farol y caballo resbaloso | litoral: el pescador con atarraya que se ríe de las oraciones","6","","Dedupe mayor: seis relatos ponen a la misma figura —el que entra a burlarse y sale castigado— y el encargo pide separar los paisajes, así que son tres estados y no seis fichas ni uno solo. Absorbe al muchacho de Ipiales que apuesta en la última grada, al codicioso que sube a la pirámide buscando tesoro, al que se burla del cerro, la ruana, el sombrero, el caballo de arriería con chispas azules en las herraduras, y la sombra desprendida 'como barro seco' con el reflejo que sale tarde, que es lo que le queda encima al de Rumichaca."
"pacifico-sur-mestizo","mayor_que_interpreta","El mayor que interpreta y desamarra","personaje","3","Valle: el viejo barbero de Buga, con tijeras y silla | Nariño: la abuela del bastón y el viejo intérprete del monte, en el borde del páramo | litoral: los mayores de la orilla con tambor y voz fuerte","3","","El contrapeso del anterior, y también en tres paisajes: el barbero que diagnostica ('no es a usted a quien quiere. Es a lo que usted carga') y la rezandera de la versión 4; la abuela que clava el bastón y deja la advertencia, junto al intérprete que dice 'el Taita está llamando a cuentas'; y los viejos de la orilla que salen con tambor a gritar los nombres de lo que defiende al pescador. Absorbe la marimba y los tambores del litoral, y las tijeras quedan en la hoja de utilería."
"pacifico-sur-mestizo","neblina_andina","La neblina","fenomeno","1","","7","","Siete relatos, y en casi todos tiene oficio y no es clima: 'se baja como un pañolón sobre los tejados', 'se amarra al cañón como ruana mojada', es el camino real por donde llega la carabela, es la ruana que el Taita presta, y en La Cocha 'la neblina no es neblina: es guardiana'. Una hoja con su comportamiento, porque toda la biblia la va a pedir."
"pacifico-sur-mestizo","hoja_utileria_popayan_colonial","hoja_utileria_popayan_colonial","objeto (hoja de agrupación)","1","","5","","Props de mano de las tres páginas payanesas. El hilo rojo y la piedra son el centro del rito de Catalina y aun así son objetos de escala menor: la cámara los necesita en primer plano, no como escenario."
"pacifico-sur-mestizo","hoja_utileria_armas_y_luces","hoja_utileria_armas_y_luces","objeto (hoja de agrupación)","1","","5","","Las tres piezas quijotescas que quedan sobre la tumba, más los dos objetos de mano que resuelven escenas en el Valle y en Nariño. El farol cubre también la linterna del valentón y la lucecita de la versión 1 del Hada."
"pacifico-sur-mestizo","hoja_utileria_oficio_y_ofrenda","hoja_utileria_oficio_y_ofrenda","objeto (hoja de agrupación)","1","","5","","Los cuatro aparejos que los mayores gritan por su nombre en la orilla —'¡Atarraya! ¡Arpón! ¡Anzuelo! ¡Chinchorro!'— son literalmente un inventario de utilería que el relato enumera, y cierran con la ofrenda de miel y sal del chontaduro."
"pananes","duende_de_panan","El duende de Panán","criatura","2","forma_de_nino_del_sector","2","","Alegre y travieso, viste los colores de las plantas del lugar —rojo, verde, amarillo o negro—, toca cuerdas, ronda quebradas y chorreras, enamora, trenza crines y aparece en la Cangagua. Dos hojas porque el corpus registra además una forma distinta y documentada: se convierte en un niño del sector junto a las alcantarillas, y eso es otro cuerpo, no otro ánimo."
"pananes","chutun","El Chutún","criatura","1","","1","","Espíritu cuidador de la chagra que habita el checher, permite comer sin destruir y se deja ver como un animal de aspecto desagradable para apartar al agresor. Conduce la única acción del relato. Una sola hoja, que debe fijar una silueta pequeña de guardián y la variante de animal desagradable SIN asignar especie zoológica: la fuente advierte expresamente que no se añade una."
"pananes","la_vieja","La Vieja","criatura","1","","1","","Pobre, muy delgada, jorobada, con follones oscuros y pañolón, cabello enredado, sombrero bajo y los pechos echados al hombro. Sale a quienes vuelven borrachos, los entunda y los deja en pantanos. Es la figura mejor descrita del corpus."
"pananes","la_viuda","La Viuda","criatura","1","","1","","Joven hermosa que toma la ropa de la mujer en quien el hombre piensa, se deja ver sólo por él, lo atrae hacia una chorrera o un río, nunca muestra el rostro y tiene ojos como carbones o rayos. Cuerpo y regla de aparición propios."
"pananes","el_anima","El Ánima","criatura","1","","1","","Alta, delgada, vestida de blanco, se mueve lentamente por el aire y su rostro es una calavera o queda cubierto por cabellos largos y blancos. El corpus insiste en que las tres figuras no son fases de una misma mujer: tres hojas, no una."
"pananes","dragon_de_tres_cabezas_de_la_tuta","El dragón de tres cabezas de La Tuta","criatura","1","","1","","Vive en La Tuta y reúne a los tres caciques; la investigación lo presenta como imagen de los tres y como origen de los Pananes. Es la entidad fundacional del corpus. Guardarraíl declarado en el canon: no se representa como criatura europea realista."
"pananes","colectivo_comuneros_de_panan","Comuneras y comuneros de Panán","colectivo","2","epoca_de_hacienda_y_frontera","15","","Gramática de grupo que sostiene todas las figuras humanas sin nombre: lavanderas en quebradas y chorreras, jinetes, niños, mayores que recorren el territorio, buscadores de huaca que cavan de a dos, mujeres que se cubren la cabeza y trazan la cruz, quien se tiende boca abajo en forma de cruz ante el Ánima, los que velan el tres de mayo. Dos hojas porque el corpus cubre un siglo y dos registros sociales distintos: el comunero cotidiano y la época de hacienda y frontera, con peones que cruzan a Ecuador y terratenientes."
"pananes","medicos_tradicionales_yerbateros_y_parteras","Médicos tradicionales, yerbateros y parteras","colectivo","1","","5","","Reconocen y atienden el enduendado, el ojeado, el espanto y el quedado, y acompañan el nacimiento. Recurren en cinco relatos y deciden qué le pasa a la persona: es la figura que más veces conduce acción en este corpus. La hoja fija la figura —el lenguaje—, nunca un procedimiento, un kit ni una persona real; el procedimiento va excluido aparte."
"pananes","tres_caciques_fundadores","Los tres caciques fundadores","colectivo","1","","1","","Nazate o Nasate, Puenayán o Puednayán, y Tarapues o Juaspuezan: tres familias que se ubican en La Tuta por la tierra productiva y son raíces, troncos y retoños de los Pananes. La hoja debe conservar las tres grafías variables y no escoger una como la antigua."
"pananes","animales_de_la_waka","Los animales de la Waka","colectivo","1","","2","","Buey, gallina con pollos, cerdo, perro y culebra: las formas con que la riqueza enterrada se comunica. Cubre también la cerda con crías que persigue al narrador cerca del cementerio, la yunta que ara El Afilador y los perros que aúllan ante La Vieja. Cinco animales y tres relatos en una sola gramática: el mayor ahorro del censo panán."
"pananes","fauna_menor_de_cuchicuelan_y_paramo","Fauna menor de Cuchicuelan y del páramo","colectivo","1","","3","","Serpientes, sapos, ranas, lagartijas y mariposas alrededor de las aguas profundas; cóndores de páramo en los nombres de la laguna; minacuros o luciérnagas que forman caminos de luz en La Tuta. Ninguno conduce acción, todos aparecen en cuadro."
"pananes","caballo","El caballo","animal","1","","2","","Se asusta, se niega a avanzar, retrocede y amanece con la crin del cuello y toda la cola trenzadas. Es el testigo del duende en dos relatos y la prueba misma del testimonio de la Cangagua. Una sola hoja: las trenzas se fijan como marcador de continuidad porque son derivables del mismo cuerpo."
"pananes","lechuza","La lechuza","animal","1","","1","","Anida y descansa en Cuchicuelan y da nombre al sitio, a la hacienda y a la ficha. El corpus corrige expresamente que no es mensajera sobrenatural: es el ave, y por eso necesita anatomía verificable y no una silueta de agüero."
"pananes","cueche","El Cueche","fenomeno","1","","2","","Espíritu hijo del agua y del sol que aparece tras la llovizna: arco que engalana el paisaje, anuncia invierno y páramo cosechero, y también Cueche colorado, negro y blanco, considerados especialmente bravos. Una sola hoja de regla, que debe fijar las cuatro paletas —multicolor, colorado, negro y blanco— porque el color no cambia la forma del arco. El Cuichi de Cuchicuelan es el mismo ser con nombre local y se resuelve aquí."
"pananes","entundada_quedado_y_espanto","La entundada, el quedado y el espanto","fenomeno","1","","5","","Regla visible de la pérdida: el camino conocido deja de tener salida, el mismo punto se repite, la persona da vueltas y el espíritu se queda donde ocurrió el susto mientras el cuerpo vuelve. Atraviesa cinco relatos —el duende, el Chutún, la ficha propia, la laguna y La Vieja—: es la entidad más transversal de Panán. Se ficha el fenómeno, no los síntomas en un cuerpo."
"pananes","granizo_del_cualchio","El granizo del Cualchio","fenomeno","1","","1","","Según la oralidad de los mayores, en la olla nace o aparece el granizo: la niebla y el frío se recogen, el hielo golpea la vegetación y el agua aumenta. Es el objeto por el que se cuenta la ficha y da el segundo nombre al lugar."
"pananes","huaca_como_aparicion","La huaca como aparición","fenomeno","1","","1","","Regla de cómo se manifiesta y se niega: la llamarada de medianoche del tres de mayo, la tierra blanda bajo la pata del buey que al día siguiente está dura, el animal que ofrece la señal y la huaca que cambia de lugar si alguien habla o siente ambición. Es lo que el relato cuenta; no hay tesoro que fichar."
"pananes","palo_santo","El palo santo","objeto","1","","1","","El madero hallado en el Cucho de Cuaichala que la comunidad bajó y envió a San Antonio de Ibarra. Es el objeto por el que se cuenta la ficha y el que da el título editorial. La hoja cubre el madero, no la imagen tallada, que queda excluida."
"pananes","baston_de_mando","El bastón de mando","objeto","1","","1","","Se purifica en la Laguna de María Panana y el agua «recibe bastones, palabras y visitantes». Objeto de autoridad del pueblo Pastos cuya materialidad no puede improvisarse. La hoja fija una gramática genérica y nunca reproduce un bastón real identificable; el rito de purificación queda excluido aparte."
"pananes","ceramica_y_figuras_de_los_antepasados","Cerámica y figuras de los antepasados","objeto","1","","2","","Restos de cerámica y figuras atribuidas a antepasados cerca de La Tuta y en los entierros. Aparecen en dos relatos y son el contenido material de la huaca. La hoja fija una gramática de tiestos y formas y NUNCA una pieza arqueológica documentada real."
"pananes","checher","El checher","planta","1","","1","","Planta de la chagra cuyo fruto se parece al capulí y cuyas ramas forman hileras o cercos naturales; es donde habita el Chutún y por cuya destrucción el relato existe. Objeto por el que se cuenta la ficha."
"pananes","monte_nativo_altoandino","El monte nativo altoandino","planta","1","","2","","Arrayán, cerote, león, encino, cuaza, amarillo y caspimote: la fuente los enumera por nombre en el Cualchio y el monte espeso de Cuaichala es el mismo antes de volverse potrero. Siete especies nombradas en una sola hoja botánica, para que el monte no se dibuje como follaje genérico."
"pananes","paisaje_de_paramo_de_panan","Páramo alto de Panán","paisaje","1","","4","","Alturas cubiertas de arbustos, suelo pantanoso, neblina, espejos de agua, frío y vegetación baja; el pie de páramo entre El Colorado y El Vicundo y la posición dentro de Gran Cumbal. Entorno compartido por cuatro fichas y distinto del territorio habitado."
"pananes","paisaje_de_veredas_y_caminos_de_panan","Veredas, caminos y aguas de Panán","paisaje","2","nocturno","12","","Territorio habitado: veredas, potreros y cercas donde estuvo la hacienda La Lechuza, chaparros, acequias, quebradas y chorreras, caminos y chaquiñanes, alcantarillas, pantanos y tumbas, el río Carchi. Dos hojas porque media docena de relatos —la Cangagua, La Vieja, La Viuda, el Ánima, la velación del tres de mayo, La Tuta con sus minacuros— sólo ocurren de noche y exigen otro modelo de luz."
"pananes","chagra_de_panan","La chagra de Panán","lugar","1","","3","","Cultivos altoandinos con cercos vivos de checher y la tierra productiva que atrajo a los tres linajes: trigo, cebada, habas y maíz. Escenario del Chutún, de la entundada por destruir la naturaleza y del asentamiento de La Tuta."
"pananes","chuchun_y_las_tres_quebradas","Chuchún y las tres quebradas","lugar","1","","1","","Agua templada que brota entre pequeños chaparros en varios manantiales y confluencia de Aucué, Lájaro y Guacales. No es un paisaje intercambiable: la ficha existe porque ese sitio concreto reúne baño, trabajo y nacimiento."
"pananes","olla_del_granizo_del_cualchio","La Olla del Granizo del Cualchio","lugar","1","","1","","Ojo de agua rodeado por alturas cubiertas de arbustos que forman un recinto húmedo y difícil de atravesar, de donde sale el río del mismo nombre. «Olla» nombra la forma del terreno, no una vasija: eso debe leerse en la hoja."
"pananes","cucho_de_cuaichala","El Cucho de Cuaichala","lugar","1","","1","","Rincón al pie del páramo entre El Colorado y El Vicundo, conectado con Agua Blanca, donde nace la quebrada Guacales y de donde se tomaron las aguas del acueducto de cinco veredas. Una sola hoja, que debe poder mostrar las dos épocas: el monte espeso de antes y el potrero de hoy."
"pananes","guamurran_cienaga_de_paramo","Guamurran, la ciénaga de páramo","paisaje","1","","1","","Ciénaga alta donde nace el agua de Panán, Chiles y el río Carchi: vegetación baja, suelo saturado, espejos de agua y neblina, con una represa de riego de resultados limitados. Sitio nombrado y no intercambiable con el páramo genérico. «Madre» es función territorial, no una mujer: la hoja no personifica nada."
"pananes","basilica_encantada","La Basílica encantada","arquitectura","1","","1","","Formación de piedra en la vereda El Espino, sector El Paraíso: oscuridad, murciélagos, espacios que se asemejan a una capilla y particiones para dos o tres personas. Es el objeto por el que se cuenta la ficha. La hoja conserva la pregunta abierta: ni ruina prehispánica, ni iglesia colonial, ni cueva natural."
"pananes","cangagua_chorrera_del_duende","La Cangagua o Chorrera del Duende","lugar","1","","1","","Rincón de la vereda La Merced por el camino hacia Romerillo, El Vicundo, La Montañuela y El Tambillo; la cascada se pierde entre matorrales y el paso era pesado de noche. Antes estaba cubierta por muchas ramas y después quedó más despejada: una sola hoja con las dos coberturas, porque es el mismo agua y la misma roca."
"pananes","laguna_de_maria_panana","La Laguna de María Panana","lugar","1","","1","","A unas tres horas de camino en el páramo: aguas frías y cristalinas, neblina, quietud, plantas y aves de altura. Escenario de la armonización y del riesgo de quedarse. Restricción del canon: no se publica el punto exacto, así que la hoja no puede fijar un lugar geolocalizable."
"pananes","cuchicuelan","Cuchicuelan","lugar","1","","1","","Lugar húmedo con aguas profundas donde anidan lechuzas y se asienta el Cuichi, descrito como rincón misterioso y de mucha energía positiva, y bajo el cual permanece la memoria de la hacienda y sus peones. Sitio nombrado con función propia."
"pananes","la_tuta","La Tuta","lugar","1","","2","","Gruta entre El Placer Alto y La Merced con dos senderos, una laguna secada al pie y tres nacimientos arriba que forman una acequia; oscuridad, profundidad y túnel, pero también chaquiñán y refugio, y cerca un cementerio con restos de cerámica. Es el núcleo de origen más desarrollado del corpus y aparece también en las huacas."
"pananes","hoja_utileria_panan","hoja_utileria_panan","objeto (hoja de agrupación)","1","","5","","Cinco objetos menores de la vida cotidiana altoandina que aparecen en cuadro sin que ningún relato se cuente por ellos: el instrumento de cuerda del duende, el machete con que se traza la cruz, la montura y los aperos del caballo de la Cangagua, la vasija del hervido y el arado con su yugo. El arado y el yugo entran aquí aunque la yunta misma se resuelva con los animales de la Waka."
"pirsa","tamaracunga","Tamaracunga","personaje","1","","1","","Protagonista y único que ve. Hermano joven del señor de Pirsa, no cacique. No le doy hoja de estado por la suspensión ni por la cabeza abajo: son posturas, no transformaciones, y el módulo prohíbe expresamente la «levitación espectacular»."
"pirsa","fray_juan_de_santa_maria","Fray Juan de Santa María, mercedario","personaje","1","","1","","Conduce el acto final. El canon corrige su orden: Merced, no franciscano, y eso define hábito y escudo. Su ficha debe cerrar la puerta a la variante de Mondragón, donde el fraile levita."
"pirsa","dos_acompanantes_cristianos","Los dos cristianos que lo acompañan","colectivo","1","","1","","Deciden el viaje y se atan con cuerdas en los pasos difíciles. Sistema de vestuario español de 1549, distinto del de la gente de Pirsa: sin esta hoja, el encuentro colonial se ilustra con un solo traje."
"pirsa","gente_de_pirsa","Los más de doscientos seguidores de Pirsa","colectivo","1","","1","","Masa humana del viaje y del temor compartido. El relato no describe a nadie: la gramática de grupo debe declararse como reconstrucción de cultura material del occidente de Caldas hacia 1549, sin regalia inventada ni tocados panindígenas."
"pirsa","auras","Las auras","animal","1","","1","","Único ser no humano que el relato deja ver, y el elemento que más se deforma en las variantes. La ficha existe sobre todo para fijar que son auras americanas: ni cuervos (ficha heredada), ni cóndores (Guazzo), ni gallinazos (Cardona), y sin carga demoníaca."
"pirsa","iglesia_de_anserma","Iglesia de techo de paja en Anserma","arquitectura","1","","1","","Escenario del desenlace: es donde cesa el ruido, se dice la primera misa y ocurre el bautismo. Iglesia doctrinera humilde de 1549, no templo colonial tardío."
"pirsa","casa_de_alojamiento","La casa donde lo alojan en Anserma","arquitectura","1","","1","","Escenario propio de la noche de golpes, silbidos y piedras, anterior a la iglesia y no intercambiable con ella. Casa de paja del mismo repertorio que las del territorio Pirsa."
"pirsa","camino_de_pirsa_a_anserma","Camino andino de Pirsa a Anserma (occidente de Caldas)","paisaje","1","","1","","Medio relato es el viaje: montañas, pasos difíciles que obligan a atarse, y la comitiva. Hace de modelo de entorno para toda la biblia; las coordenadas apuntan al Anserma actual como destino aproximado, no a un sitio comprobado."
"pirsa","presencias_sin_cuerpo","Las presencias: piedras que caen, silbidos, golpes y la copa que se levanta","fenomeno","1","","1","","Es el motor del relato y la decisión visual más delicada de esta biblia: una regla de fenómeno que permite mostrar los efectos (piedras suspendidas, líneas de silbido, el líquido que desaparece y vuelve) sin dar cuerpo a nada. Sustituye a cualquier ficha de demonio."
"pirsa","hoja_utileria_pirsa","hoja_utileria_pirsa","objeto (hoja de agrupación)","1","","5","","Cinco objetos menores en una hoja. Todos son utilería colonial cristiana de 1549: es la prueba más clara de que la cultura material de esta biblia no es Pirsa."
"quillacingas","aji","Ají","personaje","2","colibri","1","","Joven viajero de Sibundoy que elige transformarse para seguir buscando a Flor. El estado cuesta lámina porque el relato describe la metamorfosis paso a paso: el cuerpo se encoge, nacen plumas, el rostro se alarga en pico fino y los brazos se vuelven alas. Las dos siluetas están narradas."
"quillacingas","flor","Flor","personaje","2","flor_pequena","1","","Muchacha quillasinga prometida al cacique. Su segunda forma cuesta lámina y es imprescindible: el colibrí se detiene ante cada flor buscándola, así que la flor pequeña en la que queda convertida necesita forma fija o la búsqueda no se lee. El relato aclara que ninguna flor puede decirle dónde está, así que la ficha no la vuelve una flor señalada ni luminosa."
"quillacingas","cacique","Cacique","personaje","1","","2","","Dedupe deliberado: en los colibríes es la autoridad a la que Flor está prometida, que juzga e invoca al Sol y la Luna; en La Corota es el cacique cuya boda se rompe y que manda seguir el rastro. Misma función, misma comunidad, mismo momento. Una hoja de identidad sirve a los dos relatos. El canon conserva el término «cacique» sin nombres, sin vestuario ceremonial y sin fecha prehispánica: la ficha no puede añadirlos."
"quillacingas","viajeros_de_sibundoy","Viajeros del Valle de Sibundoy","colectivo","1","","1","","Atraviesan el territorio en temporada de lluvias y se quedan porque el agua deshizo los caminos. Son gente de otro valle y el relato los distingue de los anfitriones: no pueden resolverse con la gramática de la comunidad quillasinga sin borrar justamente la diferencia que hace posible el encuentro."
"quillacingas","comunidad_quillasinga","Comunidad quillasinga","colectivo","1","","6","","Aparece en los seis relatos: el comunero que delata, la mujer que presta posada, los sabios que prohíben dar agua, los niños que se compadecen, los perseguidores de la princesa, la multitud que vuelve a El Encano, y las personas que cantan, tocan, atienden nacimientos o curan con el don de la sirena. Una gramática de grupo con rango de edades y con esas prácticas resuelve todas las configuraciones."
"quillacingas","sol_y_luna_invocados","El Sol y la Luna invocados","deidad_fuerza","1","","1","","El cacique los invoca y el poder convocado ejecuta las dos transformaciones; la imagen horizontal es la decisión ante ellos. Una sola hoja los resuelve como par, porque el relato nunca los separa. El canon advierte que no se inventan términos nativos para los astros, así que van sin nombre ni atributo añadido."
"quillacingas","montes_y_caminos_del_encano","Montes y caminos de El Encano","paisaje","1","","2","","El fuera-del-agua: campos, bosques, el camino que conecta con Sibundoy deshecho por la lluvia, el monte que Inti cruza bajo la tormenta. Es altiplano nariñense y no se parece a ningún páramo caucano ni a ninguna sabana caribe; esta ficha es la que fija esa diferencia."
"quillacingas","laguna_de_la_cocha","Laguna de La Cocha","paisaje","2","cocha_seca_y_sin_color","5","","Está en cinco de los seis relatos y es la identidad visual de la comunidad. El estado cuesta lámina y es innegociable: El llamado de Inti empieza con la laguna reducida a «apenas un charco turbio», campos secos y silenciosos, y termina con los colores recuperados. Ese antes y después es el arco entero de esa página."
"quillacingas","inundacion_de_la_cocha","Inundación que forma La Cocha","fenomeno","1","","3","","Una sola inundación sirve a tres páginas: el agua que no deja de crecer, cubre la entrada, el camino y los campos, llena las hondonadas y convierte el lugar seco en laguna inmensa. Es el acontecimiento fundacional del territorio y cambia sólo de punto de vista entre relatos, no de naturaleza."
"quillacingas","mujer_del_pilche","Mujer del pilche","personaje","1","","1","","La que abandona a su esposo y sus hijos, se mira en el agua prestada, llora hasta desbordar el recipiente y lo arroja contra el suelo. Conduce el relato. Sus dos desenlaces no se pagan aquí: en taita Carlos Erazo queda como sirena y eso lo cubre la ficha de la sirena; en taita William Jojoa su cuerpo se vuelve agua y eso lo cubre la inundación."
"quillacingas","pilche","Pilche (recipiente de calabazo)","objeto","1","","3","","Es el objeto por el que se cuenta la creación de La Cocha: se presta con agua para mirarse, se desborda de lágrimas, se arroja, y al voltearse en la creciente queda como isla. Aparece también en el Rabo de Casapamba. La ficha debe fijar forma, tamaño y cómo se ve volteado, porque de ahí sale la silueta de La Corota en una de las dos versiones."
"quillacingas","cerro_tabano","Cerro Tábano","lugar","1","","2","","El cerro protagonista: es el esposo petrificado en una versión y el que Inti corona para tocar el pincullo y apartar las nubes. Tiene función narrativa propia en dos relatos, distinta de la del anillo de cerros, así que no se puede diluir en él."
"quillacingas","cerros_de_la_cuenca","Anillo de cerros de la cuenca (Patascoy, Bordoncillo, Alcalde)","paisaje","1","","2","","Los compadres que el hombre llama y que quedan petrificados uno tras otro rodeando la cuenca; también el amante convertido en Patascoy y el páramo del Bordoncillo al que lleva el paso subterráneo. Un modelo de entorno resuelve el anillo completo; darle ficha a cada cerro sería pagar cuatro veces la misma silueta de montaña."
"quillacingas","ciudad_sumergida","Ciudad sumergida bajo la laguna","lugar","1","","2","","Dedupe entre dos páginas: las siete ciudades bajo la laguna de taita William Jojoa, de las que todavía asoman entre la totora las partes más altas, y la ciudad encantada que Inti descubre con chagras, tejidos, niños que cantan y abuelos que danzan. Es el mismo asentamiento bajo el agua visto de lejos y de cerca."
"quillacingas","totora","Totora","planta","1","","3","","La vegetación que define La Cocha y que hace legible el relato más difícil del corpus: el Rabo de Casapamba es precisamente una franja SIN totora, así que sin una ficha que fije densidad, altura y color de la totora el canal no se puede dibujar. Además oculta pasos y entre ella asoman las partes altas de la ciudad sumergida."
"quillacingas","inti","Inti, el guaguaquilla","personaje","1","","1","","Niño de luna que vive con su abuelo y hace el viaje entero. Conduce la página y las dos imágenes lo exigen presente, porque las anteriores se reemplazaron justamente por mostrar a un adulto y no a Inti."
"quillacingas","aurelio","Aurelio, el sabio","personaje","1","","1","","El abuelo que cuenta junto a la tulpa y que reaparece en la ciudad sumergida para entregar el pincullo. Aparecer en dos lugares no le cambia el cuerpo, así que es una sola lámina; lo que la ficha debe resolver es que sea reconocible en los dos sitios."
"quillacingas","quinde","Quinde, el colibrí mágico","criatura","2","rana","1","","Guía de Inti, con plumas que iluminan la lluvia y que al final traza un arco de colores sobre la laguna. El estado cuesta lámina porque el relato lo muestra transformado en rana para seguir a Inti bajo el agua. ATENCIÓN AL CRUCE: no es el colibrí de Ají. Aquel es un joven transformado; éste es un ser mágico de otra página. Las dos fichas no pueden parecerse."
"quillacingas","el_queche","El Queche, espíritu de siete colores","deidad_fuerza","1","","1","","Aparece en la cascada Killinzayacu y es la única entidad nombrada del tramo. Tiene un rasgo concreto —siete colores— y nada más, así que la ficha debe resolver su cuerpo sin caer en aura genérica ni en fantasía intercambiable."
"quillacingas","duendes","Duendes juguetones","colectivo","1","","1","","Reciben la lluvia de motilones, agradecen con la totuma y al final se unen al baile. Actúan dos veces y son un colectivo con cuerpo propio, distinto de la comunidad humana; una gramática de grupo fija número, escala y forma."
"quillacingas","cascada_killinzayacu","Cascada Killinzayacu","lugar","1","","1","","Destino del primer tramo del viaje y fuente del agua de la totuma; es donde están el Queche y los duendes. Lugar nombrado y no intercambiable con la laguna ni con el monte."
"quillacingas","piedra_grabada","Piedra grabada con espirales y monos","objeto","1","","1","","Inti descansa sobre ella, toca los dibujos y éstos cobran movimiento al ritmo del bombo hasta que la gran espiral lo envuelve en un sueño. Es el pivote del relato y necesita ficha propia. Condición: se diseña como piedra del relato, con espirales y monos genéricos; queda excluido reproducir un panel petroglífico real e identificable."
"quillacingas","pincullo","Pincullo","objeto","1","","1","","El instrumento de viento que Aurelio le entrega bajo el agua y que resuelve el relato dos veces: el sonido lo eleva fuera de la laguna y desde el Tábano aparta las nubes. Es el objeto por el que se cuenta la página y aparece en la imagen de comunidad."
"quillacingas","casa_campesina_del_encano","Casa campesina de El Encano","arquitectura","1","","2","","La casa de barro de Inti y Aurelio, la casa donde la viajera pide posada y descansa cerca de la entrada, y la casa igual a la suya que aparece en la ciudad sumergida. Un solo modelo espacial con interior y umbral cubre las tres."
"quillacingas","joven_de_la_cabellera","Joven cuya cabellera se vuelve totora","personaje","1","","1","","Lleva el pilche cuando La Cocha empieza a formarse, no logra salir y su cuerpo se transforma en el agua de la laguna. Ficha propia y deliberadamente austera: la edición prohíbe expresamente atribuirle esposo, hijos, amante o nombre, porque el relato no identifica cuál de las biografías de la creación le corresponde. No se puede fundir con la mujer del pilche."
"quillacingas","cabellera_convertida_en_totora_y_canal","Cabellera convertida en totora y en canal","fenomeno","1","","1","","El mecanismo entero del mito: los cabellos se extienden sobre la superficie, los más finos se vuelven totora y uno, largo y firme, abre la franja sin vegetación. La edición precisa que las dos imágenes son complementarias —toda la cabellera hace la totora y un cabello traza el camino— y una regla de fenómeno es lo único que las mantiene coherentes entre láminas."
"quillacingas","rabo_de_casapamba","Rabo de Casapamba (el canal sin vegetación)","lugar","1","","1","","La franja de agua abierta que avanza desde Casapamba hacia el Bordoncillo, visible desde ciertos lugares y en ciertos días. Es el accidente geográfico que la página existe para explicar. Se dibuja como forma del relato, nunca como vista localizable."
"quillacingas","gradas_y_paso_subterraneo","Gradas y paso subterráneo hacia el Bordoncillo","arquitectura","1","","1","","Los peldaños que se ven bajo el canal en los días de sol y el paso que atraviesa la tierra hasta la puerta. Es la escena de la imagen vertical y un modelo espacial resuelve gradas, túnel y puerta juntos. La edición recuerda que estas referencias «no convierten el sendero subterráneo en un hecho físico verificable»: la lámina no puede leerse como entrada real."
"quillacingas","guardianes_perros_gigantes","Dos guardianes semejantes a perros gigantes","criatura","1","","1","","Vigilan la entrada y no dejan avanzar a quien llega con otro propósito. Son la única criatura de la página, están descritos con un rasgo claro y van en pareja: una hoja de identidad resuelve los dos, con escala fijada contra la puerta."
"quillacingas","libros_de_la_sabiduria","Libros de la sabiduría","objeto","1","","1","","Lo que hay detrás de la puerta. Merecen ficha justamente por lo difícil de la restricción: la edición conserva la palabra «libros» tal como la narró la gobernadora y prohíbe reemplazarlos por códices antiguos o fecharlos como objetos prehispánicos. Sin contrato explícito, cualquier modelo dibujará un códice."
"quillacingas","princesa_fugitiva","Princesa que huye","personaje","1","","1","","Decide escapar antes del día de la unión y su fuga desata la persecución y la inundación. Conduce el relato. El canon conserva el término «princesa» del registro de 2023 sin añadir nombres ni vestuario ceremonial: la ficha debe respetar esa austeridad."
"quillacingas","acompanante_de_la_silla","Acompañante que se sube a la silla","personaje","1","cuerpo_endurecido","1","","El tercero de la fuga, el que ve la silla, se sube y asegura que nadie lo atrapará. Es el personaje por el que existe la página. El endurecimiento NO cuesta lámina extra: queda en la misma postura sobre la silla y sólo cambia la materia, así que se declara como estado dentro de su hoja."
"quillacingas","silla","La silla","objeto","1","","1","","El objeto por el que se cuenta el relato: sobre ella queda encantado y sus cuatro patas explican los cuatro apoyos de la isla. La ficha tiene que fijar su forma con precisión, porque la silueta sumergida de La Corota deriva directamente de ella."
"quillacingas","isla_la_corota","Isla La Corota","lugar","2","cuatro_apoyos_bajo_el_agua","2","","El estado cuesta lámina porque las dos imágenes de la página son exactamente esas dos lecturas: desde las orillas parece flotar sobre La Cocha, y debajo conserva cuatro apoyos semejantes a patas. La ficha carga además las dos explicaciones incompatibles de su origen —la silla de mama Lilian Munyui y el pilche volteado de taita William Jojoa— sin fundirlas."
"quillacingas","sirena_de_la_cocha","Sirena de La Cocha","criatura","1","","3","","Se manifiesta en distintos lugares del agua y entrega habilidades a quien reconoce que las necesita y puede compartirlas. Cubre también a la mujer que queda como sirena en la versión de taita Carlos Erazo y a las dos sirenas que conducen a Inti bajo el agua, porque son el mismo cuerpo. La restricción es el corazón del contrato: la edición pide expresamente evitar la figura europea sexualizada y centrar la representación en conocimiento y servicio."
"quillacingas","hoja_utileria_quillacinga","hoja_utileria_quillacinga","objeto (hoja de agrupación)","1","","5","","Cinco objetos menores del altiplano nariñense que no conducen acción: el peine de cacho, los instrumentos que acompañan el despertar, los motilones, la tulpa y los alimentos apartados por la prueba de la sirena. Una hoja fija escala, material y paleta comunes. No incluye el pilche ni el pincullo, que resuelven sus relatos y tienen ficha propia."
"quimbaya","nabsacadas","Nabsacadas, la estrella caída","personaje","1","","1","","Conduce todo el relato: se presenta ante Inés, recorre los pueblos, se declara bisacuelo regresado del páramo, es reconocido como «cacique viejo» y organiza el plan del silbo. Figura humana sobria en los tres actos; el canon prohíbe expresamente demonio, cuernos, alas, halo y dios monumental, así que la ficha fija un cuerpo de hombre mayor, no una deidad."
"quimbaya","ipiare_ebachi","Ipiaré Ebachí","personaje","2","anima_nocturna","1","","Protagonista de la leyenda de 1932: sube al Cumanday con su padre, pierde la sandalia y pide que la busquen. El segundo estado cuesta ficha porque el relato sí lo muestra —«algunas personas dijeron ver su ánima recorriendo de noche las laderas»— y cambia la silueta a figura translúcida, que es justo lo que pide el prompt vertical. Vestuario deliberadamente sobrio: la monarquía quimbaya es invención literaria."
"quimbaya","ultimo_rey_quimbaya","El último rey (padre de Ipiaré)","personaje","1","","1","","Conduce la acción: ante el presagio emprende el ascenso y decide no esperar a los conquistadores. Es el segundo cuerpo de la comitiva y el único que toma decisiones; sin su ficha el acto del volcán queda sin sujeto. Se dibuja sin corona, palanquín ni regalia, por indicación explícita del canon."
"quimbaya","fray_baltasar_de_zamora","Fray Baltasar de Zamora","personaje","1","","1","","Conduce el tercer acto: obtiene información mediante azotes al cacique y llega al bohío con acompañantes. Silueta de doctrinero franciscano, inconfundible y de época verificada (1603); es el contrapeso visual de Nabsacadas y no puede salir del colectivo de aldeanos."
"quimbaya","grupos_del_juego","Los grupos del juego: mujeres, hombres y jóvenes","colectivo","1","","1","","Es el sujeto del relato entero: se reúnen por grupos, avanzan unos contra otros al oír el son y después forman la rueda de danza. Una sola gramática de grupo diferenciada por sexo y edad resuelve las dos escenas de la fiesta y presta cuerpos al resto del siglo XVI quimbaya."
"quimbaya","gente_de_los_pueblos_de_via","La gente que llega de noche al bohío","colectivo","1","","1","","Colectivo distinto del anterior por época y situación: son habitantes de pueblos de doctrina de 1603 que llegan de noche desde varias jurisdicciones con masato y bollos. No se puede reusar la gramática de la fiesta prehispánica sin mentir sobre el siglo. Absorbe a todos los nombres menores del expediente."
"quimbaya","sandalia_de_ipiare","La sandalia perdida","objeto","1","","1","","Es el objeto por el que se cuenta el relato: larga y flexible, adornada con oro y sujeta al tobillo, se desprende en el camino, nadie la encuentra y el ánima sigue buscándola. Aparece en las dos escenas planeadas. Es invención literaria de 1932, así que se diseña como pieza ficticia y nunca copiando un ejemplar real de orfebrería."
"quimbaya","plaza_del_caserio_quimbaya","La plaza del caserío y sus casas","arquitectura","1","","1","","Escenario del acto de Batatabatí y no intercambiable: «en la plaza sonaban dos tambores», allí se abre la rueda de danza y allí ocurre el archivo cantado. Incluye las casas de hojas de caña que la rodean y el fondo de guaduales y río del Cauca medio."
"quimbaya","bohio_entre_guaduales","El bohío apartado entre guaduales","arquitectura","1","","1","","Escenario del acto central del relato: lo levantan retirado entre guaduales, allí lo reconocen como «cacique viejo», allí llegan de noche con ofrendas y allí irrumpe el doctrinero. Es un interior nocturno, no el paisaje abierto del páramo ni la plaza abierta del otro mito."
"quimbaya","cumanday","El Cumanday: volcán, nieve y humo","paisaje","1","","1","","Escenario del acto y personaje ambiental del relato: humo semejante al de la madera verde, nieve sobre el relieve, suelo que tiembla, piedra, hielo y corrientes con señales de fuego. Nada del corpus se le parece; sostiene el tríptico completo de ipiare-ebachi."
"quimbaya","paramo_de_tataqui","El páramo de Tataquí","paisaje","1","","1","","Lugar nombrado del que Nabsacadas dice regresar después de muerto; de ahí viene su autoridad y por eso el prompt lo pone al inicio del recorrido. Páramo nublado de cordillera, distinto del guadual caliente del bohío y del nevado del otro mito."
"quimbaya","hoja_utileria_quimbaya","hoja_utileria_quimbaya","objeto (hoja de agrupación)","1","","6","","Una sola hoja con los seis objetos menores del corpus, agrupados por mundo material del Cauca medio de los siglos XVI y XVII. La hoja declara de qué relato viene cada pieza para no mezclar la fiesta descrita por Cieza con las ofrendas del bohío de 1603. Ninguna pieza se diseña citando un objeto arqueológico real."
"santander-mestizo","anima_coy","El Ánima Coy (Benedicta Rovira)","criatura","1","","1","","Conduce el acto entero: sale a medianoche los miércoles y sábados por San Antonio pidiendo oraciones por Rosario. Silueta irrepetible en el corpus — bulto blanco con túnica de llamas que arde sin consumirla, antorcha y una canilla en la mano, pasos que suenan a cascos de mula. Fuente: Arenas Mantilla, Crónicas y romances 1960, pp. 404-406."
"santander-mestizo","mancarita","La Máncara de San Francisco (La Mancarita)","criatura","1","","1","si","Cuerpo reconocible: cabellera desmesurada que la cubre, uno o tres ojos, un seno en mitad del pecho, pies al revés; se lleva niños tras una puerta en la peña. El propio relato la extiende a Boyacá, Venezuela, Santo Domingo, Cuba y Brasil. Lo santandereano: es Rita la chismosa expulsada de un caserío del Río Frío, ronda las veredas de Piedecuesta del siglo XVIII y deja pasar al niño que ensucia el pañal. OJO: el volcado de censo la trae fusionada en la-hilandera y en el-trapiche-ardiendo; el universo editorial ya desmontó las dos fusiones, así que cuenta un solo relato. El cóndor no cuesta ficha —el texto dice «en su cóndor-cabalgada» y no aclara si lo monta o lo es—. No fusionable con la Patasola ni con la Mechuda: las definiciones las separan expresamente."
"santander-mestizo","mechuda","La Mechuda","criatura","1","","1","si","Ficha aparte de la Máncara por decisión editorial expresa (se retiró «la criatura de cabellera y anatomía monumental inventada»): lo que el relato da es un bulto oscuro perfilado contra una palma junto a la quebradita del Puente de Plata y dos alaridos. El contrato tiene que sostener esa ambigüedad —silueta legible, rostro no—. Figura con nombre propio en varias regiones; lo santandereano es el escenario: las fiqueras de Villanueva, el baile, y la cruz alta que el pueblo levantó con el letrero «Aquí, escapitas nos matan»."
"santander-mestizo","sayona","La Sayona","criatura","1","","1","si","El relato la declara compartida con Venezuela (Casilda) y México (La Sallana, La Matlacihua), pero el universo editorial desfusiona expresamente la Sayona genérica que castiga infieles: aquí NO castiga. Lo santandereano: mujer de negro que entra a la tienda «La Gran Luz» en noviembre de 1896, reconocida por Carlos Vicente Gómez como Elvira, su novia muerta; él le levanta mármoles en el cementerio. El sayal oscuro es el único rasgo físico documentado."
"santander-mestizo","duende_del_salto","El Duende del Salto (Muki)","criatura","1","","1","si","Conduce el relato: hechiza con el tiple, provoca avalanchas, sabotea construcciones. Lo santandereano: enano ensombrerado con tiple en la caverna tras el Salto del Duende, en la quebrada La Honda, y el desenlace es una escuela rural que lleva su nombre. AVISO: la composición es un híbrido moderno de 2016 y el universo ya podó de ella las atribuciones guanes, los suicidios y los sucesos coloniales inventados — el contrato no puede apoyarse en la piedra de sacrificios ni en el cacique."
"santander-mestizo","mula_del_diablo","La Mula del Diablo (Eumelia)","criatura","2","mula espectral herrada","1","si","El segundo pliego se gana porque el paso de mujer a mula es lo que el relato existe para mostrar, y porque la mula lleva las cuatro herraduras nuevas como marca de continuidad. Lo santandereano: nace en la fragua junto a la antigua bocatoma, sale en septiembre antes del alba por el empedrado y muere cuando llega el alumbrado eléctrico y el herrero se vuelve montallantas. El cuerpo de Eumelia con los clavos queda fuera por violencia explícita — la ficha la muestra viva. Fuente: Estampas de mi tierra 1941, pp. 90-93."
"santander-mestizo","mula_maneada","La mula maneada (doña Petra Agudelo)","criatura","1","","1","","No se funde con la Mula del Diablo aunque comparta el empedrado a medianoche: aquí la silueta es otra —mula de paso trabado, maneada, no herrada— y el relato es de brujería y exorcismo, no de herrería. La forma de cuervo que le atribuyen se cubre en la ficha de brujas-pájaro. Fuente: Crónicas y romances 1960, pp. 278-280."
"santander-mestizo","carriazo","El Carriazo (Conde del Carriazo)","criatura","1","","1","","Es a la vez el guardián y el objeto del relato: hay que vencerlo para desenterrar las tres cargas de oro bajo el roble de la vereda San Isidro. Golpea —«caricias de lana que después se convertían en rocas»—. La forma de chivo con cachos queda embebida: es variante del mismo ser, no un segundo cuerpo. El desenterrar no se representa: el marco editorial prohíbe guaquería y excavación."
"santander-mestizo","diablo_del_camino","El Diablo del camino (Mandingas)","deidad_fuerza","1","","6","si","Seis relatos y una sola ficha: el que ríe y baja la ladera derribando árboles ante el arriero Mateo, el que se lleva la campana del caracolí, el que pacta con Galeacer y con el padre de Silvestre. Lo santandereano: se le llama Mandingas, huele a azufre e incienso mezclados, el bosque amanece intacto y su dominio es el borde del cañón del Chicamocha. El contrato debe dejarlo sin cuerpo fijo: ninguno de los seis relatos lo describe, y ahí está su gracia."
"santander-mestizo","hombre_enlutado","El hombre muy alto vestido de negro","criatura","1","","2","","Dos relatos, mismo cuerpo y misma función: figura alta y enlutada que llega de noche a una ventana o a una puerta y hace una oferta —pasar los huesos, herrar la mula—. Se ficha aparte del Diablo del camino precisamente porque este sí tiene estatura, ropa y voz."
"santander-mestizo","luz_del_limonal","La Luz del Limonal (Luz)","criatura","2","remolino de fuego","1","si","El segundo pliego se gana limpio: el relato muestra largamente a Luz viva en la hacienda El Limonal y después el remolino de fuego que recorre el camino en cuaresma, y la silueta cambia entera. Familia de las luces errantes. Lo santandereano: hacienda del río Hato, se conjura con estola y latín por el padre Esteban García en 1888, y hay que gritarle «¡allá va!», nunca «¡allá viene!». Cadena: Isabel Lizcano Durán. El infanticidio queda fuera de imagen."
"santander-mestizo","barbacoa","La barbacoa (cuatro hombres sin cabeza con un difunto)","colectivo","1","","1","","Silueta única en el corpus y no intercambiable con ningún otro espanto: una parihuela cargada por cuatro descabezados que sale cuando los caminos se pueblan de romeros, por una promesa incumplida a la Virgen de Chiquinquirá. El universo la desfusiona del relato de Nazario, así que es figura autónoma dentro de la misma página."
"santander-mestizo","tunjo","El tunjo (muñeco de oro macizo viviente)","criatura","1","","2","si","Conduce el acto: se deja atrapar con la mano mojada, se alimenta de oro y bronce, suelta escamas doradas y acaba dando dos lágrimas convertidas en diamantes. Figura compartida con Boyacá y Cundinamarca. Lo santandereano: sale el Viernes Santo al amanecer sobre la Loma de la Cantera y la abuela campesina enseña la fórmula. CRÍTICO: el universo separa esta criatura literaria del tunjo arqueológico —la ficha es el muñeco vivo, nunca una pieza de museo ni una excavación—. Cubre a Miguel Seco «enchapado» en oro, que es la misma materia a escala humana."
"santander-mestizo","pisca_de_oro","La pisca y sus pisquitos amarillos","criatura","1","","1","","Es la forma visible del entierro y el objeto por el que se cuenta el relato: una pava con su camada de polluelos amarillos que sale de la cueva a pastar en luna llena y desaparece el día en que alguien saca el tesoro. Pisca es la hembra del pisco o pavo, no otra cosa."
"santander-mestizo","mohan_de_la_laguna","El mohán del Peñón de la Luchata","criatura","1","","1","si","Figura de media Colombia, aquí en minúscula y una sola vez. Lo santandereano: no es el seductor de río sino un guardián celoso de laguna en Galán que custodia un totumo cargado de frutos dorados con una gallina y sus polluelos del mismo color, y amenaza con desbordar el lago sobre quien se acerque."
"santander-mestizo","serpiente_cabellera_de_ternero","La serpiente con cresta y cabeza de ternero","criatura","1","","1","","Conduce una acción —mata reses en la laguna de Girón hasta que un sacerdote rompe el encanto con cáliz y cristo bendito— y la descripción (cresta, crin, cabeza semejante a la de un ternero) es lo bastante precisa y lo bastante rara para no salir de ninguna otra ficha."
"santander-mestizo","colmenero","El Colmenero (Alejandro pegado a la peña)","criatura","1","","1","","Figura visible desde lejos sobre la peña del Fonce: la piedra que remeda su espalda petrificada, anclada a la roca desde un Viernes Santo. La peña y el enjambre que lo atacó entran en esta misma ficha porque la roca, las abejas y el muchacho son una sola imagen."
"santander-mestizo","ermitano_nicolas","El ermitaño Nicolás","criatura","1","","1","","Tiene la descripción física más completa de todo el corpus: cabello largo y sucio, barba gris, ojos rojos, manos huesudas y un hábito ceniciento. Asceta de cueva. AVISO doble: transcurre en Ocaña —Norte de Santander, no Santander— y su capa narrativa es de 2004, con correos electrónicos; el contrato debe fichar al ermitaño, que es intemporal, y dejar fuera el marco moderno."
"santander-mestizo","animas_en_pena","Las ánimas en pena","colectivo","1","","4","","Coro recurrente de cuatro relatos: las que golpean puertas, lloran de noche y piden limosnas y rezos. Una gramática de grupo basta y ahorra fichar cada aparición suelta. En El pollo de las ánimas son imitadas por una persona viva, y el contrato debe poder sostener las dos lecturas."
"santander-mestizo","brujas_pajaro_negro","Brujas en forma de pájaro negro","colectivo","1","","2","","Dos relatos y un solo cuerpo: los «pajarracos que no eran aves sino brujas» de 1960 y el cuervo que atribuían a doña Petra sobre los tejados, más las sombras emplumadas que la defienden del cura. Absorbe el estado-cuervo de la mula maneada."
"santander-mestizo","fantasma_de_el_horizonte","El fantasma de El Horizonte (y el burro bajo la manta)","criatura","1","","1","","Una sola ficha para las dos lecturas, porque el relato existe por el par: el bulto de manto penitencial en la esquina de la carrera 13 con el golpe de rosario y matraca, que resulta ser un burro cojo cubierto con una manta oscura. El contrato tiene que dejar el bulto legible de las dos maneras; separar las fichas rompería el chiste y costaría el doble."
"santander-mestizo","caballo_negro_de_galeacer","El caballo negro del doctor Galeacer","criatura","1","","1","","No es un caballo sino un hombre dentro de un caballo: piel que brilla como cielo estrellado, corre las veredas Planadas, Sevilla, Miraflores y Las Amarillas y embiste una cerca de arrayanes que amanece intacta. Silueta distinta del caballo de silla."
"santander-mestizo","san_antonio_de_la_cueva","San Antonio custodio del oro","deidad_fuerza","1","","1","","Aparición con descripción propia —pies cubiertos de polvo, manto brillante como la luna— que custodia el oro de la Cueva de la Calentana. Es la única figura santa del corpus que se deja ver en vez de ser sólo invocada, y por eso no cae en la hoja de utilería de devoción."
"santander-mestizo","arriero","El arriero y su recua","personaje","1","","4","","El oficio que sostiene cuatro relatos: Mateo entre San Rafael y Piedecuesta hacia 1850, los arrieros de Blanquiscal, Silvestre vuelto arriero entre el Socorro y Puerto Santos. Ruana, sombrero, recua aparejada. Absorbe a los contrabandistas de mataburro, que son la misma figura con otra carga."
"santander-mestizo","campesino_labriego","El campesino labriego","personaje","1","","9","","El ahorro más grande del censo: nueve relatos y un solo hombre. Jacobo, José de la Cruz, Silvestre, Lázaro, Reyes Suárez, Silvio, Carmelo, don Crisanto, don Telmo y el campesino de la cueva son la misma silueta de ruana y sombrero con las manos curtidas. Los que buscan entierros no cambian de cuerpo, sólo de herramienta, y la herramienta va en hoja de utilería."
"santander-mestizo","cura_de_pueblo","El cura de pueblo","personaje","1","","7","","Siete relatos, un solo pliego: el padre Esteban García con estola sobre su bestia, el cura que exorciza a Petra, el sacerdote del cáliz y el cristo en la laguna de Girón, el párroco de Cachalú, el Padre Valenzuela, el de los santos óleos. Absorbe al sacristán —don Plácido y maese Cirilo— porque el contrato puede llevar la sotana corta y el roquete como variante de la misma ficha."
"santander-mestizo","curandera_del_fogon","La curandera del fogón","personaje","1","","5","","Cinco relatos y una sola anciana: Eulogia Plata con sus fricciones de tuétano con albahaca y sus fomentos, la abuela que cuenta junto al fogón, la abuela que saca con azadón, la madre que enseña la fórmula del tunjo, la madrastra que imita las voces. El corpus nunca dice «rezandera» —no uso la palabra— y lo que sí documenta es el oficio de curar con hierbas y el de narrar."
"santander-mestizo","herrero","El herrero y su fragua","personaje","1","","1","","Un solo relato, pero conduce el acto y trae oficio, taller y escena propios que no salen de ninguna otra ficha: Pacho Villamizar, la fragua junto a la bocatoma, el fuelle, el yunque, el martillo y las herraduras a media noche."
"santander-mestizo","don_vicente_arenas","Don Vicente Arenas Mantilla","personaje","1","","5","","El narrador del corpus, persona real y documentada (1901-1992), autor de Estampas de mi tierra (1941) y Crónicas y romances (1960). Aparece dentro de cinco relatos como cronista que recorre el pueblo y que se apuesta de noche en la esquina a desenmascarar al fantasma. Sin su ficha no hay hilo entre las páginas."
"santander-mestizo","felix_el_diablo","Félix María Rueda, «El Diablo» de Umpalá","personaje","1","","1","","Hombre real, no criatura: el universo editorial elimina expresamente al demonio literal y deja que las chispas sean de las herraduras. Vestuario documentado: zamarros y sombrero gris de ala ancha, bigote rasposo. Comerciante de cabros, ovejas y camuros y jinete nocturno por el empedrado de Umpalá."
"santander-mestizo","simon_bolivar","Simón Bolívar","personaje","1","","2","","Figura histórica de iconografía fijada, protagonista de la visita por la Pedregosa vieja y referencia en la biografía de Mantilla. Su séquito —Férguson, Lacroix, O'Leary, Soublette, Wilson— cabalga sólo como comitiva y entra en este mismo contrato."
"santander-mestizo","general_jose_maria_mantilla","General José María Mantilla","personaje","1","","1","","Única entidad primaria de una página que no es mito sino memoria biográfica documentada (Baraya, Biografías militares, 1874). Uniforme de general republicano; el relato cubre de 1810 a 1860. Si el editor decide que una biografía no entra en la Biblia, esta ficha es la primera que cae."
"santander-mestizo","talabali","Talabalí","personaje","1","","2","","El único indígena que este corpus mestizo describe: joven guane cautivo en una jaula de tigre en Bucarica, que pelea con macana contra espada y rodela frente al palenque de la plaza de doctrina. Su contrato se apoya sólo en lo documentado —macana, adarga, jaula, palenque— y en la investigación de cultura material guane; nunca en la biblia de otra comunidad. Absorbe a don Juan de Guarguatí, de Macaregua, que trae actos y trebejos (cadenas, collar de colmillos, lanza, capa) pero ni un rasgo de cuerpo o de traje; el universo pide expresamente reencuadrar esa sátira colonial sin inventar tradición guane."
"santander-mestizo","hidalgo_criollo_colonial","El hidalgo criollo de la colonia","personaje","1","","5","","Cinco caballeros de cinco relatos en un solo pliego: don Juan de Velasco, don Celedonio, don Juan Bautista de Olarte, don Juan de Arteaga Gamboa y don Anselmo Landínez de Chinchánchez. Todos visten el mismo registro colonial y ninguno trae un rasgo que lo separe de los otros. El coto de don Anselmo NO se ficha: el universo retira expresamente la ecuación entre bocio, apariencia corporal y falta de inteligencia."
"santander-mestizo","mendigo_del_camino","El mendigo del camino","personaje","1","","1","","Conduce el acto del relato: pide pan y posada, se le sueltan los perros y su maldición desata la tormenta que petrifica al rico. Silueta propia —peregrino harapiento y descalzo— que no sale del campesino ni del arriero. La escena se ficha antes del daño: sin heridas ni ataque visible."
"santander-mestizo","hacendado_impio","El hacendado impío","personaje","1","","3","","Tres relatos, un solo tipo: el rico de Mogotes que cierra la puerta, don Nazario que hizo de sus tierras un imperio de caña y maltrató a sus peones, y Arnefo que quema el rancho de Ardila. Del último el universo retira la historia racializada —nada de «el indio lascivo»—, de modo que la ficha es el mandón y su abuso, no una raza."
"santander-mestizo","mozo_del_pueblo","El mozo del pueblo","personaje","1","","8","","Ocho relatos y un solo muchacho: Nepito, Antoninito, Balbino, Remigio, Tenorio, Carlos Vicente Gómez, el parroquiano de la Calle Diez, Ritornelio. Es el que sale de noche y se topa con el espanto. Ritornelio entra aquí con una salvaguarda expresa: el corpus lo llama «el bobito» y el contrato debe tratarlo con dignidad, sin caricatura de discapacidad."
"santander-mestizo","mujer_del_pueblo","La mujer del pueblo","personaje","1","","10","","Diez relatos y un solo pliego: Rebeca, Maribella, Eumelia viva, Cantera con su yegua Pinta, doña María de Velasco, Ramona la cocinera, la mujer de Tona, la esposa de Cirilo, las doncellas del salto, las muchachas del baile. Ninguna trae un rasgo que la separe visualmente de las otras; lo que cambia es el acto."
"santander-mestizo","diabla_castigadora","La diabla castigadora (Rebeca vestida de Tenorio)","personaje","1","","1","","Ficha aparte de la mujer del pueblo porque el disfraz es el mito y cambia la silueta entera: botas, sombrero, saco y correa ancha del marido, esperando en la esquina del barrio Villanueva. Es persona, no criatura — el universo expone el disfraz humano y rechaza leer la violencia como honor, así que la ficha muestra la espera, nunca la agresión."
"santander-mestizo","nino_campesino","El niño del pueblo","personaje","1","","7","","Siete relatos y una sola figura de escala: Alberto Díaz a los siete años, el paje del padre Esteban, el niño indígena que guía al párroco de Cachalú, los que se descubren la cabeza ante la Puerta del Perdón, los que oyen los cuentos junto al fogón. Una biblia necesita una referencia de escala infantil y este corpus la pide en siete páginas."
"santander-mestizo","gente_del_pueblo","La gente del pueblo","colectivo","1","","9","","Una sola gramática de grupo para todos los modos de multitud del corpus: el vecindario que reza tras la puerta y mira por las rendijas, los serenos con bastón, las patrullas nocturnas armadas, la romería a Chiquinquirá, el gentío de la plaza, los revolucionarios de la tienda en 1896. Nueve relatos ahorrados en un pliego."
"santander-mestizo","hilanderas_fiqueras","Las hilanderas y torcedoras de fique","colectivo","1","","3","","La cultura material que define a Piedecuesta y que ninguna otra ficha cubre: escarmenadoras, hilanderas y torcedoras en los tornos y telares convirtiendo el fique en chuyas, con el radio puesto. Absorbe a Oliva, que es una de ellas y cuyo único rasgo propio —la cobija blanca— va en hoja de utilería."
"santander-mestizo","conquistadores","Los conquistadores","colectivo","1","","4","","Cuatro relatos: los de las armaduras relucientes que echan sal a la laguna, los arcabuces de la Villa de San Carlos, los hombres armados de Velasco en Bucarica. Grupo, no individuos: ninguno tiene nombre ni rostro en el corpus."
"santander-mestizo","aves_nocturnas_del_monte","Las aves de la noche santandereana","colectivo","1","","4","","Un pliego para las cuatro aves que el corpus nombra y que no conducen acto por sí solas: el surrucú o mochuelo cuyo canto se confunde con el grito de la Máncara, el cóndor montañés, el chulo y la guala del callejón. Fichar cada una por separado costaría cuatro pliegos por cuatro menciones."
"santander-mestizo","mula_de_carga","La mula de carga aparejada","animal","1","","5","","El animal que mueve este mundo: La Ojigacha, La Chenga y el resto de la recua de Mateo, la mula que llevan a herrar, la mula cuyos cascos anuncian al Ánima Coy. Viva y aparejada, distinta de las dos mulas espectrales."
"santander-mestizo","caballo_de_silla","El caballo de silla","animal","1","","6","","Seis relatos en un pliego: el alazán negro de Félix con su marca blanca en la frente, la bestia de Bolívar, la del padre Esteban con el paje en el anca, la yegua Pinta de Cantera, los caballos del rico de Mogotes. La chispa de la herradura contra el empedrado —el mecanismo entero de El diablo de Umpalá— es una regla de este mismo contrato, no otra ficha."
"santander-mestizo","perros_de_vereda","Los perros de la vereda","animal","1","","4","","Cuatro relatos: los que aúllan cuando baja la luz del Cáscaro, los que salvan a don Telmo de la Máncara, los que se esconden bajo las camas, los gatos y perros negros de 1960. Los mastines del rico entran aquí, pero la escena del ataque no se produce."
"santander-mestizo","chivo_y_cabro","El chivo y el hato de cabros","animal","1","","2","","Dos relatos: los cabros, ovejas y camuros que comercia Félix y el chivo con cachos en que aparece el Carriazo. Una sola ficha de cabra da las dos lecturas y ahorra la ficha aparte del estado-chivo."
"santander-mestizo","gallinas_y_pollo_saraviado","Las gallinas del patio y el pollo saraviado","animal","1","","3","","El pollo saraviado —gallina pintada o moteada— es el objeto por el que se cuenta un relato entero, y las mismas aves ponen el nido donde Alberto encuentra los huesos y acompañan al totumo dorado. Tres relatos, una ficha."
"santander-mestizo","guardianes_del_roble","La cascabel y el toro de cuernos agudos","animal","1","","3","","Los dos animales que hay que vencer para llegar al entierro del Carriazo van en un pliego de grupo: la serpiente cascabel y el toro viejo de cuernos agudos. El mismo contrato sirve para el ganado que sestea en el valle de Mogotes y para las reses de la laguna de Girón."
"santander-mestizo","arbol_centenario","El árbol centenario del camino","planta","1","","5","","Cinco relatos y un solo árbol grande junto al camino: el caracolí de doscientos años de Tres Esquinas que sostiene la campana, el roble bajo cuyas raíces está el entierro, los caracolíes y arrayanes de El Reventón, los robles bajo los que se cuenta a la Máncara. La especie cambia; la silueta y la función son la misma."
"santander-mestizo","fique_y_tabaco","El fique y el tabaco","planta","1","","5","","Las dos plantas del oficio santandereano, documentadas fuera del corpus por el AMB para Piedecuesta junto con la panela. La penca y la hebra, la mata y la hoja: sin este pliego la biblia no puede vestir ni la saquería ni la carga de la mula ni la casona de Girón."
"santander-mestizo","casa_de_bahareque","La casa campesina de bahareque","arquitectura","1","","8","","El techo bajo el que pasa medio corpus, y por eso un solo pliego, con la ruina resuelta dentro del contrato y no en un pliego aparte: barro, bahareque, zinc y paja en La Urgua, barro y cañabrava con techo de zinc en Villanueva, la choza de Silvestre, el rancho de Reyes, y la casa abandonada de tapia de El Reventón con la ventana rota. El patio con su pozo, la corraleja, el gallinero, el baño comunal y la cerca de arrayanes son partes de esta ficha, no fichas."
"santander-mestizo","casona_de_tapia_pisada","La casona de pueblo de tapia pisada","arquitectura","1","","7","","Siete relatos en un pliego: paredes gruesas de tapia y techo de teja y madera en la saquería de la carrera 8, la casona girones de don Anselmo con su turpial y su gato, la casa que alojó al Libertador con muebles de la Colonia, las casonas blancas de tejados, la casa principal de El Limonal y la mansión del rico de Mogotes. El interior de la saquería, con sus tornos y sus sacas, va en este mismo contrato."
"santander-mestizo","iglesia_de_pueblo","La iglesia y su atrio","arquitectura","1","","9","","Nueve relatos y un solo modelo espacial: San Antonio y sus campanas, la iglesia vieja con reloj de torre, la parroquia de San Juan, la Capilla de los Dolores, la capilla de El Limonal, el monasterio de las Clarisas, el convento de monjas, el atrio y sus gradas. Lo que cambia es la advocación, no la fábrica."
"santander-mestizo","puerta_del_perdon","La Puerta del Perdón","arquitectura","1","","1","","Es el objeto por el que se cuenta el relato y una pieza de patrimonio real: la puerta lateral de madera azul cielo con arco de piedra tallada de la parroquia San Francisco Javier. Se ficha aparte de la iglesia porque el relato no mira el templo sino el umbral. El contrato no representa el raspar la piedra ni el masticar la astilla: el universo separa el patrimonio material de los milagros."
"santander-mestizo","trapiche_ardiendo","El trapiche ardiendo de Nazario","arquitectura","1","","1","","El relato sólo enseña el molino en llamas sobre el horizonte, una vez al año, visto desde El Volcán, así que un pliego basta y el trapiche apagado no se ficha. El contrato lleva el caney, la hornilla, las prensas y las ruedas."
"santander-mestizo","tienda_de_pueblo","La tienda y el local de oficio","arquitectura","1","","5","","Cinco relatos y un solo local que da a la calle: la tienda «La Gran Luz», el hotel Bochinche, el negocio de golosinas y aspirinas de Félix con su letrero, la tienda de la Piquituerta, las cantinas donde Reyes Suárez contaba. La fragua del herrero comparte esta gramática de fachada; lo suyo de dentro va en la ficha del herrero."
"santander-mestizo","plaza_del_pueblo","La plaza","lugar","1","","7","","Siete relatos: la plaza desde la que se ve el cerro de la Cantera, la de Bucarica con su palenque de doctrina, la de Monguí, aquella donde amanece Petra. La Casa Consistorial, el Palacio Municipal y los arcos, gallardetes y banderas de la recepción al Libertador son gramática de esta ficha, no fichas propias."
"santander-mestizo","calle_empedrada","La calle empedrada de noche","lugar","1","","9","","El escenario de nueve relatos y, con el camino de herradura, el verdadero protagonista del corpus: adoquín y piedra, esquinas, zaguanes, el empedrado de Umpalá, el camino de la Pedregosa vieja. Los puentes —el de Plata, el Maldito, el vehicular de Tres Esquinas— entran aquí; no cambian de materia ni de luz."
"santander-mestizo","cueva_de_tesoro","La cueva de tesoro","lugar","1","","7","","El mayor ahorro de lugar del censo: ocho cuevas nombradas —la de la Pisca, el Cenicero, la Calentana, la del Indio, Cachalú, la del ermitaño en Ocaña, la caverna tras el salto, el túnel de El Clarinete— y la peña que la Máncara abre con un lamento, todas en un solo modelo espacial. El contrato prohíbe expresamente mostrar excavación, guaquería, restos humanos o tesoro espectacular."
"santander-mestizo","cementerio","El cementerio","lugar","1","","1","","Es el escenario del acto —allí Elvira se vuelve Sayona noche tras noche— y no es intercambiable con ningún otro espacio ya fichado: monumentos de mármol labrados por el propio doliente."
"santander-mestizo","piedra_del_muerto","La piedra del muerto","lugar","1","","1","","El objeto por el que se cuenta el relato: una roca antropomorfa en mitad del río Mogoticos que remeda un cuerpo amortajado, con las demás piedras de la loma leídas como ganado petrificado. Formación real y localizable, no paisaje genérico."
"santander-mestizo","canon_del_chicamocha","El cañón del Chicamocha y la Mesa de Los Santos","paisaje","1","","3","","El paisaje que ninguna otra ficha da: el corredor seco y vertical que baja a Pescadero, las Peñas de Salvavidas, las lomas del Ventorrillo, Punta de la Mesa y Blanquiscal. Es la contraparte árida del monte verde y el corpus la usa como umbral de lo sobrenatural."
"santander-mestizo","camino_de_herradura","El camino de herradura","paisaje","1","","8","","Ocho relatos ocurren encima de él: el camino real de San Isidro, el ramal viejo de la vía Curos, la ruta de San Rafael a Piedecuesta, el camino a Chiquinquirá. Su gramática lleva la luna llena, que el corpus usa como reloj, y la cruz alta de camino con letrero que los vecinos levantan donde alguien cayó."
"santander-mestizo","monte_y_vereda","El monte y la vereda","paisaje","1","","10","","El lomerío verde donde vive todo lo que no está en el pueblo: cerros, potreros, cañaduzales, cacaotales, labrantíos de maíz, guarumos, matarratones, palmas de cera, arrayanes y el ganado que sestea. El cerro y la Loma de la Cantera —nombrados en tres relatos— entran aquí: son el mismo lomerío y su ficha aparte no añadiría silueta."
"santander-mestizo","paramo_y_cordillera","El páramo y la Cordillera Oriental","paisaje","1","","4","","Cuatro relatos piden altura, frío y niebla permanente, que el monte bajo no da: las cumbres que cruza el caballo de Galeacer, las tierras altas de las lagunas bravas, las montañas de bruma de la Máncara. Clima y luz distintos bastan para separar el pliego."
"santander-mestizo","laguna_brava","La laguna brava","paisaje","1","","1","","Un ciclo entero de ocho lagunas cabe en un pliego: agua quieta sin origen ni destino, juncos en la orilla, remolinos que se tragan patos y personas, y las flores del lago que sirven de augurio. El totumo de frutos dorados y las calabazas blancas vueltas serpientes amarillas viven dentro de este contrato."
"santander-mestizo","rio_y_quebradas","El río y la quebrada","paisaje","1","","8","","Ocho relatos: el río de Oro que ni es río ni es oro, el Manco, el Hato, el Umpalá, la quebrada Salvavidas, la quebradita del Puente de Plata, el Mogoticos. El salto y su velo de agua son un estado de este mismo sistema —la caverna de detrás la lleva la ficha de cueva—, y la piedra con la mancha del río también."
"santander-mestizo","entierro_y_guaca","El entierro","objeto","1","","7","","El objeto por el que se cuenta un tercio del corpus: los dos baúles con plata, monedas de oro y billetes de El Reventón, las tres cargas bajo el roble, la guaca de monedas y ceniza, las dos vigas de oro del Socorro. Un pliego para todos. RESTRICCIÓN DURA del universo: nada de excavación, guaquería, restos humanos ni tesoro espectacular — el contrato muestra el baúl cerrado o la moneda suelta, no el hoyo abierto."
"santander-mestizo","campana_de_plata","La campana de plata del caracolí","objeto","1","","1","","El objeto por el que existe el relato entero: la campana colgada a media altura del tronco, que los caminantes hacían sonar a pedradas hasta que empezó a repicar sola y un día desapareció."
"santander-mestizo","lampara_de_petroleo","La lámpara de petróleo","objeto","1","","3","","Da nombre a un relato y es el faro de la sala en otro, pero sobre todo es el patrón de la aparición: la luz errante se reconoce porque se parece exactamente a esta llamita. Sin su pliego la ficha del fenómeno no tiene contra qué medirse."
"santander-mestizo","luz_errante_nocturna","La luz errante","fenomeno","1","","2","si","Regla de fenómeno, no criatura: una luz amarillenta sin portador que baja del Cáscaro a La Urgua bajo el aguacero sin que las gotas la apaguen y hace aullar a los perros, y la luz blanca que sube y baja sobre el entierro de la saquería. Familia de las luces errantes de media Colombia; lo santandereano es el aguacero de junio, el río Umpalá y la violencia bipartidista del fondo. Se ficha aparte de la Luz del Limonal, que sí tiene cuerpo y nombre."
"santander-mestizo","tormenta_de_montana","La tormenta de montaña","fenomeno","1","","5","","Cinco relatos usan el mismo castigo del cielo: el rayo convertido en látigo y el diluvio que petrifica al rico, la tormenta en que se manifiesta la Máncara, el aguacero de La Urgua, los aguaceros que los de Mogotes achacan a las lagunas bravas. El temblor y la lluvia de ceniza del cerro encantado entran como variante de este mismo contrato."
"santander-mestizo","hoja_utileria_devocion","hoja_utileria_devocion","objeto (hoja de agrupación)","1","","3","","Estola, cáliz, cristo bendito, agua bendita e hisopo, santos óleos, imagen de bulto de la Virgen de Chiquinquirá y de San Mateo, Cristo crucificado, vela de sebo, crucifijo y camándula. Nueve piezas con que el cura y la casa tratan con lo sobrenatural, en cuatro relatos."
"santander-mestizo","hoja_utileria_contra_el_espanto","hoja_utileria_contra_el_espanto","objeto (hoja de agrupación)","1","","3","","Tijeras cruzadas bajo el colchón, mostaza bendita, cruces y herraduras detrás de la puerta, ramos bendecidos, vaso de agua bajo la cama, escobas y garrotes con símbolos cabalísticos. La contracultura material del miedo, documentada en las fuentes: es lo que permite ilustrar el terror sin dibujar violencia."
"santander-mestizo","hoja_utileria_entierro","hoja_utileria_entierro","objeto (hoja de agrupación)","1","","3","","Azadón en reposo, olleta de ceniza, alcancía de barro, morrocotas, billetes viejos, moneda marcada, baúl, arcón y zurrón. Los trebejos de los siete relatos de entierros, sin un solo hoyo abierto."
"santander-mestizo","hoja_utileria_fique","hoja_utileria_fique","objeto (hoja de agrupación)","1","","2","","Torno, telar, huso, hebras y chuyas de fique, saca, lazos y crinejas. El oficio que define a Piedecuesta, en una hoja."
"santander-mestizo","hoja_utileria_arrieria","hoja_utileria_arrieria","objeto (hoja de agrupación)","1","","2","","Enjalma, aparejo, zurriago, damajuana de mataburro, carga de yuca, millo y tártago, herradura y clavo. Todo lo que va encima de la mula y en la mano del arriero."
"santander-mestizo","hoja_utileria_vestuario","hoja_utileria_vestuario","objeto (hoja de agrupación)","1","","4","","Ruana, zamarros, sombrero gris de ala ancha, botas, saco, correa ancha, cobija blanca de lana, sayal oscuro, hábito ceniciento, manto penitencial, miriñaque y crinolina. Sólo prendas que las fuentes nombran: la alpargata no aparece ni una vez en el material editorial y por eso no entra."
"santander-mestizo","hoja_utileria_armas_coloniales","hoja_utileria_armas_coloniales","objeto (hoja de agrupación)","1","","2","","Macana, espada, rodela o adarga, lanza, arcabuz, escudo, jaula de tigre y escritura pública sellada. Los objetos de los tres relatos coloniales, incluida la pieza de papel sobre la que gira la sátira del contrato."
"santander-mestizo","hoja_utileria_casa_y_fiesta","hoja_utileria_casa_y_fiesta","objeto (hoja de agrupación)","1","","4","","Fogón de leña, olleta de chocolate espumado, jarro de plata, amasijos, lechón, arepa, tabaco veguero, tiple, violín, guitarra, cohetes, gallardetes, banderas, radio, letrero pintado, hacha, navaja de marca campana y bastón de sereno. La mesa, la música y la mano de obra del pueblo."
"ticuna","ngutapa","Ngutapa","deidad_fuerza","1","","1","","Primer inmortal y padre de los cuatro hermanos: conduce el relato de apertura. El prompt ya fija el contrato completo (silueta humanoide geométrica de papel liso, torso rectangular abstracto, sin rasgos anatómicos, nunca con pecho femenino) y muestra las dos rodillas circulares luminosas en las dos escenas, así que la gestación es una sola forma y no paga estado."
"ticuna","kuayare","Kuãyaré","personaje","2","avispa","1","","Conduce el giro del relato: decide que Ngutapa sienta el dolor que le causó, se transforma y lo pica en ambas rodillas. El estado paga hoja porque el relato lo muestra y la silueta cambia por completo; el prompt vertical es exactamente la avispa geométrica."
"ticuna","yoi","Yoí","deidad_fuerza","1","","2","","Reaparece en dos relatos conduciendo la acción: nace de la rodilla derecha, derriba Wone, exprime el huito y pesca a la gente Tikuna en Eware. Recordado como reflexivo y sensato frente a Ípi; esa diferencia es de carácter y no de silueta, así que no paga estado."
"ticuna","ipi","Ípi","deidad_fuerza","2","pez con la frente brillante","2","","Reaparece en dos relatos. El estado paga hoja porque el relato lo muestra y cambia la silueta: queda incorporado en la masa de huito, es arrojado al agua, toma forma de pez y se distingue entre el cardumen por el brillo de la frente, que es cómo la mujer lo reconoce y lo saca."
"ticuna","inmortales","Seres inmortales del tiempo anterior","colectivo","1","","2","","Pueblan el mundo oscuro y son los «otros seres» que Yoí e Ípi convocan para derribar Wone: sin ellos no hay tala. Reaparecen en dos relatos. La hoja es gramática de grupo bajo el mismo contrato de abstracción geométrica de Ngutapa, precisamente para que nadie invente un catálogo de criaturas."
"ticuna","wone","Wone, el árbol inmenso","planta","2","caído, convertido en la red fluvial","2","","Es el objeto por el que se cuenta el relato y aparece también en el prompt vertical de «creacion» como el techo del mundo oscuro. El estado paga hoja porque el relato lo muestra y la silueta cambia radicalmente: árbol que cubre el mundo, y después tronco que es el cauce del Amazonas con ramas que son afluentes y follaje que son lagos."
"ticuna","tintin","Tintín que transporta el corazón","animal","1","","1","","Conduce la acción decisiva después de que otros fracasan: lleva el corazón hasta la cima del cerro y lo siembra, de donde nacen el umarí y la compañera de Yoí. Roedor documentado; la hoja evita que se convierta en un animal genérico."
"ticuna","arbol-de-umari","Árbol de umarí nacido del corazón","planta","1","","1","","Nace del corazón sembrado y su último fruto se transforma en la mujer que acompaña a Yoí: es el objeto que produce un personaje. No es intercambiable con Wone ni con la vegetación de fondo."
"ticuna","mujer-nacida-del-umari","Mujer nacida del último fruto de umarí","personaje","1","","1","","Conduce acciones propias: prueba las carnadas junto a Yoí y es quien logra sacar a Ípi del agua. No es una figura de parentesco sin cuerpo: el relato la hace nacer de un fruto y actuar."
"ticuna","huito","Huito","planta","1","","2","","Reaparece en dos relatos con función decisiva y cuerpo reconocible: el afrecho de sus frutos verdes se vuelve peces y oscurece la quebrada que por eso se llama Eware; su jugo marca la cara del visitante lunar y no se borra. Su tinte oscuro es la firma visual de los dos mitos."
"ticuna","peces-de-eware","Peces que cruzan la orilla y se hacen gente","colectivo","1","","3","","Gramática de cardumen para todo el corpus: los peces nacidos del afrecho que al tocar tierra se vuelven personas, los sábalos de las astillas de Moe y los peces que desbordan el envoltorio. Una sola hoja de peces de río, con las especies nombradas dentro, en vez de tres."
"ticuna","quebrada-eware","Quebrada Eware","lugar","1","","1","","Escenario del acto del relato y no intercambiable con el río grande: es agua oscurecida por el huito, de crecida estacional, donde ocurre la pesca de los humanos. Da nombre al mito."
"ticuna","rio-tatu-amazonas","Río Tatü, el Amazonas","paisaje","1","","3","","Nace del tronco de Wone y reaparece en tres relatos: por él entran los peces a Eware, por él viaja la canoa de Moe y sobre él cae la luz del Sol. Modelo de entorno del gran cauce."
"ticuna","cerro-woruapu-moruapu","Cerro Woruapü o Moruapü","lugar","1","","2","","Reaparece en dos relatos: allí siembra el tintín el corazón de Wone y allí espera Moru a Moe. Santos 2010 escribe Woruapü y la compilación de Moruapü escribe Moruapü; el canon no arbitra, así que una sola hoja declara las dos grafías en vez de inventar dos cerros."
"ticuna","mundo-oscuro-primordial","Mundo oscuro, nublado y semejante a vapor de agua","paisaje","1","","2","","Los dos primeros relatos transcurren en él y no es la selva ya formada: no hay cauces, ni claridad, ni límites. Modelo de entorno anterior a la caída de Wone; sin esta hoja se dibujaría una selva nocturna cualquiera y se perdería el argumento."
"ticuna","fuente-primordial","Fuente de agua primordial","lugar","1","","2","","Reaparece en dos relatos con función propia: junto a ella encuentra Ngutapa a Kuãyaré, a ella son llevados los cuatro hermanos para recibir fuerza y pensamiento, y por el tronco de Wone bajan sus aguas. Está en el prompt horizontal de «creacion»."
"ticuna","moe","Moe","personaje","2","ave","1","","Conduce todo el relato: mata los loros, acepta a Moru, talla la canoa, hunde a su hermano y parte con ella. El estado paga hoja porque el relato lo muestra («él mismo tomó otra forma de pájaro») y la silueta cambia; el prompt vertical pide dos pequeñas aves. La fuente no aclara la especie y la hoja no debe inventar equivalencias zoológicas."
"ticuna","moru","Moru","personaje","2","loro","1","","El relato muestra las dos formas y las hace alternar: el loro que se transforma en joven, y la joven que al amanecer vuelve a ser ave y se sube al techo. Las dos siluetas son necesarias y el argumento entero depende de que una oculte a la otra."
"ticuna","loros-moru","Loros Moru","colectivo","1","","1","","Conducen la acción de apertura: comen los frutos de chontaduro antes de que maduren y Moe empieza a matarlos, que es el reclamo del que nace todo. Gramática de bandada de la que Moru y su madre son miembros."
"ticuna","hermano-menor-de-moe","Hermano menor de Moe","personaje","1","","1","","Conduce el quiebre: espía y desde ese momento las virutas dejan de transformarse; después no puede volar y Moe hunde la canoa con él. Su forma de ave es la segunda de las dos aves del prompt vertical y se resuelve con la gramática de estado de Moe, así que no paga hoja aparte."
"ticuna","canoa-de-moe","Canoa tallada por Moe","objeto","1","","1","","Es el objeto por el que se cuenta y se titula el relato. Navegar boca abajo es una orientación de uso, no otro modelo; su conversión en boa la resuelve la hoja de la gran boa."
"ticuna","gran-boa","Gran boa","criatura","1","","2","","Reaparece en dos relatos con cuerpo reconocible: la canoa convertida en boa al llegar a Moruapü, y la boa que impide recoger los peces en la laguna hasta que las grullas la vencen y la cocinan. Son dos boas distintas y una sola hoja de cuerpo."
"ticuna","tinaja","Tinaja","objeto","1","","2","","Reaparece en dos relatos y en ambos hace un truco visual: tres tinajas llenas de chicha que la suegra no ve hasta que las golpea, y una serpiente que resulta ser una tinaja cuando el compañero la voltea. La hoja fija la forma para que los dos trucos funcionen."
"ticuna","joven-que-se-vuelve-luna","Joven que se convierte en Luna","personaje","2","cuerpo luminoso, Luna llena","1","","Conduce el relato y le da título. El estado paga hoja porque el relato lo muestra y cambia la silueta: entra por la abertura del tronco, trepa hacia el espacio y queda como cuerpo luminoso. La mancha de huito en la cara es el rasgo que la primera hoja tiene que resolver."
"ticuna","hermana-del-joven-luna","Hermana del joven Luna","personaje","1","","1","","Conduce la acción: observa la dentadura, va a la chagra, mastica la wocha, recibe en su cuerpo a la mujer boruga y marca la cara del visitante con huito. El relato gira sobre su cuerpo, porque es confundida con la esposa escondida. Está en el prompt horizontal con el cuenco de huito junto a la hamaca."
"ticuna","mujer-boruga","Mujer boruga escondida en la chagra","criatura","1","","1","","Conduce una acción propia: entra en el cuerpo de la hermana cuando esta mastica la wocha, y es la causa de la confusión. El relato sólo la muestra ya transformada en mujer, así que una hoja, sin forma animal que la fuente no escenifica."
"ticuna","wocha","Wocha","planta","1","","1","","Es el objeto que dispara el relato: sus hojas masticadas dan color oscuro y brillante a los dientes y transfieren a la mujer boruga. La fuente no la identifica botánicamente, y por eso necesita hoja propia: sin ella el modelo la inventa distinta en cada escena."
"ticuna","arbol-del-centro-de-la-chagra","Árbol del centro de la chagra nueva","planta","1","","1","","Es el vehículo del ascenso y el sujeto del prompt vertical: el joven entra por una abertura del tronco y trepa hacia el espacio. No es intercambiable con Wone, con el umarí ni con la vegetación de fondo; su interior recortado es lo que hay que resolver."
"ticuna","hombre-grulla","Hombre que se transforma en grulla","personaje","2","grulla","1","","Conduce el relato. El estado paga hoja porque el relato lo muestra y cambia la silueta: viaja volando con la bandada, aprende a ver como ellas y finalmente parte con ellas para siempre. El prompt horizontal pide exactamente el hombre-grulla en vuelo."
"ticuna","grullas","Bandada de grullas","colectivo","1","","1","","Conducen la acción colectiva: se reúnen para la pesca, construyen la casa, vencen a la boa y quedan en la memoria como madres del friaje. Gramática de bandada. El canon advierte que la publicación en castellano dice grullas y otras traducciones dicen garzas: la hoja no puede resolverlo inventando una especie."
"ticuna","esposa-del-hombre-grulla","Esposa del hombre grulla","personaje","1","","1","","Conduce el clímax: ve llegar la bandada, juzga pequeño el envoltorio y lo abre de un golpe, y los peces llenan la casa. Está en el prompt vertical como parte de la pareja sorprendida."
"ticuna","friaje","Friaje","fenomeno","1","","1","","Es el fenómeno que el relato explica y el que sigue existiendo, ya disminuido. La regla tiene que cubrir también la percepción transformada que el frío hace posible: varas que son peces eléctricos, hojas de techo que son rayas, serpiente que es tinaja. Eso es una sola regla de fenómeno con sus ejemplos, no un segundo modelo."
"ticuna","raya","Raya","animal","1","","1","","Además de ser lo que el hombre ve en lugar de las hojas, es animal con papel etiológico: cocinan la boa con una raya y la fuerza de esos animales queda asociada al friaje. Cuerpo reconocible y función en el desenlace."
"ticuna","envoltorio-de-hojas-con-peces","Envoltorio de hojas con unos pocos peces","objeto","1","","1","","Es el objeto por el que se cuenta el desenlace: pequeño y despreciable hasta que se abre y los peces llenan la casa. Es el sujeto del prompt vertical. Abrirlo es un uso del mismo objeto, no otro modelo."
"ticuna","laguna-de-las-grullas","Laguna de la pesca colectiva","lugar","1","","1","","Escenario del acto del relato: allí construyen la casa, allí está la boa y allí ocurre la pesca. No es intercambiable con el río ni con la quebrada, que ya tienen hoja."
"ticuna","cazador-que-se-vuelve-sol","Cazador que se convierte en Sol","personaje","2","Sol","1","","Conduce el relato. El estado paga hoja porque el relato lo muestra y cambia la silueta: bebe el achiote derramado, sale corriendo, empieza a elevarse y desde lo alto reconoce a su esposa y brilla con plenitud. Los dos prompts usan una forma cada uno."
"ticuna","esposa-del-sol","Esposa del Sol","personaje","2","árbol de algodón","1","","El estado paga hoja porque el relato lo muestra y cambia la silueta por completo: no presencia la partida, no puede dormir, y con el tiempo se transforma en un árbol de algodón que la suegra siembra en el extremo de la chagra. El árbol es el sujeto del prompt vertical y es lo que hace brillar al Sol."
"ticuna","achiote","Achiote","planta","1","","1","","Es el objeto por el que se cuenta el relato: el zumo rojo que se derrama sobre el cuerpo, en el suelo y en el fondo de la olla, y que al beberse da la fuerza extraordinaria. Está en el prompt horizontal. No puede confundirse con el huito: uno es rojo y da fuerza, el otro es oscuro y delata."
"ticuna","comunidad-tikuna","Comunidad Tikuna","colectivo","1","","6","","La hoja que más trabajo ahorra: suegras, suegros, cuñados, madres y la gente pescada en Eware salen todos de aquí. Su contrato es el más estricto del expediente y está literalmente escrito en el prompt de «creacion»: sin diadema, collares, aretes, pintura corporal, tatuajes ni vestuario inventado. Esa prohibición es también la barrera contra la marca de clan."
"ticuna","vivienda-tikuna","Vivienda Tikuna","arquitectura","1","","4","","Reaparece en cuatro relatos con cuerpo reconocible: la casa de la madre de Moe con el techo al que sube Moru, la casa que los peces desbordan, la casa de la suegra donde se rompe la olla y la casa donde cuelga la hamaca. El prompt de «creacion» prohíbe casas en ese mito, lo que confirma que aquí sí hay una tipología que fijar."
"ticuna","chagra","Chagra","lugar","1","","3","","Reaparece en tres relatos como espacio de trabajo con acto propio: allí están las mazorcas que la suegra cree intactas, allí esconde el joven Luna a la mujer boruga y cultiva la wocha, y allí se eleva el Sol y se siembra el árbol de algodón."
"ticuna","selva-y-varzea-del-amazonas","Selva y várzea del Trapecio Amazónico","paisaje","1","","6","","Modelo de entorno de los seis relatos: bosque inundable, orillas, quebradas y lagunas. Recoge además la fauna y los árboles que ninguna fuente identifica, para que no se inventen especie por especie."
"ticuna","hoja_utileria_ticuna_pesca","hoja_utileria_ticuna_pesca","objeto (hoja de agrupación)","1","","5","","Utilería del río, la canoa y la pesca: cinco objetos menores que ninguna escena describe y que el modelo inventaría distinto cada vez. Una hoja fija material, escala y acabado."
"ticuna","hoja_utileria_ticuna_domestica","hoja_utileria_ticuna_domestica","objeto (hoja de agrupación)","1","","5","","Utilería de la casa y la chagra: los cinco objetos menores del Sol, la canoa de Moe y la Luna. Incluye la fibra de chambira, que cierra un relato y no puede quedar sin forma documentada."
"tolima-huila-mestizo","mohan_poira","El Mohán / El Poira","deidad_fuerza","3","joven apuesto que atrae en la orilla (Poira) | hombre pequeño, musculoso, barba y cabello rojizos de Ambalema | forma oscura, huraña y feroz de las moyas del Saldaña, guardiana de pozos","2","si","Conduce la acción en su ruta y el módulo documenta cuatro perfiles regionales distintos (Ambalema, Vega de los Padres, Coyaima, Chenche) con una precisión que ningún otro corpus del censo va a igualar. El encargo autoriza fichas de estado para el Mohán: aquí valen tres, porque las siluetas no se parecen. La canónica debe salir de Tolima."
"tolima-huila-mestizo","la_patasola","La Patasola","criatura","2","mujer hermosa de una sola pierna que avanza a saltos | formas animales: perra negra de grandes orejas y vaca negra","2","si","Dos rutas del propio corpus y el perfil metamórfico de Misael Devia (1962) en una y el relato fuente completo de Ñor Mica en la otra. Las dos formas animales caben en una lámina; la mujer de una pierna necesita la suya. La canónica sale de aquí: es la versión con origen, apotropaicos (hacha, tusas, candela) y oración documentados."
"tolima-huila-mestizo","el_sombreron","El Sombrerón","criatura","2","caminante cubierto por un sombrero negro que le llega a las pantorrillas | jinete de negro sobre caballo negro con dos perros encadenados","1","si","El módulo fija el caminante del Gran Tolima como núcleo y el jinete como pariente regional; ambos están en las dos escenas planificadas y no comparten silueta. La canónica del caminante sale de aquí. Cundinamarca y Boyacá pueden heredar el jinete."
"tolima-huila-mestizo","la_muelona","La Muelona","criatura","1","","1","si","Una sola lámina: la dentadura cambia la cara, no la silueta, y el encargo sólo paga estado cuando cambia la silueta. El núcleo de Devia (mujer de camino, risa, molares) es el más limpio del país; la canónica sale de aquí."
"tolima-huila-mestizo","la_candileja","La Candileja","fenomeno","1","","1","si","Tres hachones en fila, uno adelante y dos detrás. No hay estado humano que dibujar: la abuela y los nietos ya son llamas cuando empieza el relato. La canónica sale de aquí porque el motivo de las tres llamas está completo; la recepción llanera puede heredarla."
"tolima-huila-mestizo","la_madre_de_agua","La Madre de Agua","deidad_fuerza","1","","1","si","Niña de cabellos casi blancos, ojos grises y pies vueltos hacia atrás. El detalle de los pies invertidos es el que la distingue de cualquier otra dama del agua y sólo esta versión (Devia) lo sostiene; por eso la canónica sale de aquí y no debe fundirse con la Mohana ni con la Madremonte."
"tolima-huila-mestizo","el_tunjo","El Tunjo","criatura","2","niño llorón junto al camino, con dientes y llamarada en la boca | figurita de oro que deja pedacitos de oro","1","si","Las dos formas están en las dos escenas planificadas y no comparten silueta. Panregional porque el nombre circula en Boyacá y en el corpus muisca; NO canónica aquí para la figurita de oro: el módulo prohíbe expresamente dibujarla como tunjo votivo muisca. Si otro corpus la hereda, que herede sólo el niño llorón del cruce de caminos."
"tolima-huila-mestizo","la_tarasca","La Tarasca","criatura","1","","1","si","Bestia enorme semejante a rata gigantesca, cabeza monstruosa, patas delanteras cortas y boca que se abre más que su propio rostro. Circula también por Antioquia y Caldas, pero sólo aquí está descrita con ese nivel de detalle; la canónica sale de Mariquita."
"tolima-huila-mestizo","el_cazador","El Cazador","fenomeno","2","el hombre vivo con su arma y su perro, antes de entrar a la montaña | la presencia sin cuerpo: grito que azuza, ladrido triste y viento repentino","1","","El módulo es explícito: después de la desaparición el Cazador NO tiene cuerpo visible. La segunda lámina es una ficha de cómo representar una ausencia, y existe justamente para que nadie le dibuje una figura. El perro va dentro de la ficha: es la mitad del espanto."
"tolima-huila-mestizo","el_chenche","El Chenche","criatura","1","","1","","Hombre muy alto, cabellos largos y barba abundante, camina sobre el río. El módulo prohíbe fundirlo con el Mohán aunque compartan río, estatura y barba; la ficha existe sobre todo para fijar en qué se diferencian (el Chenche no toca, no pesca, no guarda pozos: sólo muestra una promesa y espera)."
"tolima-huila-mestizo","el_silbador","El Silbador","animal","1","","1","","Pájaro gris terroso que casi nadie logra ver, en el borde de la rama. La ficha resuelve un problema difícil: hay que dibujar un ave que el relato define por no verse. Se dibuja la silueta discreta más las tres ondas del silbido. No se funde con el Silbón llanero."
"tolima-huila-mestizo","bruja_pisca","La bruja hecha pisca","criatura","1","","1","","Ave enorme, más grande que cualquier pava del corral, cuyas alas ocupan el caballete del techo. Sólo la forma de ave tiene ficha: el canon restaurado dice que al amanecer no quedan plumas ni huellas y que la familia no señala a ninguna vecina, así que la mujer no se muestra."
"tolima-huila-mestizo","espiritu_protector_del_inocente","El espíritu protector del inocente","deidad_fuerza","1","","1","","La escena planificada pide 'una presencia protectora sin violencia' junto a una familia del sur. Es la única entidad primaria dibujable de esa página y la ficha existe para fijar que se representa como presencia, sin cuerpo étnicamente caracterizado ni atributo inventado."
"tolima-huila-mestizo","gente_del_alto_magdalena","Gente del alto Magdalena","personaje","3","hombre campesino: de labranza de día y de camino nocturno con ruana y sombrero | mujer campesina y lavandera de orilla | niños","14","","Aquí está el grueso del ahorro. Catorce de los quince relatos ponen en escena a la misma gente: campesinos, pescadores, lavanderas, familias y niños del valle. Una sola ficha de tres láminas absorbe a Baltasar Cabrera, Timoteo, don Venancio Moncaleano, Gerardo, Servio, Saulo, Juanito, los muchachos del río, los vecinos que cargan y la familia que busca al niño."
"tolima-huila-mestizo","nor_mica","Ñor Mica (Nicolás Caicedo)","personaje","1","","1","","No cabe en el tipo genérico: hombre negro de unos setenta y cinco años, labrador de parcela pequeña, tiplero de San Juan y San Pedro. El módulo advierte que la prosa del recopilador es paternalista y racial; la ficha debe fijarlo con dignidad y sin caricatura, y por eso no puede resolverse como 'campesino más'."
"tolima-huila-mestizo","mineralogista_extranjero","El mineralogista extranjero","personaje","1","","1","","Única silueta no local del corpus: visitante europeo del siglo XIX con equipo de campo. Conduce toda la acción de su relato y aparece en las dos escenas planificadas; no es intercambiable con ningún campesino ya fichado."
"tolima-huila-mestizo","cortejo_de_animas","El cortejo de ánimas del Guando","colectivo","1","","1","","Cuatro figuras de negro que cargan la camilla, luces pequeñas detrás y un murmullo de rezos. Es el escenario vivo del acto del relato y no se parece a ninguna otra agrupación del corpus."
"tolima-huila-mestizo","venado_encantado","El venado grande","animal","1","","1","","Grande como un ternero, siempre quieto y siempre lejos. Es el objeto por el que se cuenta el relato: sin él no hay persecución, y vuelve a cruzar en la escena final para cerrar la lección."
"tolima-huila-mestizo","caballo_de_camino","El caballo de camino","animal","1","","3","","Tres relatos lo ponen en escena (el viajero al que alcanza el hachón, el caballo que vuelve solo con la grupa vacía, el caballo negro del jinete). Una lámina con la variante negra anotada."
"tolima-huila-mestizo","tiple_tolimense","El tiple","objeto","1","","3","","Tres relatos y en dos de ellos es el objeto por el que se cuenta la historia: el tiple pequeño de ocho cuerdas que suena solo y desaparece, el tiple de Ñor Mica y de Juanito en San Juan, el tiple que baja con la creciente cuando el Tunjo se va. Merece afinación visual propia (ocho cuerdas)."
"tolima-huila-mestizo","el_guando","El guando (camilla de guaduas)","objeto","1","","1","","Es el objeto por el que se cuenta el relato y le da el nombre: varas o guaduas amarradas, con el peso imposible como tema. Necesita escala de escena, no de utilería, porque cuatro personas la sostienen y un puente cede bajo ella."
"tolima-huila-mestizo","cultivos_y_vegetacion_del_alto_magdalena","Cultivos y vegetación del alto Magdalena","planta","1","","6","","Una sola lámina para maíz y tusas, yuca, guadual, guayabal, rastrojo, breñal y naranjo de patio. Seis relatos los usan y ninguno pide una planta que no esté aquí; separarlos habría sido pagar seis veces lo mismo."
"tolima-huila-mestizo","casa_campesina_tolimense","La casa campesina tolimense","arquitectura","2","habitada: techo, caballete, corredor, patio con barbacoa y corral | abandonada y en ruinas","7","","Siete relatos la usan. El estado en ruinas sí cuesta lámina porque la Candileja y el Tunjo la muestran vacía y el perfil cambia. El corral con perros, gallinas y ganado (frontera contra la Patasola) va dentro de esta ficha."
"tolima-huila-mestizo","capilla_rural","La capilla rural","arquitectura","1","","1","","Único edificio sagrado del corpus y escenario del acto que funda el relato: el cazador sale de la capilla en Viernes Santo a las tres de la tarde. No es intercambiable con la casa campesina."
"tolima-huila-mestizo","aguas_del_alto_magdalena","Aguas del alto Magdalena","paisaje","2","río ancho con playón y subienda, moyas y pozos hondos | creciente que se sale de cauce","8","","El dedupe más grande del corpus: Magdalena, Saldaña, la quebrada de los Jabalcones, el puente de madera del Guando y el pozo del Mohán son un solo río en dos estados, no ocho paisajes. La laguna quieta de los llanos va aparte porque no se parece."
"tolima-huila-mestizo","laguna_quebrada_y_manantial","Laguna, quebrada y manantial de los llanos","paisaje","1","","3","","Agua quieta entre llanos y bosque, con flores suspendidas sobre la corriente. El módulo insiste en que la Madre de Agua es de lagunas y manantiales, no del río grande; la silueta del paisaje es otra y no se puede resolver con la lámina del Magdalena."
"tolima-huila-mestizo","monte_canada_y_camino_real","Monte, cañada y camino real","paisaje","2","monte, cañada y rastrojo de día, con farallones y mesetas | camino real solitario de noche","9","","Nueve relatos. El claro de hongos y frutas podridas de Mariquita es un vestido de este mismo monte, no un paisaje nuevo. El camino nocturno cuesta su propia lámina porque es donde operan el Sombrerón, la Muelona, la Candileja y el Guando."
"tolima-huila-mestizo","altiplano_lache_piedra_y_sombra","Altiplano Lache: la piedra y la sombra","paisaje","1","","1","","Único territorio del censo que no es alto Magdalena: altiplano frío de la antigua provincia de Tunja, con piedras que fueron personas y la sombra entendida como don del Sol. La escena horizontal planificada lo exige explícitamente y lo separa con una franja del valle del sur. Es la ficha más discutible del inventario: media escena de una sola página."
"tolima-huila-mestizo","hoja_utileria_labranza_y_rio","hoja_utileria_labranza_y_rio","objeto (hoja de agrupación)","1","","5","","Herramienta de trabajo y de defensa del valle. Cinco piezas a escala de mano, con el hacha y las tusas anotadas como fórmula apotropaica contra la Patasola."
"tolima-huila-mestizo","hoja_utileria_casa_y_entierro","hoja_utileria_casa_y_entierro","objeto (hoja de agrupación)","1","","5","","Lo que se usa dentro de la casa y en el camino al cementerio. El costurero y la cuchara importan más de lo que parece: son el único cuerpo que el duende tiene."
"tolima-huila-mestizo","hoja_utileria_papel_oro_y_tabaco","hoja_utileria_papel_oro_y_tabaco","objeto (hoja de agrupación)","1","","5","","Las piezas de mesa: el oro que sólo existe como reflejo, la piedra y la figurita que la página de dioses lares enfrenta sin fundir, los papeles del mineralogista y el tabaco del patio."
"tucano","yepa_huake","Yepá Huáke","deidad_fuerza","1","","6","","La entidad central del corpus: seis de siete relatos. Organiza la partida, hace aparecer el Sol y sopla los rumbos, anuncia la entrega de las semillas, reparte memoria y papel, distribuye sueño y noche y transforma a los animales. Los prompts aprobados lo piden como silueta adulta secundaria, lisa y sin rasgos étnicos ni vestuario decorado; el contrato debe respetarlo."
"tucano","yupuri_bauro","Yúpuri Baúro","personaje","1","","5","","Cinco relatos: encabeza a la gente en la canoa, se sienta en el banco del primer viento, pide las semillas y mira la huerta antes de tiempo, recibe la memoria sin papel y envía a sus hermanos por la noche. Segundo cuerpo humano fijo del corpus."
"tucano","boraro","Boraró","criatura","1","","1","","Conduce el relato con su hermana. Sin estado extra aunque cambie de condición: el relato afirma la alternancia humano/espíritu pero no describe la forma espiritual, y el prompt horizontal aprobado la resuelve como desdoblamiento translúcido de la misma silueta. Su rasgo documentado más concreto —comer cangrejos— va en su propia ficha."
"tucano","boraro_numio","Boraró Numió","criatura","1","","1","","Ficha aparte y no variante: el relato «distingue a la pareja» y la asignación por sexo del soñador (ella se aparece a los hombres, él a las mujeres) exige dos cuerpos reconocibles. Mismo tratamiento translúcido para la forma espiritual, sin ficha de estado."
"tucano","yepa_vejkeo","Yepá Vejkeó","personaje","1","","1","","Hermana de Yepá Huáke y portadora de las semillas; conduce el acto central, distribuye las plantas en la huerta y advierte que las semillas son gente y hay que cuidarlas. El prompt horizontal aprobado la nombra como una de exactamente cuatro figuras femeninas."
"tucano","mujeres_dejkepaeg_majsa","Las tres mujeres Dejkepaég Majsá","colectivo","1","","1","","Acompañan a Yepá Vejkeó, cada una con un tallo de yuca, y caminan directamente a la huerta a distribuir las plantas. Grupo con número fijo y función propia; el prompt aprobado exige exactamente tres acompañantes y cuatro tallos."
"tucano","mujer_de_yupuri_bauro","La mujer de Yúpuri Baúro","personaje","1","","1","","Debe recibir a Yepá Vejkeó en el puerto, es quien recibe el encargo de cuidar las semillas y es quien observa al final que la tarea necesitará muchas manos una y otra vez. Cierra el relato; no es un cuerpo genérico."
"tucano","seritia_y_pataro","Serítia y Patáro","personaje","1","","1","","Los dos hermanos que van por la noche, cargan la caja, la abren antes de tiempo, llaman a las voces nocturnas y recogen parte de lo escapado. Una sola ficha para la pareja porque actúan siempre como unidad y el prompt horizontal aprobado los muestra cargando la caja entre ambos."
"tucano","dueno_de_la_noche_tucano","El dueño de la noche","deidad_fuerza","1","","1","","Entrega el recipiente cerrado y explica que Yepá Huáke repartirá su contenido y que las semillas del sueño se relacionan con el corazón. Conduce el primer acto. Es la misma figura del área cultural que el Ñami desana, pero aquí la fuente NO le da nombre: ficha propia, sin importar el nombre desana."
"tucano","aleman","Alemán","personaje","1","","1","","La figura extranjera a la que se le adjudican papeles y cuadernos. Es uno de los dos polos del pasaje y el prompt horizontal aprobado la pide explícitamente, sin banderas, armas ni uniformes. Fichar el cuerpo neutro es lo que impide que la escena reintroduzca la jerarquía que la revisión corrigió."
"tucano","vejke_danta","Vejké, la danta","animal","1","","1","","Conduce la investigación: niega la amenaza, muestra el silbato que estremece la tierra y es enviada a la selva con uno pequeño. El campo versiones autoriza identificarla como danta porque Fulop lo hace explícito. Sin estado: pierde el poder, no el cuerpo."
"tucano","animales_del_diawi","Los animales reunidos en Diawí","colectivo","2","forma primordial: cuerpo de gente con cola","1","","El estado sí cuesta ficha porque el relato lo muestra y cambia la silueta: «en aquel tiempo se parecían a la gente y que todos tenían cola», y después quedan como animales. El prompt horizontal aprobado pide colas completas, cortas o ausentes en la misma reunión, así que la variación de cola se resuelve dentro de la gramática y no en fichas por especie."
"tucano","ser_cantor_nocturno","El pequeño ser que canta en la oscuridad","animal","1","","1","","Conduce la salida del apuro: Serítia y Patáro lo llaman, responde uno y después varios, y sus voces les permiten medir el tiempo hasta que aclara. LÍMITE: la fuente no da especie; el prompt aprobado lo resuelve como «pequeñas voces de animales». El contrato debe fijarlo como cantor nocturno genérico y declarar la indeterminación."
"tucano","gente_tucano","La gente Tucano","colectivo","1","","7","","Gramática de grupo base, presente en los siete relatos: la persona que sueña y enferma, los que permanecen dentro de la casa, los que limpian la huerta, la reunión de narradores, las siluetas que reciben el sueño en Diawí. Los prompts exigen siluetas geométricas de papel liso sin marcas en la piel, pintura corporal ni vestuario decorado; ese límite vive en esta ficha."
"tucano","pueblos_y_jefes_de_la_canoa","Los pueblos, jefes y responsables de la travesía","colectivo","1","","1","","El viaje «no produce a una humanidad indiferenciada»: se reconocen pueblos, lenguas y territorios, y en algunas casas quedan grupos y responsables. El prompt horizontal aprobado los pide como «grupos de siluetas que permanecen en distintas orillas». Gramática distinta de gente_tucano porque su asunto es la diferenciación."
"tucano","canoa_transformacion_guio","La Canoa de Transformación (el gran güío)","criatura","1","","1","","Es el objeto por el que se cuenta el relato y el centro de los dos prompts aprobados. Una sola ficha: la canoa y el güío no son dos cuerpos sino la misma embarcación-serpiente que lleva personas, jefes, objetos y capacidades. Misma familia regional que Pamürïgahsiru (Desana) y la canoa-anaconda barasana, fichada aparte en cada comunidad."
"tucano","diaojpekowi","Diaojpekowí","lugar","1","","2","","Dos relatos: residencia de Boraró y Boraró Numió —de donde salen y a donde vuelven— y lugar desde el cual arranca el recorrido hacia el Vaupés. El prompt aprobado le da un arroyo. Lugar nombrado y de umbral, no un paisaje intercambiable."
"tucano","diawi","Diawí","arquitectura","1","","3","","La casa de reunión que aparece en tres relatos: allí se prepara la gran reunión y la huerta queda detrás, allí se reparte el sueño y allí se juntan todos los animales. Absorbe el puerto y la casa donde los demás permanecen. SENSIBLE: no representar el interior durante un baile."
"tucano","casas_de_surgimiento","Las casas de surgimiento","arquitectura","1","","1","","Las casas nombradas en que la canoa entra o se detiene y donde se reciben bancos, recipientes, tejidos, adornos o semillas. El prompt aprobado las resuelve como «umbrales geométricos». Espacio de paso repetido a lo largo del recorrido, no una maloca habitada."
"tucano","huerta_de_yuca","La huerta detrás de Diawí","lugar","1","","1","","Escenario del acto del relato: Yepá Huáke la prepara vacía, la distribución de los tallos la transforma en cultivo y la mirada anticipada la llena de maleza. Los dos prompts aprobados la sitúan como protagonista. Absorbe la maleza."
"tucano","monte_vaupes","El monte del Vaupés","paisaje","1","","2","","Paisaje maestro de tierra: el monte donde se cree encontrar a la aparición del sueño y la selva a la que es enviada la danta y a la que huyen las fieras. Fija escala vegetal y el sendero nocturno del prompt vertical aprobado."
"tucano","rios_vaupes_negro_amazonas","Los ríos Vaupés, Negro y Amazonas","paisaje","1","","2","","Paisaje maestro de agua en dos relatos: el río ancho que remonta la canoa entre casas de surgimiento y los tres grandes ríos que proceden del mar. Una ficha con variantes de tramo."
"tucano","mares","Los mares alrededor de la tierra","paisaje","1","","1","","Yepá Huáke forma mares alrededor del terreno y de otro mar proceden los ríos: el agua que delimita, distinta del agua que conecta. Es la mitad del título del relato y no es intercambiable con el paisaje fluvial."
"tucano","sol_tucano","El Sol","deidad_fuerza","1","","1","","Aparece por primera vez tras la palabra de transformación; no combate la oscuridad ni es robado, y bajo su luz cada grupo recibe su rumbo. Está en los dos prompts aprobados. Misma figura del área que Abe (Desana) y el Sol barasana; ficha propia, con su nombre y su evidencia."
"tucano","viento_y_soplo","El primer viento y el soplo hacia los cuatro rumbos","fenomeno","1","","1","","Una sola regla de fenómeno con dos fases documentadas: el primer viento que levanta el banco y lo sostiene en el cielo, y el aliento que extiende la tierra hacia los cuatro rumbos. Los prompts los muestran como espirales. Fusionadas porque son el mismo aire con dirección."
"tucano","formacion_de_la_tierra","La formación de la tierra","fenomeno","1","","1","","La tierra aparece primero en niveles y después como el suelo de este mundo, y se extiende con el aliento hasta que sobre ella aparece la naturaleza. Regla con fases; el prompt vertical la pide todavía incompleta debajo del banco que asciende."
"tucano","banco","El banco","objeto","1","","2","","Dos relatos: está entre los bienes que se reciben en las casas de surgimiento y es el asiento que el primer viento levanta y sostiene en el cielo con cuatro siluetas encima, según el prompt vertical aprobado. Reaparece con cuerpo reconocible, así que no va a utilería."
"tucano","caja_de_la_noche","La caja de la noche","objeto","1","","1","","Es el objeto por el que se cuenta el relato: se entrega cerrada, pesa, se abre antes de tiempo, se cierra otra vez y Yepá Huáke la abre al final para repartir. El prompt horizontal aprobado la pide «geométrica entreabierta». Hermana del recipiente desana, con su propia forma y su propia evidencia."
"tucano","semillas_del_sueno","Las pequeñas semillas del sueño","objeto","1","","1","","El dueño de la noche explica que deben relacionarse con el corazón y Yepá Huáke las reparte entre los grupos; el prompt vertical aprobado las pone en el centro de la escena como «pequeñas semillas luminosas del sueño». Objeto protagonista, no utilería."
"tucano","noche_y_sueno","La noche y el sueño repartidos","fenomeno","1","","1","","Regla con fases: la noche sale de golpe y borra el camino durante horas, se recoge en parte, y después se reparte junto con el sueño para que exista la alternancia. El prompt vertical divide la escena en día y noche. No incluye la secuencia ceremonial de dormir, despertar y bañarse, que queda excluida."
"tucano","papel_y_cuaderno","El papel y el cuaderno","objeto","1","","1","","Es el objeto por el que se cuenta el relato: lo que se le adjudica al extranjero y lo que obliga a escribir aquello que quiera recordar. Los prompts aprobados los piden «sin palabras legibles» y «sin texto», lo que ya es una decisión de contrato que la ficha debe heredar."
"tucano","memoria_sin_papel","La memoria que no depende del papel","fenomeno","1","","1","","El otro polo del pasaje y la tesis corregida de la página. No es un abstracto sin cuerpo: los prompts aprobados ya la resolvieron como «una espiral de recuerdos, casas y ríos» y «una memoria en forma de río de símbolos». Regla de fenómeno con forma propia."
"tucano","silbato_poderoso","El silbato de la danta","objeto","1","","1","","Es el objeto sobre el que gira el episodio: su sonido estremece la tierra y despedaza la naturaleza, Yepá Huáke se lo quita y lo sustituye por uno pequeño. El prompt vertical aprobado lo muestra como «un gran silbato de formas ondulantes». LÍMITE: forma explícitamente inventada y neutra, nunca la copia de un instrumento real; el silbato pequeño va en la misma ficha."
"tucano","yuca_tucano","La yuca","planta","2","yuca como figura-persona","1","","Es el objeto por el que se cuenta el relato. El estado cuesta ficha porque cambia la silueta y está mostrado: Yepá Vejkeó dice que «las semillas eran gente» y el prompt vertical aprobado lo lleva a imagen —«una planta de yuca crece como figura-persona entre capas de maleza». Los cuatro tallos van en la ficha base."
"tucano","sueno_y_perdida_del_alma","El sueño que toma el alma","fenomeno","1","","1","","Es el mecanismo del relato y lo que lo hace narrable sin violencia: se sueña con alguien de apariencia atractiva, se cree encontrarlo en el monte, se regresa, se enferma o se muere porque el alma fue tomada. El prompt vertical aprobado lo resuelve como una figura que se vuelve silueta espiritual, sin contacto sexual, muerte ni horror gráfico."
"tucano","hoja_utileria_tucano_1","hoja_utileria_tucano_1","objeto (hoja de agrupación)","1","","5","","Los cuatro bienes enumerados que se reciben en las casas de surgimiento —recipientes, tejidos, adornos y semillas— más el diente que Yepá Huáke le quita a la serpiente. Todos son objetos menores sin descripción en la fuente; la hoja debe resolverlos como formas neutras, sin tocados panindígenas ni instrumentos rituales inventados, según ordenan los prompts aprobados del corpus."
"tucano","hoja_utileria_tucano_2","hoja_utileria_tucano_2","objeto (hoja de agrupación)","1","","1","","Segunda hoja, con un solo objeto real restante: el recipiente de bebida con el que Yepá Huáke recibe el nuevo ciclo. Se mantiene aparte de la primera porque su registro es doméstico y no de intercambio, y porque conviene aislarla para que el editor pueda recortarla si decide que un solo objeto no justifica una hoja. Es la ficha más prescindible del censo Tucano."
"u-wa","rurcoca","Rurcocá","deidad_fuerza","1","","1","","Primer ser: sentada en su banco en Cuarára, mascando coca celeste, piensa a Sira y le enseña a crear. Conduce el primer acto del corpus."
"u-wa","sira","Sira","deidad_fuerza","1","","2","","Surge del pensamiento de Rurcocá y crea a su vez; en Kubashoa es el destino al que debe ir el protector. Dos relatos. El canon no lo homologa con Bistoa, Rukwa ni Canwará."
"u-wa","canwara","Canwará (Kanwara)","deidad_fuerza","1","","2","","Crea desde el mundo rojo de abajo por encargo de la madre del fuego y enferma por exceso de yopo; en las hijas del Sol masca y piensa con Rukwa hasta producir el kanoba. Fusión por variante ortográfica (Canwará/Kanwara) según §3 del doc; declarada, no afirmada como equivalencia doctrinal."
"u-wa","rukwa","Rukwa","deidad_fuerza","1","","2","","Manifestación solar de la luz: mezcla el calor del Sol con el agua de los lagos y pone el mundo en movimiento; envía el mensaje a Kanwara e indica a las abejas su descenso. Dos relatos."
"u-wa","ruruna","Ruruna","deidad_fuerza","1","","1","","Recibe el encargo de sembrar gente: de las lagunas salen las parejas que originan los clanes. Otorga — conduce acción, aunque en una sola frase."
"u-wa","madre_del_fuego","La madre del fuego","deidad_fuerza","1","","1","","Encarga a Canwará la creación en el mundo rojo de abajo; de esa orden dependen el peligro, el dolor y la mortalidad. Decide, luego tiene ficha. ADVERTENCIA: el canon solo le da fuego y el mundo rojo; nada más puede inventarse."
"u-wa","bistoa","Bistoa","deidad_fuerza","1","","1","","Nace en el cerro Tina tomando yopo; convoca a los tigres con el pensamiento, los armoniza con cuatro tomas, juzga la prueba y fija el límite territorial. Autoridad del relato."
"u-wa","dasa_duba","Dasa Duba","deidad_fuerza","1","","1","","Llama a Yanoa con el pensamiento, le asigna cerro y ganado, le pone el deseo, llama a Sirbetuna y piensa la lucha. Motor íntegro del relato. ADVERTENCIA: el canon no le da cuerpo; la ficha solo puede fijar presencia y escala."
"u-wa","yanoa","Yanoa","deidad_fuerza","2","ave","1","","Construye el corral, cuida las reses, teje con ituma/suskuara/kuibura/suara, pierde la lucha y se transforma en ave que vuela a los Llanos. La transformación se muestra y cambia la silueta. ADVERTENCIA: el canon dice que el ave no recibe especie ni canto; la ficha de estado debe quedar deliberadamente no identificable."
"u-wa","sirbetuna","Sirbetuna","deidad_fuerza","1","","1","","Reclama el ganado, amarra la vaca al primer intento, cocina y come solo, vence a Yanoa y guarda lejos los objetos de poder. Antagonista que decide y castiga."
"u-wa","kubashoa","Kubashoa","personaje","2","tigre_poderoso","1","","Hijo del tabaco: camina a los cuatro días, viaja de noche, protege a su familia, secretea los pichones y trasciende desde la cueva. Se transforma en tigres poderosos — estado mostrado y de silueta distinta. NO es Kusbasha (el canon lo dice expresamente)."
"u-wa","iurusa","Iurusa","personaje","1","","1","","Anciana que masca hoja de tabaco todos los días y de esa relación nace Kubashoa; cumple las instrucciones funerarias y regresa a la cueva al cuarto día."
"u-wa","kaeta","Kaeta","personaje","1","","1","","Hermano mayor: acompaña a Kubashoa en huerta, caza y pesca durante el día y ejecuta con Iurusa lo que el hermano pide antes de morir. Presente en varias escenas del relato."
"u-wa","kusbasha","Kusbasha","personaje","1","","1","","Hombre poderoso que observa cuatro veces el camino de Lisha, es tragado a la quinta, corta sus centros vitales y reparte la sangre para que el agua fluya. NO es Kubashoa: el canon mantiene la distinción."
"u-wa","uktara","Uktara","personaje","1","","1","","Atraviesa una entrada a la dimensión de los muertos, se niega a comer allí, obtiene semillas y vuelve en cuerpo y alma a transmitir lo observado."
"u-wa","padre_de_bakokuira","El padre de la familia de Bakokuira","personaje","1","","1","","Rol humano sin nombre que conduce todo el relato: regresa con carne o pescado, lee mal las huellas, arma la trampa, reconoce tarde al oso y pide armonización."
"u-wa","hombre_uwa_del_carpintero","El amigo U’wa del pájaro carpintero","personaje","1","","1","","Rol humano sin nombre: sale de cacería, pisa la culebra, recibe la curación y hereda el poder con su obligación. El canon dice expresamente que NO se le identifica como Werjaya."
"u-wa","viajero_uwa_de_monoa","El viajero U’wa de las rutas de intercambio","personaje","1","","1","","Rol humano sin nombre: prepara el viaje, caza con Monoa, comprende el alcance del peligro y pide un hijo protector para su casa."
"u-wa","monoa_padre","Monoa, el de la montaña","criatura","1","","1","","Miembro de la familia Monoa, hijos de la montaña que protegen a quienes transitan: invita a cazar, enfrenta con lanza y soga a los seres peligrosos y entrega un hijo. El canon obliga a separarlo del niño («para evitar tratarlos como una sola figura»)."
"u-wa","monoa_nino","El niño Monoa","criatura","1","","1","","Queda con la familia U’wa, aprende a perseguir a los seres que amenazan a la gente y muere tras el ataque del Urkoa. Cuerpo distinto (niño) y arco propio; el canon exige no fundirlo con el padre."
"u-wa","urkoa","Urkoa","criatura","1","","1","","Antagonista del clímax: enorme, con cuello y patas traseras capaces de golpear la cabeza del niño. Único de los cuatro seres peligrosos con indicios de cuerpo en el texto. ADVERTENCIA: research_notes prohíbe inventar apariencia más allá de esos indicios."
"u-wa","lisha","Lisha, la madre del agua","criatura","2","olas_devoradoras","1","","Vive en la laguna entre las peñas donde nace el Keroa; al levantarse se convierte en olas que arrastran y se comen lo que pasa. El paso de laguna quieta a olas se muestra y cambia la silueta. NO es Madremonte, Madreagua ni sirena."
"u-wa","almas_de_la_otra_dimension","Las almas de la dimensión de los muertos","criatura","2","murcielago_diurno","1","","De noche son sombras con forma humana que trabajan la tierra y buscan alimento; de día parecen murciélagos. Doble forma mostrada por el relato, silueta distinta: base sombra nocturna + estado murciélago."
"u-wa","colectivo_gente_uwa","Elenco U’wa","colectivo","1","","7","","Gramática de grupo de la gente U’wa: adultos, mujeres con mochila, niños cargados en la espalda, viajeros. Cubre a la madre y los niños de Bakokuira, el hermano de Kusbasha, la familia de la chicha, los sabios, las parejas fundadoras y los clanes. Mayor dedupe del corpus: siete relatos."
"u-wa","los_tiga","Los Tiga","colectivo","1","","1","","Familia numerosa de Taurete recordada como amenaza capaz de gran daño; comen los pichones secreteados y mueren. ADVERTENCIA: el canon prohíbe identificarlos con una etnia histórica o con demonios genéricos."
"u-wa","tigres_del_territorio_ancestral","Los tigres del territorio ancestral","colectivo","1","","1","","Convocados por Bistoa desde Kuiunbara, Tinshoikuba y Sheonkuba; cruzan los cerros de las cuatro dimensiones y siguen controlando la zona. ADVERTENCIA: «tigre» es la palabra de la fuente; no se fuerza taxonomía."
"u-wa","tigres_de_los_llanos","Los tigres de los Llanos Orientales","colectivo","1","","1","","Convocados también, fracasan una y otra vez, reciben la explicación sobre su conducta y aceptan la condición de no dañar. Deben leerse visualmente distintos de los tigres del territorio: la diferencia entre los dos grupos es el argumento del relato."
"u-wa","abejas_sin_aguijon","Las abejas sin aguijón, hijas del Sol","colectivo","1","","1","","Nacen del kanoba, bajan por las puertas de las esferas, reciben cuerpos y nombres en Rayria y llegan al mundo diurno en parejas de machos y hembras. Cubre a Yagshowa (la que conduce) y a la pareja de reserva. ADVERTENCIA: sin colmena apícola moderna ni reina/obreras/zánganos."
"u-wa","aves_consejeras_del_sendero","Las aves que avisan junto a los senderos","colectivo","1","","1","","Eligen esperar junto a los caminos y cambian la voz según el riesgo. Actúan como grupo y son una de las tres estrategias del relato; no son miembros del cientaro."
"u-wa","oso_protector_de_bakokuira","El oso protector de Bakokuira","animal","1","","1","","Observa y cuida a la familia, sube a buscar frutos, baja antes del amanecer y queda atrapado. Cubre también sus huellas, que son el objeto del malentendido. ADVERTENCIA: el canon no nombra especie ni admite rasgos taxonómicos."
"u-wa","pajaro_carpintero_kejeta","El pájaro carpintero (Kejeta)","animal","1","","1","","Amigo que espera en la casa, masca tabaco, secretea y sopla la herida, y después declara que el poder pasó a los U’wa. ADVERTENCIA: sin instrumentos occidentales, sin efectos luminosos, sin ave humanizada. El «cambio» posterior no se describe, así que no cuesta estado."
"u-wa","culebra_del_camino","La culebra del camino","animal","1","","1","","Escondida bajo una hoja, muerde al hombre y desencadena todo el relato; permanece en el territorio sin condena. Sin especie declarada. Cubre la hoja que la esconde."
"u-wa","cientaro","El pájaro cientaro","animal","1","","1","","Propone seguir a los viajeros cantando, los sopla para que sueñen profundo y convierte lo que conoce en canto. ADVERTENCIA: el canon conserva «cientaro» sin identificación zoológica."
"u-wa","tigrillo","El tigrillo","animal","1","","1","","Sigue a la gente hasta sus casas sin amenazar y se conecta con su espíritu mientras duerme; el consejo aparece con la voz de un familiar o vecino. Cubre el sueño como recurso visual."
"u-wa","perdiz","La perdiz","animal","1","","1","","Su canto en la época de lluvia anuncia a Kubashoa; es el plano de cierre del relato. ADVERTENCIA: el canon advierte que no toda perdiz es Kubashoa — la ficha es del ave, no del protector."
"u-wa","pichones_de_ciguena","Los pichones de cigüeña","animal","1","","1","","Encontrados dentro de una cueva en Taurete y secreteados por Kubashoa; su consumo resuelve el conflicto. Objeto por el que se cuenta el desenlace. Cubre la cueva-nido de Taurete."
"u-wa","ganado_vacuno","El ganado y la vaca","animal","1","","1","","Reses asignadas a Yanoa, escapan del corral y pasan por encima de él; la vaca es amarrada, cocinada y comida por Sirbetuna. Elemento de contacto que el canon conserva a propósito, sin fabricar falsa antigüedad."
"u-wa","tabaco","El tabaco","planta","1","","3","","Masticado por Iurusa hasta que nace Kubashoa, masticado por el carpintero para curar, preparado antes del viaje de intercambio. Tres relatos y objeto por el que se cuenta el mito 5."
"u-wa","yopo","El yopo","planta","1","","5","","Cinco relatos: Canwará enferma por exceso, Bistoa nace tomándolo y da cuatro tomas, Kusbasha lo lleva y lo toma dentro de Lisha, se prepara para el viaje, y el glosario define «alimento espiritual» como yopo. NO está en la lista sensible U’wa y el canon autoriza la escena sin convertirlo en recurso fantástico; research_notes del mito 4 prohíbe detallar prácticas."
"u-wa","coca_ayo","La coca / ayo","planta","1","","2","","Coca celeste que masca Rurcocá durante el primer acto de creación; ayo preparado con cal antes de las rutas de intercambio. Dos relatos, sustancia distinta de tabaco y yopo."
"u-wa","miel_cera_y_cerumen","Miel, cera y cerumen","objeto","1","","2","","Lo que las abejas traen al mundo intermedio y lo que se lleva en las rutas de intercambio. Es el objeto por el que se cuenta «el ordenamiento de la miel» y la caracterización lo señala como sustancia de pureza y fuerza."
"u-wa","vasijas_de_barro","Las vasijas de barro","objeto","1","","2","","Grandes vasijas donde Rukwa y Kanwara reúnen agua y producen vapor y lluvia; recipientes donde las almas cocinan la comida de cuyo olor se alimentan. Dos relatos, dos escenas centrales."
"u-wa","objetos_de_poder_de_yanoa","Ituma, suskuara, kuibura y suara","objeto","1","","1","","Elementos vinculados con poder y riqueza con que teje Yanoa y que Sirbetuna guarda lejos de los U’wa: son el objeto por el que se cuenta el relato. ADVERTENCIA: el canon ordena representarlos como tejidos u objetos abstractos, sin inventar armas, amuletos ni formas arqueológicas."
"u-wa","esferas_de_colores","Las esferas de colores y las cuatro dimensiones","paisaje","1","","3","","Arquitectura cosmológica: mundo blanco de arriba (luz, seco), contraparte roja de abajo (húmeda, oscura), mundo intermedio azul y amarillo nacido de la mezcla. Cubre las puertas por las que bajan las abejas y los cerros más altos de las cuatro dimensiones del mito 6, relación que el propio canon reconoce."
"u-wa","lagos_de_colores","Los lagos de colores","lugar","1","","2","","Donde las deidades guardan las materias y propiedades de lo existente y donde Rukwa mezcla el calor del Sol con el agua; incluye el lago Rayria de la esfera amarilla, en el que las abejas reciben cuerpos y nombres."
"u-wa","paisaje_sierra_y_paramo_uwa","Sierra, páramo y alta montaña U’wa","paisaje","1","","7","","Telón genérico de altura: nevado, páramo, cerros, lagunas altas. Siete relatos. Cubre cerro Tina, Lobara, Serobakara, Urko Kerata, Taurete y las montañas altas de Bakokuira. ADVERTENCIA: es paisaje, nunca un sitio identificable — todo el canon repite que no se geolocaliza y el encargo marca los sitios del Cocuy como sensibles."
"u-wa","paisaje_bosque_y_piedemonte_uwa","Bosque nublado y piedemonte U’wa","paisaje","1","","5","","Banda altitudinal distinta de la sierra: bosque, rastrojo, quebradas, pantanos del camino. Cinco relatos. La estación seca del mito 7 (selva sin fuerza, hambre y sed) queda documentada como variante de paleta dentro de esta ficha, no como estado con silueta nueva."
"u-wa","cuevas_y_penas_uwa","Cuevas y peñas U’wa","lugar","1","","3","","Cubre la cueva de la peña Toiroa donde se deja el cuerpo de Kubashoa y del que desaparece, las peñas entre las que vive Lisha y las entradas cubiertas por rocas del recorrido de Uktara. Tres relatos. Sin geolocalización."
"u-wa","rios_y_quebradas_uwa","Ríos y quebradas del territorio U’wa","paisaje","1","","2","","El Keroa nacido de la sangre de Lisha y la red de corrientes que sostiene la vida; la quebrada Monoa Lia y los ríos, pantanos y lagunas del camino de intercambio."
"u-wa","laguna_de_lisha","La laguna de Lisha","lugar","2","laguna_agotada_y_nacimiento_del_caudal","1","","Escenario del acto: la laguna entre las peñas donde nace el Keroa. El relato muestra cómo el agua baja hasta agotarse y cómo de la vena enterrada brota una gota, después una totumada y finalmente un caudal — cambio de silueta del lugar, mostrado, luego cuesta un estado."
"u-wa","dimension_de_los_muertos","La dimensión de los muertos","paisaje","1","","1","","Mundo sin angustia: árboles que florecen y dan frutos sin trabajo, huertas limpias, racimos de plátano grandes, animales que pasan junto a las personas sin atacar. Escenario íntegro de un relato y no intercambiable con ningún paisaje del territorio visible. Cubre el umbral de entrada."
"u-wa","llanos_orientales","Los Llanos Orientales vistos desde el territorio U’wa","paisaje","1","","2","","El otro lado de la frontera cosmológica: de allí vienen los tigres que fracasan y hacia allá vuela Yanoa convertido en ave. ADVERTENCIA CRÍTICA: es un paisaje U’wa, no Sikuani. No puede reutilizar ni una pieza de la biblia Sikuani; se construye como llanura lejana vista desde la sierra, y el canon prohíbe leer el límite como frontera administrativa o describir a los vecinos como «salvajes»."
"u-wa","caminos_uwa","Los caminos y senderos U’wa","lugar","1","","4","","El territorio se organiza mediante caminos: el camino habitual del oso, el camino entre Cascajal y Mulera con sus senderos, las rutas de intercambio de meses. Cuatro relatos."
"u-wa","huertas_uwa","Las huertas U’wa","lugar","1","","2","","Huerta donde Kubashoa acompaña a Kaeta y huertas limpias con racimos de plátano de la dimensión de los muertos. Cubre plátanos y cultivos."
"u-wa","casa_uwa","La casa U’wa","arquitectura","1","","4","","Vivienda alrededor de la cual juegan los niños y rondea el oso, donde espera el carpintero, donde Kusbasha recibe chicha y descanso, y hasta donde el tigrillo sigue a la gente. Cuatro relatos."
"u-wa","corral_de_yanoa","El corral de Yanoa","arquitectura","1","","1","","Construcción que Yanoa levanta y de la que escapan las reses pasándole por encima: escenario de dos beats del relato y objeto de contacto que el canon conserva a propósito."
"u-wa","soplo_y_secreta","El soplo y la secreta","fenomeno","1","","3","","Gesto que atraviesa tres relatos: el carpintero secretea y sopla la herida, Kubashoa secretea los pichones, el cientaro sopla a los viajeros para que sueñen. ADVERTENCIA: el canon autoriza solo el gesto simbólico — sin procedimiento médico reproducible, sin herida visible y sin el contenido de las fórmulas, que queda excluido aparte."
"u-wa","hoja_utileria_caza_y_camino","hoja_utileria_caza_y_camino","objeto (hoja de agrupación)","1","","5","","Cinco objetos menores de caza y viaje que atraviesan los relatos 2, 9, 10 y 11. ADVERTENCIA: el tejido se fija como objeto genérico, nunca como un diseño real U’wa."
"u-wa","hoja_utileria_casa_y_alimento","hoja_utileria_casa_y_alimento","objeto (hoja de agrupación)","1","","5","","Cinco objetos menores domésticos de los relatos 8 y 11."
"u-wa","hoja_utileria_intercambio_y_contacto","hoja_utileria_intercambio_y_contacto","objeto (hoja de agrupación)","1","","5","","Cinco objetos menores de las rutas de intercambio y del contacto histórico (relatos 8, 10 y 11), que el canon conserva a propósito sin fabricar falsa antigüedad prehispánica."
"ufaina","imarikakana_los_cuatro","Los cuatro Imarikakana","colectivo","1","","1","","Protagonistas de los cuatro episodios: construyen, piden, viajan y derriban. Gramática de grupo de cuatro hermanos adultos con jerarquía de edad legible, porque el menor actúa aparte todo el tiempo. El registro temprano los nombra Minokuribí, Karifú, Borokurí y Kayafikí; los trabajos contemporáneos dicen Imarimakâra."
"ufaina","imarika_kayafiki","Imárika Kayafikí, el menor","personaje","1","","1","","Ficha propia porque es quien conduce tres de los cuatro episodios por su cuenta: afloja los amarres de la caja, abre la esfera negra, sigue a la mujer del agua, descubre la trampa de la hija del Sol y corta las ataduras de la copa. La edición conserva su nombre justamente «cuando la acción depende específicamente del menor»."
"ufaina","el_abuelo_dueno_de_las_hojas","El abuelo, dueño de las hojas","personaje","1","","1","","Conduce el primer episodio y da la noche en el segundo: pregunta por los soportes, señala en su propio pecho la medida de los cuatro estantillos, enseña que cada material tiene dueño y entrega los dos recipientes con su advertencia."
"ufaina","mujer_mayor_del_agua","La mujer mayor que guardaba el agua y los peces","personaje","1","","1","","Conduce el tercer episodio: sale en secreto cada mañana, trae alimento y miente sobre la escasez del agua. Su acaparamiento es lo que se rompe."
"ufaina","hija_del_sol","La hija del Sol","personaje","1","","1","","Conduce el cuarto episodio: cada noche vuelve a colocar las astillas y el tronco amanece entero, y después amarra la copa al cielo. Es la antagonista del desenlace."
"ufaina","primera_maloca","La primera maloca (estructura y cubierta)","arquitectura","1","","1","","Objeto por el que se cuenta el primer episodio y escenario del aprendizaje: cuatro estantillos con la medida del pecho del abuelo, y media cubierta porque las hojas se escaparon. SENSIBLE: se ficha sólo estructura, cubierta y exterior; el interior y su disposición ritual quedan fuera (ver entidad excluida)."
"ufaina","palma_de_bombona","La gran palma de bombona","planta","1","","1","","Bajo ella viven los cuatro al comienzo: es el escenario del acto cero y una especie concreta, distinta de los milpesos cuya hoja sirve de cubierta. Sin ficha botánica se dibuja una palmera cualquiera y se pierde la diferencia entre las dos palmas del relato."
"ufaina","cuatro_depositos_de_agua","Los cuatro depósitos de agua","objeto","1","","1","","Objeto por el que se cuenta el tercer episodio, y con cuatro variantes que el texto distingue: unas aguas sin peces, otras con seres peligrosos y una donde peces y otros habitantes están juntos. Incluye el soporte que se derriba y de donde sale el cauce sinuoso."
"ufaina","arbol_que_se_vuelve_apaporis","El árbol enorme que se vuelve el río Apaporis","planta","2","caido_convertido_en_rio","1","","Clímax del ciclo y escenario del cuarto episodio: se corta de día, sana de noche, tiene la copa amarrada al cielo y al caer hacia el occidente se vuelve el Apaporis. El estado caído está mostrado y cambia todo, así que cuesta hoja aparte."
"ufaina","peces","Peces","animal","1","","1","","Aparecen dos veces y por dos vías distintas: viven en los depósitos de la mujer mayor y nacen de las astillas arrojadas al lago. Su origen es uno de los resultados del ciclo y la hoja debe mostrar la astilla y el pez en una misma lámina."
"ufaina","obtencion_de_la_noche","La obtención de la noche","fenomeno","1","","1","","Regla del segundo episodio: un soplo negro que cubre el Sol y la Luna, una oscuridad en la que hay que aprender a moverse, y después el ritmo recuperado entre claridad y sombra. Gobierna la iluminación de toda la biblia."
"ufaina","selva_y_rio_apaporis","Selva del bajo Apaporis y su cauce sinuoso","paisaje","1","","1","","Modelo de entorno del ciclo entero y resultado del desenlace. Coordenadas aproximadas del bajo Apaporis dentro de un territorio multiétnico, nunca un sitio sagrado identificado."
"ufaina","hoja_utileria_ufaina","hoja_utileria_ufaina","objeto (hoja de agrupación)","1","","5","","Cinco piezas menores en una hoja. Dos de ellas, la caja y la esfera, son recipientes prohibidos que el menor abre antes de tiempo: comparten regla y conviene diseñarlas juntas para que se lean como pareja."
"umbra","la_joven_de_guakurama","La joven de Guakurama","personaje","1","","1","","Conduce el relato entero: sueña con el visitante durante las noches de luna, habla con sus amigas, se unta las manos de beé, marca la espalda, busca entre los jóvenes al amanecer, reconoce a su hermano y corre al Cauca. Es la única persona con arco completo del corpus."
"umbra","el_hermano","El hermano, el visitante nocturno","personaje","2","lobo","1","","Base: joven del pueblo, visitante sin rostro identificable en la primera escena y con las franjas oscuras del beé en la segunda —la marca es superficie, no silueta, así que va en la misma hoja. El estado extra sí cuesta ficha porque el relato lo muestra y cambia el cuerpo entero: «cuando la luna desapareció, el hermano se transformó en lobo». Lobo, no jaguar: el canon retira esa lectura."
"umbra","gente_umbra","La gente del pueblo y del valle","colectivo","1","","2","","Una sola gramática de cuerpos para los dos relatos: las mujeres que duermen separadas, las amigas que dan el consejo, los jóvenes entre los que ella busca, y la población del valle que observa, que es trasladada a Supía y que guarda la lengua. Sobria y sin regalia inventada, como exigen los cuatro prompts."
"umbra","los_jeques_de_guacuma","Los jeques de Guacuma","colectivo","1","","1","","Conducen el relato completo: saben lo que ocurre más al sur, comprenden la amenaza, difunden la versión de la desaparición, suben al cerro ante la mirada ajena, salen en secreto hacia La Güaira y después guardan la lengua. Colectivo con autoridad y conocimiento, distinto de la población general; la ficha debe resolverlo sin coronas ni insignias inventadas."
"umbra","bee","El beé, la pintura negra","objeto","1","","1","","Es el objeto por el que se cuenta el relato: las amigas proponen untarse las manos con él y dejar la marca, y esa marca revela el parentesco y termina pintando la luna. El canon es explícito: es pintura negra y nada más, no se le inventa un uso ritual. La hoja muestra la pintura, las manos teñidas y la huella resultante."
"umbra","luna_pintada","La luna pintada y su desaparición","fenomeno","1","","1","","Regla con fases: las noches de luna en que ocurren las visitas, la luna que «apareció pintada» cuando la marca pasó del cuerpo al cielo, y la luna desaparecida que desata la transformación. Gobierna la luz de todas las escenas del relato y es el hilo que conecta marca, cielo y metamorfosis."
"umbra","niebla_de_la_desaparicion","La niebla y la ausencia de Batero","fenomeno","1","","1","","El mecanismo central del relato y la ficha que impide que un ilustrador lo vuelva magia: los jeques suben y dejan «niebla y ausencia», las siluetas se pierden detrás de capas de nube y el poder cree que ya no están. Es un rumor estratégico, no un portal ni un desvanecimiento sobrenatural; el prompt ya lo dice con esas palabras."
"umbra","guakurama","Guakurama, el pueblo grande","arquitectura","1","","1","","Escenario del acto: un pueblo grande donde la gente trabajaba el oro y la sal y donde las mujeres dormían separadas de los hombres. Esa separación de casas es la condición de todo el relato —permite la visita sin rostro—, así que el modelo espacial tiene que fijarla."
"umbra","rio_cauca","El río Cauca","paisaje","1","","1","","Escenario del acto de cierre: la joven corre hacia él y se lanza a sus aguas, y después el hermano corre detrás por el sendero paralelo. Las dos escenas planeadas lo tienen en cuadro. Se produce el río, no la caída: el canon prohíbe mostrar el salto y la muerte."
"umbra","cerro_batero","El cerro Batero cubierto de niebla","paisaje","1","","1","","Escenario del acto visible del relato y último lugar donde el poder puede situar a los jeques; incluye el valle de Umbra que se ve desde abajo. ATENCIÓN: es el mismo cerro que aparece en el corpus Ansermas como Karambá o Batero. Son dos biblias distintas y no comparten láminas, paleta ni tratamiento; aquí es niebla y ocultamiento, allá es morada de protectores."
"umbra","sendero_hacia_la_guaira","El sendero oculto hacia La Güaira","lugar","1","","1","","El segundo recorrido, que es lo que hace único a este relato: mientras el rumor sube al cerro, la salida secreta baja por bosque y quebradas hacia el lugar de refugio. La escena vertical ya lo pide entero. No es intercambiable con el cerro: uno es lo que se ve, el otro es lo que no debe verse."
"varios-sin-territorio","la_llorona","La Llorona","criatura","2","rostro revelado: mirada encendida en rojo y gesto macabro","1","si","Lámina base: mujer descalza de ropa clara manchada de barro y hojarasca, cabello largo, bulto infantil en brazos. Silueta y atributo son estables en todo el país: mujer de blanco, pies descalzos, lamento, agua cerca. Lo que cambia entre regiones es el motivo (víctima o filicida) y el paisaje, y eso se resuelve en la escena, no en lámina nueva. Una ficha nacional con dos estados basta."
"varios-sin-territorio","la_madremonte","La Madremonte","criatura","2","forma temible: piel musgosa, colmillos, ojos de candela, manos descarnadas","3","si","Lámina base: mujer alta y corpulenta vestida de hojas, musgo y bejucos, sombrero de flores y plumas. El vestido vegetal y el sombrero son el atributo estable; el follaje concreto cambia con el bosque y eso es cuestión de escena. Los dos estados (elegante y temible) sí cambian silueta y justifican dos láminas. Ficha nacional."
"varios-sin-territorio","el_mohan_poira","El Mohán (Poira, Muán)","criatura","2","gigante musgoso teñido de sombras y luces rojizas, visto desde el agua","1","si","Lámina base: hombre de cabello y barba largos con joyas de oro, sentado en roca, tabaco y tiple. Cabello, barba, oro y tabaco son estables de un río a otro. Lo que cambia es el tamaño (hombrecillo vs gigante musgoso) y eso ya está resuelto con los dos estados. Ficha nacional: ningún departamento ribereño necesita dibujarlo de nuevo."
"varios-sin-territorio","la_mohana","La Mohana","criatura","1","","1","si","Lámina base: mujer del agua de cabello largo que arrastra hombres con redes. El relato la declara un ser distinto del Mohán, no su versión femenina decorativa. Su silueta (mujer, agua, red, cabello) es estable; lo regional es el cuerpo de agua. Una ficha nacional evita que Tolima, Huila, Córdoba y Sucre la dibujen cuatro veces."
"varios-sin-territorio","el_sombreron_jinete_negro","El Sombrerón / Jinete Negro","criatura","2","caminante gigantesco cuyo sombrero alón baja hasta las pantorrillas","2","si","Lámina base: jinete de capa y sombrero negro sobre caballo negro, rostro oculto bajo el ala. El sombrero desmesurado y la ropa negra son el atributo invariable; lo único que cambia entre regiones es si va montado o a pie, y eso son los dos estados. Ficha nacional con dos láminas cubre todo el cinturón andino."
"varios-sin-territorio","el_hojarasquin_del_monte","El Hojarasquín del Monte","criatura","2","forma animal: mico velludo gigante o híbrido con patas y pezuñas","1","si","Lámina base: hombre-árbol de corteza, musgo, ramas y hojarasca, que se levanta de un tronco seco. El material del cuerpo (hojas, corteza, musgo) es el atributo; lo que cambia es si el cuerpo es humano o simiesco, y eso son los dos estados. Ficha nacional: el eje cafetero, Antioquia y Tolima heredan la misma lámina y sólo cambian el bosque de fondo."
"varios-sin-territorio","el_anima_sola","El Ánima Sola","criatura","1","","1","si","Lámina base: mujer entre llamas con los brazos alzados y cadenas abiertas, sed. Aquí la silueta la fija la estampa devocional, que es idéntica en todo el país: figura entre llamas, cadenas, brazos alzados. Es la ficha nacional más barata de todo el corpus porque el objeto de referencia ya está estandarizado por la imaginería católica popular."
"varios-sin-territorio","el_animero","El animero","personaje","1","","1","si","Lámina base: hombre de capa larga con farol tembloroso en una mano y campana de bronce en la otra. Capa, farol y campana son el oficio entero; no hay variación regional de vestuario que exija lámina nueva. Ficha nacional."
"varios-sin-territorio","el_cura_sin_cabeza","El Cura sin Cabeza","criatura","2","celebrante que se vuelve sosteniendo su propia cabeza o una calavera","1","si","Lámina base: sotana negra que camina sin cabeza sobre los hombros. La sotana sin cabeza es idéntica en cada ciudad; lo que cambia es la fachada de la iglesia, y eso ya está fichado aparte como templo colonial. Ficha nacional con dos estados."
"varios-sin-territorio","la_viudita_enlutada","La Viudita","criatura","2","el rostro descubierto: calavera de órbitas encendidas y boca desdentada","1","si","Lámina base: anciana baja de vestido negro, enaguas sonoras y mantilla verde que cubre el rostro. Lo estable es el luto, la mantilla y el andar rápido; lo que cambia es la edad (anciana en Pasto, joven en Nuquí) y el color del velo. La edad sí cambia silueta, pero se resuelve reusando el segundo estado, no una tercera lámina. Ficha nacional."
"varios-sin-territorio","la_vieja_colmillona","La Vieja Colmillona","criatura","1","","1","si","Lámina base: anciana de cabello hasta la cintura, manos peludas, uñas largas y dos colmillos, metiendo la mano en las brasas. Colmillos, greñas y manos peludas son invariables. Ficha nacional; cada región cambia el fogón, no la criatura."
"varios-sin-territorio","la_muelona","La Muelona","criatura","1","","1","si","Lámina base: mujer de belleza fascinante con dentadura desmesurada y resplandeciente que devora. No aparece en el mito de esta ruta (el módulo la mueve a similitudes), pero está detectada en el relato con cuerpo propio y el módulo prohíbe fundirla con la Colmillona. Producirla una vez aquí evita que Antioquia, el Eje Cafetero y el Valle la dibujen cada uno por su lado."
"varios-sin-territorio","el_duende","El Duende","criatura","1","","1","si","Lámina base: silueta pequeña recortada, con sombrero, rostro no fijado, más sugerida que mostrada. El módulo prohíbe fijarle cabello dorado, ojos azules o pies invertidos: la lámina correcta es una silueta sugerida. Precisamente porque no tiene rostro canónico, una sola ficha nacional sirve para todas las regiones sin contradecir ninguna."
"varios-sin-territorio","la_mano_peluda","La Mano Peluda","criatura","1","","1","si","Lámina base: mano grande, sin brazo ni cuerpo, cubierta de pelo oscuro y uñas largas, recorriendo muros y ventanas. El cuerpo ausente es el rasgo: no hay nada regional que dibujar salvo el muro de fondo. Ficha nacional."
"varios-sin-territorio","el_viejo_del_costal","El Viejo del Costal","criatura","1","","1","si","Lámina base: anciano mendigo de túnica raída, costal al hombro y una sola mano en forma de garra negra y peluda. Costal y garra son el atributo entero. El costal es además el mismo activo que el saco de huesos, así que la ficha nacional se abarata todavía más reusando ese objeto."
"varios-sin-territorio","la_nina_de_la_carta","La Niña de la Carta","criatura","1","","1","si","Lámina base: niña de vestido y velo de primera comunión ajado, herida larga en el cuello, carta cerrada en la mano. Traje de primera comunión y carta son estables; lo que cambia es el soporte (carretera o puerta de casa) y eso es escena. El levantar del velo no cambia silueta, así que no cuesta lámina aparte. Ficha nacional para Antioquia y el Eje Cafetero."
"varios-sin-territorio","el_arriero_espectral","El arriero espectral (el Gritón de los caminos)","criatura","1","","2","si","Lámina base: sombra de hombre alto y delgado, siempre en movimiento, arreando una recua que no se ve. Es un espanto del cinturón de la arriería, no de todo el país, pero circula en al menos cuatro buckets regionales con la misma silueta: ruana, sombrero, delgadez y recua invisible. Una ficha ahorra tres."
"varios-sin-territorio","los_meneses","Los Meneses","colectivo","1","","1","si","Lámina base: grupo de muchachos de doce a quince años, calzones antiguos y camisas blancas, mordiendo monedas. Vestuario de época y gesto de morder la moneda son el rasgo entero y no varían por departamento. Una sola lámina de grupo."
"varios-sin-territorio","los_porteadores_del_guando","Los cuatro porteadores del guando","colectivo","2","cuatro cargadores sin cabeza","1","si","Lámina base: cuatro cargadores con rostros de calavera. Los dos estados (calavera y sin cabeza) sí cambian silueta y por eso valen dos láminas; a cambio, con esas dos quedan cubiertas todas las variantes regionales del cortejo, que sólo difieren en la explicación moral."
"varios-sin-territorio","el_diablo_del_folclor","El Diablo del folclor (Mandingas, Maldingas, el Malo)","criatura","2","forastero de negro que bloquea el camino y reta con un instrumento","3","si","Lámina base: sombra ambigua sin rostro fijo que recibe varios nombres, junto a una máscara vacía. El módulo de Mandingas prohíbe darle pezuñas o cuerpo fijo, así que el estado canónico es la sombra ambigua; el segundo estado, el forastero de negro, sirve todos los duelos y pactos del país. Es la figura con más reuso potencial del corpus: casi cada región tiene su encuentro con el diablo."
"varios-sin-territorio","el_bus_fantasma","El Bus Fantasma","objeto","2","articulado urbano morado de madrugada, sin conductor","2","si","Lámina base: autobús intermunicipal antiguo de carretera, de noche y bajo lluvia. Los dos estados son dos vehículos distintos y por eso cuestan dos láminas, pero el estado de carretera lo reusa tal cual la Niña de la Carta y cualquier ruta andina con fantasma de camino. La G66 sólo la necesita Bogotá."
"varios-sin-territorio","el_hombre_caiman","El Hombre Caimán","criatura","2","híbrido: cabeza humana sobre cuerpo, patas y cola de caimán","1","","Lámina base: caimán completo entre la vegetación del caño. Estrictamente plateño: Plato, Magdalena, el caño Las Mujeres y Bocas de Ceniza. No es panregional y no debe producirse como ficha nacional; si otra región la pide, estará importando un emblema municipal. Dos estados porque la transformación cambia la silueta por completo."
"varios-sin-territorio","la_sirena_del_arco","La Sirena del Arco","criatura","1","","1","","Lámina base: cabeza y busto de mujer, cuerpo de pez y cola comparada con la de un ave, máscara, puñal y cetro. El módulo insiste en separarla de la Sirena de La Cocha y de las sirenas del Chocó. Cuerpo compuesto, máscara, puñal y cetro son exclusivos de Tumaco: ficha local, no nacional."
"varios-sin-territorio","la_bruja_silbona","La Bruja Silbona","criatura","1","","1","","Lámina base: ave negra que se ciñe sobre los tejados y silba buscando jóvenes. El módulo la declara ser distinto del Silbón y la fija como ave urbana de Piedecuesta. Ficha local de Santander."
"varios-sin-territorio","el_maraveli","El Maravelí (barco fantasma)","objeto","1","","1","","Lámina base: velero negro de mástiles quebrados que aparece por proa y reaparece a un costado. Barco fantasma del litoral Pacífico. El módulo lo separa expresamente del Riviel. No es nacional: el Caribe tiene otros barcos y no debe heredar este casco."
"varios-sin-territorio","el_judio_errante","El Judío Errante (Ahasverus)","personaje","1","","1","","Lámina base: viajero cansado de capa y bordón, visto de espaldas, sin rasgos identitarios exagerados. Leyenda universal pero con una única recepción colombiana documentada: Tunja. Sensible: el módulo exige evitar toda caricatura y no demonizar. No se recomienda como ficha nacional precisamente para que ninguna otra región la reutilice sin el aparato crítico de Tunja."
"varios-sin-territorio","francisco_el_hombre","Francisco el Hombre","personaje","1","","1","","Lámina base: juglar de rostro curtido y sombrero, acordeón colgado del hombro, a caballo por el camino guajiro. Emblema del vallenato, anclado en La Guajira y el Cesar. Es figura nacional como símbolo, pero su cuerpo (acordeón, sombrero costeño, desierto) no lo reutiliza ninguna región andina. Ficha local del Caribe."
"varios-sin-territorio","quinunchu","Quinunchú","personaje","1","","1","","Lámina base: guerrero de oído fino con lanza, que después del encuentro sólo silba. Única página canon del corpus, y por tanto la única que llega a guion y video: su reparto es obligatorio. Figura del Occidente antioqueño (Frontino, corregimiento Nutibara); no se reutiliza fuera de ahí."
"varios-sin-territorio","cacique_nutibara","El cacique Nutibara","personaje","1","","1","","Lámina base: cacique que levanta su gente para cuidar la tierra y recibe de vuelta a su hermano. Conduce acción dentro de la página canon (despacha a Quinunchú adelante y lo recibe cambiado). Ficha local; no aparece en ninguna otra ruta."
"varios-sin-territorio","el_brujo_de_la_alta_guajira","El brujo (piache) de la Alta Guajira","personaje","1","","1","","Lámina base: anciano de gestos largos entre humo de incienso, preparando dos pócimas. Conduce la acción que hace posible el mito: prepara los dos frascos. Sensible: figura wayúu narrada desde fuera, sin fuente comunitaria; se dibuja sobrio y sin parafernalia ritual inventada. No panregional."
"varios-sin-territorio","la_madre_del_hombre_caiman","La madre del Hombre Caimán","personaje","1","","1","","Lámina base: mujer mayor de la ribera que lleva comida al borde del agua. El módulo la conserva como la única persona que siguió atendiéndolo; su muerte cierra el relato. Conduce acción propia y no es intercambiable con el colectivo de lavanderas."
"varios-sin-territorio","el_caminante_de_camino_real","El caminante del camino real (trasnochador, vagabundo, viajero)","personaje","1","","6","si","Lámina base: hombre de ruana, sombrero y alpargatas que vuelve de noche, a veces descalzo y con hato. Es la víctima genérica de casi todos los espantos del país. Ruana, sombrero y alpargatas no cambian de departamento; el día y la noche se resuelven con luz, no con lámina nueva. Una sola ficha nacional sirve a los catorce corpus."
"varios-sin-territorio","pasajeros_espectrales_del_bus","Pasajeros espectrales del bus","colectivo","1","","1","si","Lámina base: siluetas planas tras las ventanas, todos los asientos ocupados menos uno, mirada ausente. Se resuelven como siluetas tras vidrio, sin esqueletos gráficos; por eso la misma lámina sirve para el bus de carretera y para el articulado. Ficha nacional barata."
"varios-sin-territorio","cortejo_de_la_misa_espectral","Cortejo de la misa espectral (monaguillo, monja de rostro de calavera, sacristán)","colectivo","1","","2","si","Lámina base: tres figuras eclesiásticas menores en un réquiem interminable. Hábito, sotanilla y roquete son idénticos en todo el país; sólo cambia la iglesia, ya fichada aparte. Una lámina de tres figuras cubre además al fraile vivo del claustro de Tunja."
"varios-sin-territorio","pescadores_riberenos_del_magdalena","Pescadores y bogas del Magdalena","colectivo","1","","2","si","Lámina base: hombres de la ribera con atarraya, cordel y potrillo, revisando redes a distancia. El vestuario del río (pantalón arremangado, sombrero de paja, torso descubierto) es el mismo de Honda a Plato. Ficha nacional del corredor del Magdalena: la reusan al menos cinco buckets."
"varios-sin-territorio","marineros_y_pescadores_del_pacifico","Marineros y pescadores del litoral Pacífico","colectivo","1","","2","","Lámina base: tripulación de rostros curtidos en embarcación pequeña, comparando brújula y carta. Vestuario y embarcación del Pacífico (potrillo, lancha de fibra, sombrero de mar) no son intercambiables con los del Magdalena ni con los del Caribe. Sirve a las dos rutas pacíficas de este corpus y a los buckets de Chocó y Pacífico sur, pero no al resto del país: no lo declaro nacional."
"varios-sin-territorio","banistas_y_lavanderas_del_rio","Bañistas y lavanderas del río","colectivo","1","","2","si","Lámina base: mujeres que lavan y se bañan en la orilla, cantando, de espaldas al monte. Sensible: el módulo del Hombre Caimán obliga a tratar el espionaje como transgresión, no como escena erótica. La lámina debe ser sobria y de espalda. Con esa regla, una sola ficha nacional sirve a todas las rutas de río y evita que cada región reinvente el encuadre."
"varios-sin-territorio","jornaleros_en_tertulia_nocturna","Jornaleros y peones en tertulia nocturna","colectivo","1","","2","si","Lámina base: grupo alrededor del fogón o del caney, con tiples, coplas y comida en las brasas. Es el escenario humano donde aparecen la mitad de los espantos del país. La lámina de grupo (cinco o seis figuras sentadas) no cambia de departamento. Ficha nacional; también resuelve a Silvestre y a Justino sin darles lámina propia."
"varios-sin-territorio","lenadores_y_cazadores_del_monte","Leñadores y cazadores del monte","colectivo","1","","2","si","Lámina base: hombres con hacha y escopeta que bajan la herramienta ante el guardián del bosque. Contraparte obligada de los dos guardianes del bosque. Vestuario idéntico en todo el país. Ficha nacional."
"varios-sin-territorio","oficios_del_camino","Oficios del camino (arriero, barequero, partera, rezandero)","colectivo","1","","2","si","Lámina base: cuatro oficios en una sola lámina: recua y carriel, batea, delantal de partera, escapulario de rezandero. Cuatro figuras en una lámina. Son los oficios que narran los mitos en medio país; producirlos juntos una vez evita que cada bucket haga su arriero y su rezandero por separado."
"varios-sin-territorio","familia_campesina","Familia campesina (madre, niños, abuelo)","colectivo","1","","5","si","Lámina base: grupo doméstico que escucha desde la puerta cerrada o abraza a los niños. El testigo colectivo por defecto de todo el folclor de espantos. Ruana, delantal y pies descalzos son los mismos de Nariño a Santander. Ficha nacional."
"varios-sin-territorio","caballo_de_camino","Caballo de camino","animal","1","","4","si","Lámina base: caballo criollo con montura campesina; relumbre espectral cuando lo monta un aparecido. Un mismo animal sirve al caballo ordinario y al espectral: lo espectral es iluminación y herradura sonora, no anatomía. Ficha nacional."
"varios-sin-territorio","perro_criollo","Perro criollo","animal","1","","2","si","Lámina base: perro de casa escondido bajo la cama; el mismo animal como perro grande del séquito. El perro es el detector de espantos de todo el folclor colombiano. Una lámina, dos posturas. Ficha nacional."
"varios-sin-territorio","cetaceos_del_pacifico","Delfines y ballena jorobada","animal","1","","1","","Lámina base: delfines que saltan abriendo camino; ballena jorobada como variante de acompañamiento. Conducen acción en el relato (abren paso a la aparición) y el módulo conserva la variante con ballenas. Es la ficha required más débil del corpus: una sola ruta la usa. La marco así con honestidad; si hay que recortar, es la primera que cae."
"varios-sin-territorio","las_dos_pocimas","Las dos pócimas (frasco rojo y frasco blanco)","objeto","1","","1","","Lámina base: dos botellas, una roja espesa y otra blanca cristalina. Es el objeto por el que se cuenta el relato: todo el mito gira sobre cuál frasco se usa y cuántas gotas caen. Local de Plato."
"varios-sin-territorio","la_carta_de_la_nina","La carta","objeto","1","","1","si","Lámina base: papel desgastado y cerrado cuya escritura se desvanece al leerse. Es el objeto por el que se cuenta el relato y el único elemento común a las tres versiones. Un papel no cambia de departamento: ficha nacional."
"varios-sin-territorio","el_saco_de_huesos","El saco de huesos / el costal","objeto","1","","2","si","Lámina base: costal de fique abultado que cruje al caer, sin mostrar restos. El módulo prohíbe representar restos humanos: es un bulto que cruje. Ese mismo bulto sirve al Silbón y al Viejo del Costal, y a cualquier bucket llanero. Ficha nacional."
"varios-sin-territorio","la_barbacoa_guando","La barbacoa / el guando","objeto","1","","1","si","Lámina base: camilla de guadua con cuerpo cubierto, toldo y cuatro velas, que cruje al avanzar. Es el objeto por el que se cuenta el relato. La guadua, el toldo y las cuatro velas son idénticos en todo el país rural. Ficha nacional."
"varios-sin-territorio","instrumentos_del_folclor","Instrumentos del folclor (acordeón, tiple, tambora, bandola, flauta de caña)","objeto","1","","5","si","Lámina base: familia de instrumentos en una lámina, incluido el tiple desafinado que ahuyenta al duende. Cinco instrumentos en una sola lámina, usados por cinco rutas de este corpus y por prácticamente todos los buckets regionales. Es la hoja de objetos con mejor retorno de todo el censo."
"varios-sin-territorio","la_talla_el_judio","La talla policromada llamada 'El Judío'","objeto","1","","1","","Lámina base: escultura procesional del siglo XVI sobre andas, tratada como patrimonio y no como caricatura. Es el objeto por el que se cuenta el relato tunjano: la leyenda existe porque existe la talla. Sensible: sin rasgos exagerados ni símbolos identitarios. Local de Tunja."
"varios-sin-territorio","pueblo_colonial_andino_de_noche","Pueblo colonial andino de noche (calle, corredor, ventana en arco)","arquitectura","2","corredor interior encalado con ventana en arco","5","si","Lámina base: calle y plaza exteriores con muros encalados y luna fría. Es el escenario más reutilizado del corpus y es arquitectónicamente el mismo de Pasto a Tunja. Dos láminas (exterior e interior) cubren cinco rutas aquí y prácticamente todos los buckets andinos."
"varios-sin-territorio","casa_campesina_andina","Casa campesina andina (fachada de bahareque y cocina de fogón)","arquitectura","2","cocina de fogón de leña con brasas y trastos colgados","5","si","Lámina base: fachada y corredor de bahareque con teja. La cocina de fogón es el escenario de aparición más frecuente del folclor campesino colombiano y es la misma construcción en toda la cordillera. Dos láminas, uso nacional."
"varios-sin-territorio","templo_colonial","Templo colonial (fachada y nave)","arquitectura","2","nave interior con altar sencillo y campanilla","4","si","Lámina base: fachada y atrio de piedra. Una fachada y una nave coloniales sirven a todas las rutas religiosas del país; el claustro de Tunja y el santuario de Chiquinquirá se resuelven como redress de la misma nave. Ficha nacional de dos láminas."
"varios-sin-territorio","cementerio_de_pueblo","Cementerio de pueblo con capilla","arquitectura","1","","5","si","Lámina base: muro, portada y capilla de cementerio rural, con velas en las tumbas. Cinco rutas de este corpus terminan en un cementerio y la arquitectura funeraria rural colombiana es homogénea. Ficha nacional de una sola lámina."
"varios-sin-territorio","plaza_y_mercado_de_pueblo","Plaza y mercado de pueblo","arquitectura","1","","3","si","Lámina base: plaza con puestos de mercado en día de feria o noche de pago. Escenario de acto en tres rutas. La plaza de pueblo colombiana es tipológicamente una sola. Ficha nacional."
"varios-sin-territorio","trapiche_y_caney","Trapiche y caney de molienda","arquitectura","1","","1","si","Lámina base: enramada del caney junto al trapiche y el cañaduzal, después de la molienda. Escenario completo de la ruta del Silbón y estructura que se repite en todo el país panelero. Una lámina."
"varios-sin-territorio","palacio_subacuatico","Palacio subacuático de oro y cristal","arquitectura","1","","2","si","Lámina base: salón sumergido de oro, cristales y piedras, con música y tiempo detenido. Dos rutas de este corpus y todo el repertorio de dueños del agua del país comparten el mismo interior imposible. Ficha nacional."
"varios-sin-territorio","estacion_de_transmilenio","Estación de TransMilenio de madrugada","arquitectura","1","","1","","Lámina base: andén vacío entre las dos y las tres de la mañana, puertas cerradas, luz fría. Escenario del ciclo G66 y estrictamente bogotano. Ninguna otra región lo reutiliza."
"varios-sin-territorio","camino_y_carretera_de_montana","Camino y carretera de montaña","paisaje","2","carretera de curvas con puente estrecho del siglo XX","7","si","Lámina base: camino de herradura empedrado y embarrado del siglo XIX. Es el escenario único más frecuente del folclor colombiano de espantos. Los dos estados no son variantes regionales sino dos siglos: el camino de herradura y la carretera. Con esas dos láminas quedan cubiertas siete rutas aquí y casi todas las de las otras regiones."
"varios-sin-territorio","monte_andino_humedo","Monte andino húmedo (bosque de niebla, bejucos, hojarasca)","paisaje","1","","4","si","Lámina base: espesura cerrada con bejucos, nacimiento de agua y suelo de hojarasca. El territorio de los dos guardianes del bosque. Salvo la paleta, la estructura del bosque de niebla es la misma en toda la cordillera. Ficha nacional."
"varios-sin-territorio","cafetal_y_quebrada","Cafetal y quebrada de montaña","paisaje","1","","3","si","Lámina base: sendero entre cafetales que baja a un remanso o pozo de quebrada. Paisaje distinto del monte cerrado y del río ancho, y es donde ocurren el lamento y el robo del fogón. Ficha nacional del cinturón cafetero."
"varios-sin-territorio","rio_magdalena","Río Magdalena: orilla, moya y remolino","paisaje","1","","4","si","Lámina base: orilla ancha con rocas y moyas profundas donde giran los remolinos. La arteria del folclor fluvial colombiano. Una sola lámina sirve de Honda a Bocas de Ceniza cambiando vegetación en la escena. Ficha nacional."
"varios-sin-territorio","litoral_y_estero_del_pacifico","Litoral y estero del Pacífico de noche","paisaje","2","playa y manglar bajo luna llena","2","","Lámina base: mar abierto nocturno con niebla y horizonte perdido. Paleta, vegetación y luz del Pacífico no son intercambiables con el Caribe ni con el interior. Dos láminas porque el mar abierto y la playa de manglar son dos escenarios distintos. Sirve a Chocó y Pacífico sur, no al resto del país."
"varios-sin-territorio","desierto_y_sabana_de_la_guajira","Desierto y sabana de La Guajira","paisaje","1","","2","","Lámina base: dunas y monte espinoso bajo sol bajo o luna. Escenario del duelo del juglar y del viaje al brujo de la Alta Guajira. No se reutiliza fuera del Caribe seco."
"varios-sin-territorio","vision_camino_de_piedras_y_puente_invisible","La visión: camino de piedras antiguas y puente invisible","paisaje","1","","1","","Lámina base: camino de piedras antiguas, puente invisible sobre río bravo y lomas que son tumbas viejas. Es el acto central de la única página canon y por tanto de la única secuencia que llegará a video. No es intercambiable con el camino de montaña ya fichado: aquí el puente no se ve y las lomas son cerritos funerarios. Local del Occidente antioqueño."
"varios-sin-territorio","guayacan","Guayacán","planta","1","","3","si","Lámina base: árbol en pie, tronco derribado y palo cortado como contra. Un mismo árbol cumple tres funciones narrativas distintas en tres rutas. Una lámina con tres estados de la misma especie. Ficha nacional."
"varios-sin-territorio","senal_sonora_sin_cuerpo","La señal sonora sin cuerpo (grito, silbo, eco que invierte la distancia)","fenomeno","1","","3","si","Lámina base: ondas gráficas que recorren quebradas, vegetación movida, perros escondidos, sin criatura visible. Es la lámina que resuelve los espantos que los módulos prohíben encarnar. Sin ella, la tentación de dibujar un monstruo reaparece en cada región. Producirla una vez y declararla obligatoria para todo espanto acústico del país es el ahorro menos obvio y de los más grandes."
"varios-sin-territorio","revelacion_de_calavera","La revelación de calavera (bajo el ala, bajo la mantilla)","fenomeno","1","","4","si","Lámina base: tratamiento del rostro que se vuelve calavera de órbitas encendidas, sin gore. No reemplaza el segundo estado de cada figura, pero lo vuelve un reencendido barato en vez de una lámina nueva. Es el estado que más se repite en el folclor colombiano de espantos: estandarizarlo una vez abarata el segundo estado de una docena de figuras en las trece regiones."
"varios-sin-territorio","neblina_que_cierra_el_camino","La neblina que se arremolina y cierra el camino","fenomeno","1","","5","si","Lámina base: capas de niebla que borran el sendero y hacen repetir el paisaje. Es el mecanismo del extravío, que es el castigo más repetido del corpus. Una lámina de tratamiento atmosférico, reutilizable literalmente por todas las regiones."
"varios-sin-territorio","tormenta_de_monte_y_creciente","La tormenta de monte: aguacero, relámpago y creciente","fenomeno","1","","3","si","Lámina base: aguacero con relámpago que parte la noche y quebrada que se enturbia y crece. Segunda lámina atmosférica obligatoria. Aguacero y creciente se ven igual en toda Colombia; sólo cambia lo que hay debajo. Ficha nacional."
"varios-sin-territorio","hoja_utileria_lumbre_y_devocion","hoja_utileria_lumbre_y_devocion","objeto (hoja de agrupación)","1","","5","","La luz del folclor nocturno y el altar doméstico. El motivo de pedir lumbre atraviesa tres rutas (Jinete Negro, Viudita, Mohán) y la devoción a las ánimas otras tantas; todo se lee a escala de prop."
"varios-sin-territorio","hoja_utileria_camino_y_carga","hoja_utileria_camino_y_carga","objeto (hoja de agrupación)","1","","5","","Lo que lleva encima el caminante del camino real. Incluye la moneda de Los Meneses, que es bisagra de relato pero objeto menor."
"varios-sin-territorio","hoja_utileria_del_agua","hoja_utileria_del_agua","objeto (hoja de agrupación)","1","","5","","Atrezo de río y de mar, común a las rutas del Magdalena y del Pacífico."
"varios-sin-territorio","hoja_utileria_del_fogon","hoja_utileria_del_fogon","objeto (hoja de agrupación)","1","","5","","Comida, herramienta y ofrenda: el atrezo de la tertulia nocturna y del monte."
"varios-sin-territorio","hoja_utileria_funeraria","hoja_utileria_funeraria","objeto (hoja de agrupación)","1","","5","","Luto, contra y cortejo. La mantilla suelta sirve a todas las viudas regionales sin lámina nueva."
"wounaan","maach-aai","Maach Aai","deidad_fuerza","1","","1","","Conduce la creación: forma la tierra, levanta las montañas, abre el mar, pone el sol y la luna, hace la playa del Sábalo y crea a su hijo Ewandam; a petición de este forma la gente. Está en el prompt horizontal. La memoria comunitaria le asigna función distinta a la de Ewandam y la ficha debe sostener esa diferencia."
"wounaan","ewandam","Ewandam","deidad_fuerza","1","","3","","Reaparece en tres relatos conduciendo la acción: pide la creación de la gente, promete alimento sin trabajo, crea las plantas de la competencia y sala el mar con una cucharada. Es el padre que los Wounaan reconocen. Está en los prompts de dos mitos."
"wounaan","dosat","Dosat","deidad_fuerza","1","","1","","Conduce el segundo motor del relato: lleva machete y hacha, enseña a preparar la tierra y a sembrar, responde a cada planta con otra parecida y fracasa al salar el mar. El prompt existente exige resolverlo «sin demonio europeo»: los nombres Dosat y Satanás son mediación cristiana visible y la ficha no puede convertirlo en diablo de iconografía occidental."
"wounaan","gente-de-barro","Gente de barro de la playa del Baudó","colectivo","2","levantadas, ya con vida","1","","Es el objeto por el que se cuenta el relato. El estado paga hoja porque la fuente muestra las dos formas y la silueta cambia: primero muñecos quietos sobre la arena, cercanos al color de la tierra, y después figuras que se levantan y habitan el mundo. Los dos prompts existentes trabajan justo ese tránsito."
"wounaan","playa-del-rio-baudo","Playa del río Sábalo, en el Baudó","lugar","1","","1","","Escenario del acto del relato y nombrado con precisión por la memoria comunitaria: allí el agua encuentra la tierra y allí se forman los primeros cuerpos. El canon advierte que pertenece al tiempo cosmogónico y no es Santa Marta de Curiche, así que no puede resolverse con una orilla genérica ni con una localidad actual."
"wounaan","mar","Mar abierto por Maach Aai","paisaje","1","","2","","Reaparece en dos relatos: lo abre Maach Aai en la creación y es el objeto de la prueba de la sal. El encuentro del río con el mar está en el prompt horizontal del weguer. Es un entorno distinto del río y la selva y necesita su propio modelo."
"wounaan","benkhuun","Benkhuun","personaje","1","","2","","Reaparece en dos relatos conduciendo acción: busca el balso, vacía la madera, talla los pasajeros, se forma esperando los sueños y sana con plantas y espíritus. La hoja es del oficio, no el retrato de una persona real, y debe fijar que en woun meu es benkhuun y no jaibaná."
"wounaan","barca-de-los-espiritus","Barca ritual tallada en balso","objeto","1","","1","","Es el objeto por el que se cuenta el relato: vaciada de una pieza ligera de balso, con pasajeros tallados dentro, instrumento ritual y no canoa de transporte ni recuerdo de viaje. Su tamaño pequeño no disminuye su función y eso es lo que la hoja debe resolver."
"wounaan","pasajeros-protectores","Pasajeros tallados: figuras humanas y animales","colectivo","1","","1","","Cada pasajero acompaña y protege al dueño de la barca y su selección expresa relaciones que el benkhuun conoce: no son adorno. Gramática de conjunto de figuras talladas. El canon prohíbe llamarlas ídolos, juguetes o equivalentes de objetos ajenos, y prohíbe leerlas como retratos de espíritus."
"wounaan","barca-o-chingo-suspendida","Barca pequeña o chingo suspendida en la rogativa","objeto","1","","2","","Ficha aparte por mandato explícito del canon, que conserva la diferencia y prohíbe declararla el mismo objeto que la barca de iniciación: esta cuelga en el centro de la vivienda ceremonial, se percute con dos percutores y su golpe sirvió para comunicar a distancia la presencia de un animal peligroso. Aparece en los dos relatos del ciclo."
"wounaan","lideresa-de-la-rogativa","Mujer que lidera el ruego","personaje","1","","2","","Conduce la ceremonia en los dos relatos del ciclo: ocupa el centro y golpea la barca con dos percutores mientras las demás mujeres se reúnen alrededor. Está en los prompts de ambas páginas. El liderazgo femenino es el dato que la fuente comunitaria subraya y la hoja tiene que sostenerlo."
"wounaan","cuatro-flautistas","Cuatro hombres que acompañan con flautas","colectivo","1","","2","","Reaparecen en los dos relatos del ciclo con un dato preciso y repetido: son cuatro y tocan flautas o carrizos de diferentes tamaños. Están en los prompts de ambas páginas. Gramática de conjunto, no cuatro retratos."
"wounaan","flautas-y-carrizos","Flautas o carrizos de diferentes tamaños","objeto","1","","2","","Reaparecen en los dos relatos y tienen organología documentada: cuatro tamaños distintos. No son utilería porque el relato hace de su pérdida un hecho narrado: el desplazamiento se llevó los instrumentos y los materiales para fabricar los carrizos."
"wounaan","vivienda-ceremonial","Vivienda ceremonial de la rogativa","arquitectura","1","","2","","Escenario del acto en los dos relatos del ciclo y no intercambiable con la casa común: es el lugar propio que la comunidad necesitaba, con la barca colgada en el centro, las mujeres alrededor y los hombres más afuera. El relato registra además que se perdió y que la rogativa continuó en una casa que no había sido construida para ella; el modelo espacial debe poder mostrar las dos situaciones."
"wounaan","sueno-de-los-antepasados","Sueño que comunica los motivos","fenomeno","1","","2","","Es el objeto por el que se cuenta el relato y reaparece en el otro: por él los antepasados hacen saber que hay que reunirse, y por él se forma el benkhuun. Los dos prompts lo resuelven como ondas abstractas sobre un río nocturno, no como visión figurativa, y la regla del fenómeno existe para mantener esa abstracción."
"wounaan","weguer-werregue","Weguer o wérregue, palma espinosa","planta","1","","1","","Es el objeto por el que se cuenta el relato: la palma que Dosat hace frente al chontaduro de Ewandam, espinosa, con un cogollo que guarda fibras largas y resistentes. Está en los dos prompts. Las grafías weguer, wérregue, werregue y güérregue son de documentos distintos y no son plantas diferentes."
"wounaan","canasto-de-werregue","Canasto tejido en rollo de wérregue","objeto","1","","1","","Ficha con una restricción dura, y esa restricción es su razón de ser: se usa la forma documentada de la pieza —silueta, proporción, tejido en rollo, espiral— y jamás un patrón real, porque los diseños de la cestería werregue son identidad y son sustento de las artesanas. La hoja debe llevar escrita esa prohibición para que ningún prompt posterior la pierda."
"wounaan","chontaduro","Chontaduro","planta","1","","1","","Es el término de comparación sin el cual el weguer no se entiende: Ewandam lo crea y Dosat responde con la palma espinosa; el chontaduro sigue dando fruto y el weguer da fibra. Está en el prompt horizontal. Sin las dos palmas juntas la competencia se vuelve genérica."
"wounaan","plantas-contrastantes-platano-y-cana","Plátano de Dios y platanillo, caña de azúcar y caña brava","planta","1","","1","","Una sola lámina comparativa para los dos primeros pares. El canon insiste en conservar las parejas nombradas para que el episodio no se vuelva una competencia creadora genérica, pero el relato nunca las escenifica por separado: lo que hace falta es poder distinguir la planta de Ewandam de la respuesta de Dosat en un mismo plano."
"wounaan","prueba-de-salar-el-mar","Prueba de salar el mar","fenomeno","1","","1","","Es el desenlace de la competencia y no se reduce a sus objetos: Dosat arroja una carga entera transportada en barco y no consigue nada, y Ewandam da sal a toda el agua marina con una sola cucharada. El prompt horizontal pide exactamente esa desproporción, con la pequeña cuchara volviéndose ondas blancas. Regla de fenómeno, no bodegón."
"wounaan","anciana-madre-name","Anciana que lleva los ñames","personaje","1","","1","","Conduce el relato que lleva su nombre: llega con los ñames, obliga a comer, es enfrentada y de su cuerpo enterrado brota el cultivo. Se ficha viva y llegando con los ñames, que es exactamente lo que pide el prompt horizontal. El canon advierte que no es una diosa ni una doctrina sobre la maternidad: alimenta y amenaza a la vez."
"wounaan","name","Ñame: enredadera y raíces blancas y rojas","planta","1","","1","","Ficha botánica completa del cultivo que el relato explica: la enredadera que brota sobre la sepultura y extiende sus hojas, y las raíces grandes, unas blancas y otras rojas, que las familias reparten y siembran. Los dos colores son el detalle documentado y la hoja no puede perderlos. Es el sujeto del prompt vertical."
"wounaan","comunidad-wounaan","Comunidad Wounaan","colectivo","1","","5","","Está en los cinco relatos y absorbe a casi todo el elenco sin cuerpo propio: mujeres de la rogativa, hombres afuera, hijos de Ewandam, artesanas, padres, el joven de la lanza. Su gramática debe cerrar la puerta a la iconografía emberá y a tocados panindígenas, que es el riesgo específico de esta comunidad."
"wounaan","casa-wounaan-sobre-pilotes","Casa Wounaan sobre pilotes","arquitectura","1","","3","","Reaparece en tres relatos con cuerpo reconocible: la vivienda del río donde cuelga la barca en el prompt horizontal de la barca, la casa a la que la comunidad vuelve a reunirse tras el regreso, y la casa de Puerto Pizario donde esperan los niños. Es la arquitectura que identifica a esta comunidad y no es la vivienda ceremonial, que tiene ficha aparte."
"wounaan","rio-y-selva-del-pacifico","Ríos y selva húmeda del Pacífico","paisaje","1","","5","","Modelo de entorno de los cinco relatos: el Baudó, el Bajo San Juan y Puerto Pizario, con río nocturno, selva húmeda, orillas y relieve. Recoge también el sol y la luna, las montañas, la tierra sembrada y el sitio río abajo donde brota la enredadera, para que ninguno de esos elementos se resuelva por separado."
"wounaan","hoja_utileria_wounaan","hoja_utileria_wounaan","objeto (hoja de agrupación)","1","","5","","Los cinco objetos menores del corpus: los percutores de la rogativa, el fogón de Puerto Pizario, las herramientas que trae Dosat, la cucharada de la sal y la embarcación de la carga. Una sola hoja fija forma, escala y —en los tres últimos— la lectura de época, que es donde este corpus se puede equivocar más caro."
"yukpa","soles_hermanos","Los dos Soles hermanos (uno se vuelve Luna)","deidad_fuerza","2","luna","1","","Conducen la acción y son el sujeto del relato. Dos hermanos idénticos resueltos en una identidad; el paso a Luna está mostrado («salió de las brasas», «ascendió convertido en Luna») y cambia silueta y temperatura de luz, así que cuesta una hoja de estado."
"yukpa","kopeco","Kopeco","personaje","2","rana","1","","Prepara el engaño y desencadena todo. La transformación en rana está mostrada («la arroja al agua… allí queda convertida en rana») y cambia la silueta por completo."
"yukpa","pozo_de_brasas","El lugar de brasas","lugar","1","","1","","Escenario del acto decisivo: el Sol cae ahí y sale cambiado. No es intercambiable con el paisaje del Perijá ni con una fogata genérica."
"yukpa","serrania_del_perija","Serranía del Perijá (nacederos, quebradas, monte del Cesar)","paisaje","1","","2","","Modelo de entorno único de los dos relatos: las montañas recalentadas del primero y los valles anegados del segundo son el mismo mundo."
"yukpa","cumbres_shkhimo_y_tutarhi","Cumbres Shkhimo y Tütarhi","lugar","1","","1","","Refugio nombrado del diluvio y escenario del acto de sobrevivir. El modelo de entorno del Perijá no entrega dos cumbres verdes emergiendo sobre un mar de agua."
"yukpa","nacimiento_de_la_noche","Nacimiento de la noche y alternancia día/noche","fenomeno","1","","1","","Es aquello por lo que se cuenta el relato. La regla fija cómo lee el cielo antes (claridad continua, sin sombra) y después (dos astros separados, pausa), y evita que el ilustrador dibuje una noche cualquiera."
"yukpa","diluvio_y_oscuridad_prolongada","Diluvio: lluvia y oscuridad prolongadas","fenomeno","1","","1","","Objeto del relato. La regla debe fijar semanas o meses de lluvia con oscuridad, no una tormenta; el texto insiste en que es una de-creación parcial, no un borrón total."
"yukpa","armadillos","Armadillos que retiran las aguas","animal","1","","1","","Conducen la acción del desenlace: cavan, beben o conducen el exceso hacia abajo hasta que reaparece la tierra habitable. Una identidad de especie repetida basta; no necesita gramática de grupo."
"yukpa","gente_yukpa","Gente Yukpa (sobrevivientes y comunidad del Perijá)","colectivo","1","","2","","Los que atienden la advertencia, suben, esperan y reconstruyen. Es la gramática de grupo que fija cuerpos y vestuario para toda masa humana del corpus; sin ella cada keyframe inventa un traje."
"yukpa","vivienda_yukpa","Vivienda y parcela Yukpa","arquitectura","1","","1","","El agua «cubrió lugares habitados» y borra «las separaciones entre monte, cultivo y vivienda»: lo que se destruye y se rehace tiene que existir como modelo o el diluvio se ilustra sobre un paisaje vacío."
"zenu","mexion","Mexión","deidad_fuerza","2","thi_luna","2","","Padre creador que reparte la descendencia por el Gran Zenú y después sube al cielo convertido en Thi, la Luna. Conduce la acción en dos relatos y reaparece dando forma a la capa de caña flecha. La transformación en luna cambia la silueta por completo, así que cuesta lámina de estado."
"zenu","manexca","Manexca","deidad_fuerza","1","","1","","Madre creadora, recordada con un solo seno: rasgo documentado y distintivo que exige ficha propia y no se puede resolver como variante de Mexión."
"zenu","ninha_sol","Ninha, el Sol","deidad_fuerza","1","","1","","Hijo enviado al cielo que se vuelve Sol; su claridad seca la tierra y separa aguas dulces de saladas. La escena horizontal lo pide como disco ascendente, y su descanso es lo que produce la primera noche."
"zenu","pobladores_primeros_gran_zenu","Primeros pobladores del Gran Zenú","colectivo","1","","2","","Los descendientes que pueblan el territorio y aprenden oficios. La escena horizontal los pide como pequeños grupos humanos. Una gramática de grupo resuelve cuerpos, edades y vestuario de época para todo el corpus precolombino."
"zenu","paisaje_gran_zenu","Gran Zenú: sabanas, lomas, cerros y aguas","paisaje","1","","1","","Escenario del acto de creación: lo que la luz de Ninha revela (lomas, cerros, ríos, quebradas, arroyos, aguas dulces y saladas). No es intercambiable con el resguardo ni con el cerro, que son recortes posteriores y específicos."
"zenu","ciclo_dia_noche","Ciclo de oscuridad, luz continua y primera noche","fenomeno","2","oscuridad_primordial","1","","Es la regla por la que se cuenta el relato: sin luz, luego luz sin descanso, luego alternancia. La oscuridad total previa es una lámina distinta, no un matiz de la misma; la alternancia día/noche se resuelve en la lámina base."
"zenu","tarra","Tarra","personaje","1","","1","","Figura principal que encarga la gran capa y manda a los mensajeros. Abre la acción del relato y no se confunde con Mexión, que interviene después."
"zenu","capa_sombrero_universo","Capa de caña flecha convertida en sombrero-universo","objeto","2","capa_extendida | sombrero_con_corona_y_vueltas","1","","Es el objeto por el que se cuenta el relato. Dos formas realmente distintas: superficie plana inmensa y, tras el peso del mundo, cono abierto con corona, vueltas y ala. La ficha fija el lenguaje del trenzado sin reproducir una pinta real."
"zenu","caiman_de_oro","Caimán de oro","criatura","1","","1","","Cuerpo dorado extendido bajo el resguardo que sostiene el territorio. Las dos orientaciones documentadas (escolar y Drexler) cambian dónde cae cada parte, no la silueta del animal: una sola lámina, con la salvedad de no volverla mapa de excavación."
"zenu","resguardo_san_andres","Resguardo de San Andrés de Sotavento en corte","lugar","1","","1","","Escenario del acto: el corte transversal abstracto donde agua, sabana y asentamientos dependen de la continuidad del cuerpo enterrado. No es el paisaje genérico del Gran Zenú sino un territorio delimitado con caminos y viviendas encima."
"zenu","tofeme_mocan","Tofeme (Mocán), guerrero vigía","personaje","1","","1","","Guerrero anciano de un solo ojo que queda como vigía del cerro y lanza la señal. Conduce el relato entero. Las versiones cambian su edad y aspecto, pero es el mismo cuerpo: una lámina con el rango declarado, no una por variante."
"zenu","cerro_corcovao","Cerro Corcovao / Tofeme","paisaje","1","","2","","La altura desde la que se vigila y el punto donde crece el totumo de oro; además es uno de los extremos del cuerpo del caimán. Silueta jorobada reconocible, distinta de la sabana y de la ciénaga."
"zenu","totumo_de_oro","Totumo de oro (árbol y fruto dorado)","planta","1","","2","","Reaparece en dos relatos con cuerpo reconocible: árbol de totumo con frutos que brillan como oro. En Corcovao está en la cima y en el otro relato en el monte, pero es la misma planta; una ficha botánica cubre porte, hoja, corteza y fruto."
"zenu","trueno_y_tormenta_corcovao","Trueno seco y tormenta del Corcovao","fenomeno","2","tormenta_e_inundacion","1","","Es el objeto por el que se cuenta el relato: «Tronó Corcovao» es la señal misma. Dos fases que el relato muestra y que no se parecen en nada: relámpago seco sin lluvia sobre cielo despejado, y tormenta con el agua subiendo en la llanura."
"zenu","isla_flotante","Isla flotante","lugar","1","","1","","Refugio que aparece sólo para quien atendió la advertencia. La escena vertical la pide explícitamente y no es intercambiable con ningún paisaje ya fichado: es una masa de tierra suspendida sobre el agua crecida."
"zenu","torcora","Torcorá","criatura","1","","1","","Guardiana serpentina de la canoa; despierta cuando alguien mueve el sello. Ambas escenas la piden en forma de serpiente estilizada, que es la única forma que el módulo pone en imagen."
"zenu","canoa_encantada","Canoa encantada de La Sierpe","objeto","1","","1","","Es el objeto por el que se cuenta el relato: embarcación inmóvil que guarda una riqueza fuera de alcance. Aparece en las dos escenas, de frente y desde arriba."
"zenu","limon_de_acero","Limón de acero","objeto","1","","1","","El sello que cierra el ojo y el núcleo más estable de la tradición. Es el objeto por el que se cuenta el relato: mientras está puesto no pasa nada, y moverlo desata todo. Necesita ficha que resuelva escala, forma redonda y materialidad metálica sin volverlo un candado moderno."
"zenu","cienaga_la_sierpe","Ciénaga de La Sierpe","paisaje","1","","1","","Escenario del acto: paisaje donde río, ciénaga y camino cambian con el agua y algo puede verse cercano y quedar fuera de alcance. Distinto de la sabana seca y del monte cerrado."
"zenu","visitante_del_monte","Visitante que toma el fruto","personaje","1","","1","","Rol humano sin nombre que conduce todo el relato: toma, se pierde, devuelve, sale. Las escenas lo piden como adulto sin armas ni herramientas."
"zenu","monte_del_encanto","Monte del encanto","paisaje","1","","1","","Escenario del acto: bosque cerrado donde las marcas dejan de servir y todo sendero devuelve al mismo árbol. No es la sabana abierta ni la ciénaga; su cierre visual es lo que hace creíble el extravío."
"zenu","extravio_del_camino","Extravío: el sendero que vuelve al mismo árbol","fenomeno","1","","1","","Es el mecanismo del relato y lo que la escena horizontal pide dibujar: senderos curvos que se pliegan hasta el tronco. Sin esta regla visual el mito no se lee."
"zenu","mujer_asediada","Mujer asediada","personaje","1","","1","","Centro de la página: la escena vertical la pide dentro de la casa, acompañada. Época cordobesa de pueblo, no precolombina: nada de caña flecha ni geometría antigua en su vestuario."
"zenu","familia_de_la_casa","Familia que acompaña","colectivo","1","","1","","Los tres adultos que salen al patio, revisan el techo y mantienen las luces. Actúan y son lo único que se opone al asedio. Gramática de grupo mestiza cordobesa, separada del colectivo precolombino por época."
"zenu","vivienda_rural_cordobesa","Vivienda rural cordobesa","arquitectura","1","","1","","Escenario del acto: techo que recibe las piedras, patio vacío, puerta y umbral. La época manda aquí, es casa de pueblo cordobés y no admite iconografía precolombina."
"zenu","piedras_del_techo","Piedras sobre el techo","objeto","1","","1","","Uno de los dos motivos más constantes de la leyenda y lo que la escena horizontal pide: piedras cayendo y suspendidas. Necesita ficha que fije tamaño, número y trayectoria, porque es el cuerpo visible de un ser que no se muestra."
"zenu","risa_en_el_aire","Risa en el aire","fenomeno","1","","1","","El otro motivo constante y el que sustituye al personaje: el módulo la resuelve como curva gráfica y ondas. Es literalmente por lo que se cuenta el relato, y sin regla visual propia no hay manera de dibujarla dos veces igual."
"zenu","hoja_utileria_zenu_sustento","hoja_utileria_zenu_sustento","objeto (hoja de agrupación)","1","","5","","Cinco objetos menores del mundo precolombino zenú que nunca conducen acción: dos cultivos, una pieza de barro genérica, fibras en bruto y un recipiente de totuma. Una sola hoja fija escala, materialidad y paleta comunes. No incluye ninguna pieza de orfebrería ni ninguna pinta de caña flecha: eso es material sensible y quedó excluido. Tampoco incluye atrezo de la página mestiza de Juan Lara, que es de otra época."
